[0.264s] DEBUG:colcon:Command line arguments: ['/usr/bin/colcon', 'build']
[0.264s] DEBUG:colcon:Parsed command line arguments: Namespace(log_base=None, log_level=None, verb_name='build', build_base='build', install_base='install', merge_install=False, symlink_install=False, test_result_base=None, continue_on_error=False, executor='parallel', parallel_workers=8, event_handlers=None, ignore_user_meta=False, metas=['./colcon.meta'], base_paths=['.'], packages_ignore=None, packages_ignore_regex=None, paths=None, packages_up_to=None, packages_up_to_regex=None, packages_above=None, packages_above_and_dependencies=None, packages_above_depth=None, packages_select_by_dep=None, packages_skip_by_dep=None, packages_skip_up_to=None, packages_select_build_failed=False, packages_skip_build_finished=False, packages_select_test_failures=False, packages_skip_test_passed=False, packages_select=None, packages_skip=None, packages_select_regex=None, packages_skip_regex=None, packages_start=None, packages_end=None, cmake_args=None, cmake_target=None, cmake_target_skip_unavailable=False, cmake_clean_cache=False, cmake_clean_first=False, cmake_force_configure=False, ament_cmake_args=None, catkin_cmake_args=None, catkin_skip_building_tests=False, verb_parser=<colcon_defaults.argument_parser.defaults.DefaultArgumentsDecorator object at 0x7fbc086200>, verb_extension=<colcon_core.verb.build.BuildVerb object at 0x7fbc217970>, main=<bound method BuildVerb.main of <colcon_core.verb.build.BuildVerb object at 0x7fbc217970>>)
[0.554s] Level 1:colcon.colcon_core.package_discovery:discover_packages(colcon_meta) check parameters
[0.554s] Level 1:colcon.colcon_core.package_discovery:discover_packages(recursive) check parameters
[0.554s] Level 1:colcon.colcon_core.package_discovery:discover_packages(ignore) check parameters
[0.554s] Level 1:colcon.colcon_core.package_discovery:discover_packages(path) check parameters
[0.554s] Level 1:colcon.colcon_core.package_discovery:discover_packages(colcon_meta) discover
[0.554s] Level 1:colcon.colcon_core.package_discovery:discover_packages(recursive) discover
[0.554s] INFO:colcon.colcon_core.package_discovery:Crawling recursively for packages in '/home/orangepi/Robot_Project/AMR_Robot/amr_robot'
[0.554s] Level 1:colcon.colcon_core.package_identification:_identify(.) by extensions ['ignore', 'ignore_ament_install']
[0.555s] Level 1:colcon.colcon_core.package_identification:_identify(.) by extension 'ignore'
[0.555s] Level 1:colcon.colcon_core.package_identification:_identify(.) by extension 'ignore_ament_install'
[0.555s] Level 1:colcon.colcon_core.package_identification:_identify(.) by extensions ['colcon_pkg']
[0.555s] Level 1:colcon.colcon_core.package_identification:_identify(.) by extension 'colcon_pkg'
[0.555s] Level 1:colcon.colcon_core.package_identification:_identify(.) by extensions ['colcon_meta']
[0.555s] Level 1:colcon.colcon_core.package_identification:_identify(.) by extension 'colcon_meta'
[0.555s] Level 1:colcon.colcon_core.package_identification:_identify(.) by extensions ['ros']
[0.555s] Level 1:colcon.colcon_core.package_identification:_identify(.) by extension 'ros'
[0.575s] Level 1:colcon.colcon_core.package_identification:_identify(.) by extensions ['cmake', 'python']
[0.575s] Level 1:colcon.colcon_core.package_identification:_identify(.) by extension 'cmake'
[0.575s] Level 1:colcon.colcon_core.package_identification:_identify(.) by extension 'python'
[0.575s] Level 1:colcon.colcon_core.package_identification:_identify(.) by extensions ['python_setup_py']
[0.575s] Level 1:colcon.colcon_core.package_identification:_identify(.) by extension 'python_setup_py'
[0.575s] Level 1:colcon.colcon_core.package_identification:_identify(build) by extensions ['ignore', 'ignore_ament_install']
[0.576s] Level 1:colcon.colcon_core.package_identification:_identify(build) by extension 'ignore'
[0.576s] Level 1:colcon.colcon_core.package_identification:_identify(build) ignored
[0.576s] Level 1:colcon.colcon_core.package_identification:_identify(install) by extensions ['ignore', 'ignore_ament_install']
[0.576s] Level 1:colcon.colcon_core.package_identification:_identify(install) by extension 'ignore'
[0.576s] Level 1:colcon.colcon_core.package_identification:_identify(install) ignored
[0.576s] Level 1:colcon.colcon_core.package_identification:_identify(log) by extensions ['ignore', 'ignore_ament_install']
[0.576s] Level 1:colcon.colcon_core.package_identification:_identify(log) by extension 'ignore'
[0.577s] Level 1:colcon.colcon_core.package_identification:_identify(log) ignored
[0.577s] Level 1:colcon.colcon_core.package_identification:_identify(src) by extensions ['ignore', 'ignore_ament_install']
[0.577s] Level 1:colcon.colcon_core.package_identification:_identify(src) by extension 'ignore'
[0.577s] Level 1:colcon.colcon_core.package_identification:_identify(src) by extension 'ignore_ament_install'
[0.577s] Level 1:colcon.colcon_core.package_identification:_identify(src) by extensions ['colcon_pkg']
[0.577s] Level 1:colcon.colcon_core.package_identification:_identify(src) by extension 'colcon_pkg'
[0.577s] Level 1:colcon.colcon_core.package_identification:_identify(src) by extensions ['colcon_meta']
[0.577s] Level 1:colcon.colcon_core.package_identification:_identify(src) by extension 'colcon_meta'
[0.577s] Level 1:colcon.colcon_core.package_identification:_identify(src) by extensions ['ros']
[0.577s] Level 1:colcon.colcon_core.package_identification:_identify(src) by extension 'ros'
[0.577s] Level 1:colcon.colcon_core.package_identification:_identify(src) by extensions ['cmake', 'python']
[0.577s] Level 1:colcon.colcon_core.package_identification:_identify(src) by extension 'cmake'
[0.577s] Level 1:colcon.colcon_core.package_identification:_identify(src) by extension 'python'
[0.577s] Level 1:colcon.colcon_core.package_identification:_identify(src) by extensions ['python_setup_py']
[0.578s] Level 1:colcon.colcon_core.package_identification:_identify(src) by extension 'python_setup_py'
[0.578s] Level 1:colcon.colcon_core.package_identification:_identify(src/amr_reality_pkg) by extensions ['ignore', 'ignore_ament_install']
[0.578s] Level 1:colcon.colcon_core.package_identification:_identify(src/amr_reality_pkg) by extension 'ignore'
[0.578s] Level 1:colcon.colcon_core.package_identification:_identify(src/amr_reality_pkg) by extension 'ignore_ament_install'
[0.578s] Level 1:colcon.colcon_core.package_identification:_identify(src/amr_reality_pkg) by extensions ['colcon_pkg']
[0.578s] Level 1:colcon.colcon_core.package_identification:_identify(src/amr_reality_pkg) by extension 'colcon_pkg'
[0.578s] Level 1:colcon.colcon_core.package_identification:_identify(src/amr_reality_pkg) by extensions ['colcon_meta']
[0.578s] Level 1:colcon.colcon_core.package_identification:_identify(src/amr_reality_pkg) by extension 'colcon_meta'
[0.578s] Level 1:colcon.colcon_core.package_identification:_identify(src/amr_reality_pkg) by extensions ['ros']
[0.578s] Level 1:colcon.colcon_core.package_identification:_identify(src/amr_reality_pkg) by extension 'ros'
[0.591s] DEBUG:colcon.colcon_core.package_identification:Package 'src/amr_reality_pkg' with type 'ros.ament_cmake' and name 'amr_reality_pkg'
[0.591s] Level 1:colcon.colcon_core.package_identification:_identify(src/amr_sim_pkg) by extensions ['ignore', 'ignore_ament_install']
[0.591s] Level 1:colcon.colcon_core.package_identification:_identify(src/amr_sim_pkg) by extension 'ignore'
[0.591s] Level 1:colcon.colcon_core.package_identification:_identify(src/amr_sim_pkg) by extension 'ignore_ament_install'
[0.592s] Level 1:colcon.colcon_core.package_identification:_identify(src/amr_sim_pkg) by extensions ['colcon_pkg']
[0.592s] Level 1:colcon.colcon_core.package_identification:_identify(src/amr_sim_pkg) by extension 'colcon_pkg'
[0.592s] Level 1:colcon.colcon_core.package_identification:_identify(src/amr_sim_pkg) by extensions ['colcon_meta']
[0.592s] Level 1:colcon.colcon_core.package_identification:_identify(src/amr_sim_pkg) by extension 'colcon_meta'
[0.592s] Level 1:colcon.colcon_core.package_identification:_identify(src/amr_sim_pkg) by extensions ['ros']
[0.592s] Level 1:colcon.colcon_core.package_identification:_identify(src/amr_sim_pkg) by extension 'ros'
[0.594s] DEBUG:colcon.colcon_core.package_identification:Package 'src/amr_sim_pkg' with type 'ros.ament_cmake' and name 'amr_sim_pkg'
[0.595s] Level 1:colcon.colcon_core.package_identification:_identify(src/csm) by extensions ['ignore', 'ignore_ament_install']
[0.595s] Level 1:colcon.colcon_core.package_identification:_identify(src/csm) by extension 'ignore'
[0.595s] Level 1:colcon.colcon_core.package_identification:_identify(src/csm) by extension 'ignore_ament_install'
[0.595s] Level 1:colcon.colcon_core.package_identification:_identify(src/csm) by extensions ['colcon_pkg']
[0.595s] Level 1:colcon.colcon_core.package_identification:_identify(src/csm) by extension 'colcon_pkg'
[0.595s] Level 1:colcon.colcon_core.package_identification:_identify(src/csm) by extensions ['colcon_meta']
[0.595s] Level 1:colcon.colcon_core.package_identification:_identify(src/csm) by extension 'colcon_meta'
[0.596s] Level 1:colcon.colcon_core.package_identification:_identify(src/csm) by extensions ['ros']
[0.596s] Level 1:colcon.colcon_core.package_identification:_identify(src/csm) by extension 'ros'
[0.598s] DEBUG:colcon.colcon_core.package_identification:Package 'src/csm' with type 'ros.ament_cmake' and name 'csm'
[0.598s] Level 1:colcon.colcon_core.package_identification:_identify(src/laser_filters) by extensions ['ignore', 'ignore_ament_install']
[0.598s] Level 1:colcon.colcon_core.package_identification:_identify(src/laser_filters) by extension 'ignore'
[0.598s] Level 1:colcon.colcon_core.package_identification:_identify(src/laser_filters) by extension 'ignore_ament_install'
[0.599s] Level 1:colcon.colcon_core.package_identification:_identify(src/laser_filters) by extensions ['colcon_pkg']
[0.599s] Level 1:colcon.colcon_core.package_identification:_identify(src/laser_filters) by extension 'colcon_pkg'
[0.599s] Level 1:colcon.colcon_core.package_identification:_identify(src/laser_filters) by extensions ['colcon_meta']
[0.599s] Level 1:colcon.colcon_core.package_identification:_identify(src/laser_filters) by extension 'colcon_meta'
[0.599s] Level 1:colcon.colcon_core.package_identification:_identify(src/laser_filters) by extensions ['ros']
[0.599s] Level 1:colcon.colcon_core.package_identification:_identify(src/laser_filters) by extension 'ros'
[0.602s] DEBUG:colcon.colcon_core.package_identification:Package 'src/laser_filters' with type 'ros.ament_cmake' and name 'laser_filters'
[0.602s] Level 1:colcon.colcon_core.package_identification:_identify(src/plicp_map_matcher) by extensions ['ignore', 'ignore_ament_install']
[0.602s] Level 1:colcon.colcon_core.package_identification:_identify(src/plicp_map_matcher) by extension 'ignore'
[0.602s] Level 1:colcon.colcon_core.package_identification:_identify(src/plicp_map_matcher) by extension 'ignore_ament_install'
[0.602s] Level 1:colcon.colcon_core.package_identification:_identify(src/plicp_map_matcher) by extensions ['colcon_pkg']
[0.603s] Level 1:colcon.colcon_core.package_identification:_identify(src/plicp_map_matcher) by extension 'colcon_pkg'
[0.603s] Level 1:colcon.colcon_core.package_identification:_identify(src/plicp_map_matcher) by extensions ['colcon_meta']
[0.603s] Level 1:colcon.colcon_core.package_identification:_identify(src/plicp_map_matcher) by extension 'colcon_meta'
[0.603s] Level 1:colcon.colcon_core.package_identification:_identify(src/plicp_map_matcher) by extensions ['ros']
[0.603s] Level 1:colcon.colcon_core.package_identification:_identify(src/plicp_map_matcher) by extension 'ros'
[0.605s] DEBUG:colcon.colcon_core.package_identification:Package 'src/plicp_map_matcher' with type 'ros.ament_cmake' and name 'plicp_map_matcher'
[0.605s] Level 1:colcon.colcon_core.package_identification:_identify(src/rf2o_laser_odometry) by extensions ['ignore', 'ignore_ament_install']
[0.605s] Level 1:colcon.colcon_core.package_identification:_identify(src/rf2o_laser_odometry) by extension 'ignore'
[0.605s] Level 1:colcon.colcon_core.package_identification:_identify(src/rf2o_laser_odometry) by extension 'ignore_ament_install'
[0.605s] Level 1:colcon.colcon_core.package_identification:_identify(src/rf2o_laser_odometry) by extensions ['colcon_pkg']
[0.605s] Level 1:colcon.colcon_core.package_identification:_identify(src/rf2o_laser_odometry) by extension 'colcon_pkg'
[0.605s] Level 1:colcon.colcon_core.package_identification:_identify(src/rf2o_laser_odometry) by extensions ['colcon_meta']
[0.605s] Level 1:colcon.colcon_core.package_identification:_identify(src/rf2o_laser_odometry) by extension 'colcon_meta'
[0.605s] Level 1:colcon.colcon_core.package_identification:_identify(src/rf2o_laser_odometry) by extensions ['ros']
[0.605s] Level 1:colcon.colcon_core.package_identification:_identify(src/rf2o_laser_odometry) by extension 'ros'
[0.609s] DEBUG:colcon.colcon_core.package_identification:Package 'src/rf2o_laser_odometry' with type 'ros.ament_cmake' and name 'rf2o_laser_odometry'
[0.609s] Level 1:colcon.colcon_core.package_identification:_identify(src/ros2_laser_scan_matcher) by extensions ['ignore', 'ignore_ament_install']
[0.609s] Level 1:colcon.colcon_core.package_identification:_identify(src/ros2_laser_scan_matcher) by extension 'ignore'
[0.609s] Level 1:colcon.colcon_core.package_identification:_identify(src/ros2_laser_scan_matcher) by extension 'ignore_ament_install'
[0.609s] Level 1:colcon.colcon_core.package_identification:_identify(src/ros2_laser_scan_matcher) by extensions ['colcon_pkg']
[0.609s] Level 1:colcon.colcon_core.package_identification:_identify(src/ros2_laser_scan_matcher) by extension 'colcon_pkg'
[0.610s] Level 1:colcon.colcon_core.package_identification:_identify(src/ros2_laser_scan_matcher) by extensions ['colcon_meta']
[0.610s] Level 1:colcon.colcon_core.package_identification:_identify(src/ros2_laser_scan_matcher) by extension 'colcon_meta'
[0.610s] Level 1:colcon.colcon_core.package_identification:_identify(src/ros2_laser_scan_matcher) by extensions ['ros']
[0.610s] Level 1:colcon.colcon_core.package_identification:_identify(src/ros2_laser_scan_matcher) by extension 'ros'
[0.611s] DEBUG:colcon.colcon_core.package_identification:Package 'src/ros2_laser_scan_matcher' with type 'ros.ament_cmake' and name 'ros2_laser_scan_matcher'
[0.611s] Level 1:colcon.colcon_core.package_identification:_identify(src/sllidar_ros2) by extensions ['ignore', 'ignore_ament_install']
[0.611s] Level 1:colcon.colcon_core.package_identification:_identify(src/sllidar_ros2) by extension 'ignore'
[0.611s] Level 1:colcon.colcon_core.package_identification:_identify(src/sllidar_ros2) by extension 'ignore_ament_install'
[0.612s] Level 1:colcon.colcon_core.package_identification:_identify(src/sllidar_ros2) by extensions ['colcon_pkg']
[0.612s] Level 1:colcon.colcon_core.package_identification:_identify(src/sllidar_ros2) by extension 'colcon_pkg'
[0.612s] Level 1:colcon.colcon_core.package_identification:_identify(src/sllidar_ros2) by extensions ['colcon_meta']
[0.612s] Level 1:colcon.colcon_core.package_identification:_identify(src/sllidar_ros2) by extension 'colcon_meta'
[0.612s] Level 1:colcon.colcon_core.package_identification:_identify(src/sllidar_ros2) by extensions ['ros']
[0.612s] Level 1:colcon.colcon_core.package_identification:_identify(src/sllidar_ros2) by extension 'ros'
[0.613s] DEBUG:colcon.colcon_core.package_identification:Package 'src/sllidar_ros2' with type 'ros.ament_cmake' and name 'sllidar_ros2'
[0.613s] Level 1:colcon.colcon_core.package_discovery:discover_packages(recursive) using defaults
[0.613s] Level 1:colcon.colcon_core.package_discovery:discover_packages(ignore) discover
[0.613s] Level 1:colcon.colcon_core.package_discovery:discover_packages(ignore) using defaults
[0.613s] Level 1:colcon.colcon_core.package_discovery:discover_packages(path) discover
[0.613s] Level 1:colcon.colcon_core.package_discovery:discover_packages(path) using defaults
[0.652s] Level 5:colcon.colcon_core.verb:set package 'amr_reality_pkg' build argument 'cmake_args' from command line to 'None'
[0.652s] Level 5:colcon.colcon_core.verb:set package 'amr_reality_pkg' build argument 'cmake_target' from command line to 'None'
[0.652s] Level 5:colcon.colcon_core.verb:set package 'amr_reality_pkg' build argument 'cmake_target_skip_unavailable' from command line to 'False'
[0.652s] Level 5:colcon.colcon_core.verb:set package 'amr_reality_pkg' build argument 'cmake_clean_cache' from command line to 'False'
[0.652s] Level 5:colcon.colcon_core.verb:set package 'amr_reality_pkg' build argument 'cmake_clean_first' from command line to 'False'
[0.652s] Level 5:colcon.colcon_core.verb:set package 'amr_reality_pkg' build argument 'cmake_force_configure' from command line to 'False'
[0.653s] Level 5:colcon.colcon_core.verb:set package 'amr_reality_pkg' build argument 'ament_cmake_args' from command line to 'None'
[0.653s] Level 5:colcon.colcon_core.verb:set package 'amr_reality_pkg' build argument 'catkin_cmake_args' from command line to 'None'
[0.653s] Level 5:colcon.colcon_core.verb:set package 'amr_reality_pkg' build argument 'catkin_skip_building_tests' from command line to 'False'
[0.653s] DEBUG:colcon.colcon_core.verb:Building package 'amr_reality_pkg' with the following arguments: {'ament_cmake_args': None, 'build_base': '/home/orangepi/Robot_Project/AMR_Robot/amr_robot/build/amr_reality_pkg', 'catkin_cmake_args': None, 'catkin_skip_building_tests': False, 'cmake_args': None, 'cmake_clean_cache': False, 'cmake_clean_first': False, 'cmake_force_configure': False, 'cmake_target': None, 'cmake_target_skip_unavailable': False, 'install_base': '/home/orangepi/Robot_Project/AMR_Robot/amr_robot/install/amr_reality_pkg', 'merge_install': False, 'path': '/home/orangepi/Robot_Project/AMR_Robot/amr_robot/src/amr_reality_pkg', 'symlink_install': False, 'test_result_base': None}
[0.653s] Level 5:colcon.colcon_core.verb:set package 'amr_sim_pkg' build argument 'cmake_args' from command line to 'None'
[0.653s] Level 5:colcon.colcon_core.verb:set package 'amr_sim_pkg' build argument 'cmake_target' from command line to 'None'
[0.653s] Level 5:colcon.colcon_core.verb:set package 'amr_sim_pkg' build argument 'cmake_target_skip_unavailable' from command line to 'False'
[0.653s] Level 5:colcon.colcon_core.verb:set package 'amr_sim_pkg' build argument 'cmake_clean_cache' from command line to 'False'
[0.653s] Level 5:colcon.colcon_core.verb:set package 'amr_sim_pkg' build argument 'cmake_clean_first' from command line to 'False'
[0.653s] Level 5:colcon.colcon_core.verb:set package 'amr_sim_pkg' build argument 'cmake_force_configure' from command line to 'False'
[0.653s] Level 5:colcon.colcon_core.verb:set package 'amr_sim_pkg' build argument 'ament_cmake_args' from command line to 'None'
[0.654s] Level 5:colcon.colcon_core.verb:set package 'amr_sim_pkg' build argument 'catkin_cmake_args' from command line to 'None'
[0.654s] Level 5:colcon.colcon_core.verb:set package 'amr_sim_pkg' build argument 'catkin_skip_building_tests' from command line to 'False'
[0.654s] DEBUG:colcon.colcon_core.verb:Building package 'amr_sim_pkg' with the following arguments: {'ament_cmake_args': None, 'build_base': '/home/orangepi/Robot_Project/AMR_Robot/amr_robot/build/amr_sim_pkg', 'catkin_cmake_args': None, 'catkin_skip_building_tests': False, 'cmake_args': None, 'cmake_clean_cache': False, 'cmake_clean_first': False, 'cmake_force_configure': False, 'cmake_target': None, 'cmake_target_skip_unavailable': False, 'install_base': '/home/orangepi/Robot_Project/AMR_Robot/amr_robot/install/amr_sim_pkg', 'merge_install': False, 'path': '/home/orangepi/Robot_Project/AMR_Robot/amr_robot/src/amr_sim_pkg', 'symlink_install': False, 'test_result_base': None}
[0.654s] Level 5:colcon.colcon_core.verb:set package 'csm' build argument 'cmake_args' from command line to 'None'
[0.654s] Level 5:colcon.colcon_core.verb:set package 'csm' build argument 'cmake_target' from command line to 'None'
[0.654s] Level 5:colcon.colcon_core.verb:set package 'csm' build argument 'cmake_target_skip_unavailable' from command line to 'False'
[0.654s] Level 5:colcon.colcon_core.verb:set package 'csm' build argument 'cmake_clean_cache' from command line to 'False'
[0.654s] Level 5:colcon.colcon_core.verb:set package 'csm' build argument 'cmake_clean_first' from command line to 'False'
[0.654s] Level 5:colcon.colcon_core.verb:set package 'csm' build argument 'cmake_force_configure' from command line to 'False'
[0.654s] Level 5:colcon.colcon_core.verb:set package 'csm' build argument 'ament_cmake_args' from command line to 'None'
[0.654s] Level 5:colcon.colcon_core.verb:set package 'csm' build argument 'catkin_cmake_args' from command line to 'None'
[0.654s] Level 5:colcon.colcon_core.verb:set package 'csm' build argument 'catkin_skip_building_tests' from command line to 'False'
[0.654s] DEBUG:colcon.colcon_core.verb:Building package 'csm' with the following arguments: {'ament_cmake_args': None, 'build_base': '/home/orangepi/Robot_Project/AMR_Robot/amr_robot/build/csm', 'catkin_cmake_args': None, 'catkin_skip_building_tests': False, 'cmake_args': None, 'cmake_clean_cache': False, 'cmake_clean_first': False, 'cmake_force_configure': False, 'cmake_target': None, 'cmake_target_skip_unavailable': False, 'install_base': '/home/orangepi/Robot_Project/AMR_Robot/amr_robot/install/csm', 'merge_install': False, 'path': '/home/orangepi/Robot_Project/AMR_Robot/amr_robot/src/csm', 'symlink_install': False, 'test_result_base': None}
[0.655s] Level 5:colcon.colcon_core.verb:set package 'laser_filters' build argument 'cmake_args' from command line to 'None'
[0.655s] Level 5:colcon.colcon_core.verb:set package 'laser_filters' build argument 'cmake_target' from command line to 'None'
[0.655s] Level 5:colcon.colcon_core.verb:set package 'laser_filters' build argument 'cmake_target_skip_unavailable' from command line to 'False'
[0.655s] Level 5:colcon.colcon_core.verb:set package 'laser_filters' build argument 'cmake_clean_cache' from command line to 'False'
[0.655s] Level 5:colcon.colcon_core.verb:set package 'laser_filters' build argument 'cmake_clean_first' from command line to 'False'
[0.655s] Level 5:colcon.colcon_core.verb:set package 'laser_filters' build argument 'cmake_force_configure' from command line to 'False'
[0.655s] Level 5:colcon.colcon_core.verb:set package 'laser_filters' build argument 'ament_cmake_args' from command line to 'None'
[0.655s] Level 5:colcon.colcon_core.verb:set package 'laser_filters' build argument 'catkin_cmake_args' from command line to 'None'
[0.655s] Level 5:colcon.colcon_core.verb:set package 'laser_filters' build argument 'catkin_skip_building_tests' from command line to 'False'
[0.655s] DEBUG:colcon.colcon_core.verb:Building package 'laser_filters' with the following arguments: {'ament_cmake_args': None, 'build_base': '/home/orangepi/Robot_Project/AMR_Robot/amr_robot/build/laser_filters', 'catkin_cmake_args': None, 'catkin_skip_building_tests': False, 'cmake_args': None, 'cmake_clean_cache': False, 'cmake_clean_first': False, 'cmake_force_configure': False, 'cmake_target': None, 'cmake_target_skip_unavailable': False, 'install_base': '/home/orangepi/Robot_Project/AMR_Robot/amr_robot/install/laser_filters', 'merge_install': False, 'path': '/home/orangepi/Robot_Project/AMR_Robot/amr_robot/src/laser_filters', 'symlink_install': False, 'test_result_base': None}
[0.655s] Level 5:colcon.colcon_core.verb:set package 'rf2o_laser_odometry' build argument 'cmake_args' from command line to 'None'
[0.655s] Level 5:colcon.colcon_core.verb:set package 'rf2o_laser_odometry' build argument 'cmake_target' from command line to 'None'
[0.655s] Level 5:colcon.colcon_core.verb:set package 'rf2o_laser_odometry' build argument 'cmake_target_skip_unavailable' from command line to 'False'
[0.656s] Level 5:colcon.colcon_core.verb:set package 'rf2o_laser_odometry' build argument 'cmake_clean_cache' from command line to 'False'
[0.656s] Level 5:colcon.colcon_core.verb:set package 'rf2o_laser_odometry' build argument 'cmake_clean_first' from command line to 'False'
[0.656s] Level 5:colcon.colcon_core.verb:set package 'rf2o_laser_odometry' build argument 'cmake_force_configure' from command line to 'False'
[0.656s] Level 5:colcon.colcon_core.verb:set package 'rf2o_laser_odometry' build argument 'ament_cmake_args' from command line to 'None'
[0.656s] Level 5:colcon.colcon_core.verb:set package 'rf2o_laser_odometry' build argument 'catkin_cmake_args' from command line to 'None'
[0.656s] Level 5:colcon.colcon_core.verb:set package 'rf2o_laser_odometry' build argument 'catkin_skip_building_tests' from command line to 'False'
[0.656s] DEBUG:colcon.colcon_core.verb:Building package 'rf2o_laser_odometry' with the following arguments: {'ament_cmake_args': None, 'build_base': '/home/orangepi/Robot_Project/AMR_Robot/amr_robot/build/rf2o_laser_odometry', 'catkin_cmake_args': None, 'catkin_skip_building_tests': False, 'cmake_args': None, 'cmake_clean_cache': False, 'cmake_clean_first': False, 'cmake_force_configure': False, 'cmake_target': None, 'cmake_target_skip_unavailable': False, 'install_base': '/home/orangepi/Robot_Project/AMR_Robot/amr_robot/install/rf2o_laser_odometry', 'merge_install': False, 'path': '/home/orangepi/Robot_Project/AMR_Robot/amr_robot/src/rf2o_laser_odometry', 'symlink_install': False, 'test_result_base': None}
[0.656s] Level 5:colcon.colcon_core.verb:set package 'sllidar_ros2' build argument 'cmake_args' from command line to 'None'
[0.656s] Level 5:colcon.colcon_core.verb:set package 'sllidar_ros2' build argument 'cmake_target' from command line to 'None'
[0.656s] Level 5:colcon.colcon_core.verb:set package 'sllidar_ros2' build argument 'cmake_target_skip_unavailable' from command line to 'False'
[0.656s] Level 5:colcon.colcon_core.verb:set package 'sllidar_ros2' build argument 'cmake_clean_cache' from command line to 'False'
[0.656s] Level 5:colcon.colcon_core.verb:set package 'sllidar_ros2' build argument 'cmake_clean_first' from command line to 'False'
[0.656s] Level 5:colcon.colcon_core.verb:set package 'sllidar_ros2' build argument 'cmake_force_configure' from command line to 'False'
[0.656s] Level 5:colcon.colcon_core.verb:set package 'sllidar_ros2' build argument 'ament_cmake_args' from command line to 'None'
[0.656s] Level 5:colcon.colcon_core.verb:set package 'sllidar_ros2' build argument 'catkin_cmake_args' from command line to 'None'
[0.656s] Level 5:colcon.colcon_core.verb:set package 'sllidar_ros2' build argument 'catkin_skip_building_tests' from command line to 'False'
[0.656s] DEBUG:colcon.colcon_core.verb:Building package 'sllidar_ros2' with the following arguments: {'ament_cmake_args': None, 'build_base': '/home/orangepi/Robot_Project/AMR_Robot/amr_robot/build/sllidar_ros2', 'catkin_cmake_args': None, 'catkin_skip_building_tests': False, 'cmake_args': None, 'cmake_clean_cache': False, 'cmake_clean_first': False, 'cmake_force_configure': False, 'cmake_target': None, 'cmake_target_skip_unavailable': False, 'install_base': '/home/orangepi/Robot_Project/AMR_Robot/amr_robot/install/sllidar_ros2', 'merge_install': False, 'path': '/home/orangepi/Robot_Project/AMR_Robot/amr_robot/src/sllidar_ros2', 'symlink_install': False, 'test_result_base': None}
[0.657s] Level 5:colcon.colcon_core.verb:set package 'plicp_map_matcher' build argument 'cmake_args' from command line to 'None'
[0.657s] Level 5:colcon.colcon_core.verb:set package 'plicp_map_matcher' build argument 'cmake_target' from command line to 'None'
[0.657s] Level 5:colcon.colcon_core.verb:set package 'plicp_map_matcher' build argument 'cmake_target_skip_unavailable' from command line to 'False'
[0.657s] Level 5:colcon.colcon_core.verb:set package 'plicp_map_matcher' build argument 'cmake_clean_cache' from command line to 'False'
[0.657s] Level 5:colcon.colcon_core.verb:set package 'plicp_map_matcher' build argument 'cmake_clean_first' from command line to 'False'
[0.657s] Level 5:colcon.colcon_core.verb:set package 'plicp_map_matcher' build argument 'cmake_force_configure' from command line to 'False'
[0.657s] Level 5:colcon.colcon_core.verb:set package 'plicp_map_matcher' build argument 'ament_cmake_args' from command line to 'None'
[0.657s] Level 5:colcon.colcon_core.verb:set package 'plicp_map_matcher' build argument 'catkin_cmake_args' from command line to 'None'
[0.657s] Level 5:colcon.colcon_core.verb:set package 'plicp_map_matcher' build argument 'catkin_skip_building_tests' from command line to 'False'
[0.657s] DEBUG:colcon.colcon_core.verb:Building package 'plicp_map_matcher' with the following arguments: {'ament_cmake_args': None, 'build_base': '/home/orangepi/Robot_Project/AMR_Robot/amr_robot/build/plicp_map_matcher', 'catkin_cmake_args': None, 'catkin_skip_building_tests': False, 'cmake_args': None, 'cmake_clean_cache': False, 'cmake_clean_first': False, 'cmake_force_configure': False, 'cmake_target': None, 'cmake_target_skip_unavailable': False, 'install_base': '/home/orangepi/Robot_Project/AMR_Robot/amr_robot/install/plicp_map_matcher', 'merge_install': False, 'path': '/home/orangepi/Robot_Project/AMR_Robot/amr_robot/src/plicp_map_matcher', 'symlink_install': False, 'test_result_base': None}
[0.658s] Level 5:colcon.colcon_core.verb:set package 'ros2_laser_scan_matcher' build argument 'cmake_args' from command line to 'None'
[0.658s] Level 5:colcon.colcon_core.verb:set package 'ros2_laser_scan_matcher' build argument 'cmake_target' from command line to 'None'
[0.658s] Level 5:colcon.colcon_core.verb:set package 'ros2_laser_scan_matcher' build argument 'cmake_target_skip_unavailable' from command line to 'False'
[0.658s] Level 5:colcon.colcon_core.verb:set package 'ros2_laser_scan_matcher' build argument 'cmake_clean_cache' from command line to 'False'
[0.658s] Level 5:colcon.colcon_core.verb:set package 'ros2_laser_scan_matcher' build argument 'cmake_clean_first' from command line to 'False'
[0.658s] Level 5:colcon.colcon_core.verb:set package 'ros2_laser_scan_matcher' build argument 'cmake_force_configure' from command line to 'False'
[0.658s] Level 5:colcon.colcon_core.verb:set package 'ros2_laser_scan_matcher' build argument 'ament_cmake_args' from command line to 'None'
[0.658s] Level 5:colcon.colcon_core.verb:set package 'ros2_laser_scan_matcher' build argument 'catkin_cmake_args' from command line to 'None'
[0.658s] Level 5:colcon.colcon_core.verb:set package 'ros2_laser_scan_matcher' build argument 'catkin_skip_building_tests' from command line to 'False'
[0.658s] DEBUG:colcon.colcon_core.verb:Building package 'ros2_laser_scan_matcher' with the following arguments: {'ament_cmake_args': None, 'build_base': '/home/orangepi/Robot_Project/AMR_Robot/amr_robot/build/ros2_laser_scan_matcher', 'catkin_cmake_args': None, 'catkin_skip_building_tests': False, 'cmake_args': None, 'cmake_clean_cache': False, 'cmake_clean_first': False, 'cmake_force_configure': False, 'cmake_target': None, 'cmake_target_skip_unavailable': False, 'install_base': '/home/orangepi/Robot_Project/AMR_Robot/amr_robot/install/ros2_laser_scan_matcher', 'merge_install': False, 'path': '/home/orangepi/Robot_Project/AMR_Robot/amr_robot/src/ros2_laser_scan_matcher', 'symlink_install': False, 'test_result_base': None}
[0.658s] INFO:colcon.colcon_core.executor:Executing jobs using 'parallel' executor
[0.660s] DEBUG:colcon.colcon_parallel_executor.executor.parallel:run_until_complete
[0.661s] INFO:colcon.colcon_ros.task.ament_cmake.build:Building ROS package in '/home/orangepi/Robot_Project/AMR_Robot/amr_robot/src/csm' with build type 'ament_cmake'
[0.662s] INFO:colcon.colcon_cmake.task.cmake.build:Building CMake package in '/home/orangepi/Robot_Project/AMR_Robot/amr_robot/src/csm'
[0.668s] INFO:colcon.colcon_core.plugin_system:Skipping extension 'colcon_core.shell.bat': Not used on non-Windows systems
[0.668s] INFO:colcon.colcon_core.shell:Skip shell extension 'powershell' for command environment: Not usable outside of PowerShell
[0.668s] DEBUG:colcon.colcon_core.shell:Skip shell extension 'dsv' for command environment
[0.678s] INFO:colcon.colcon_ros.task.ament_cmake.build:Building ROS package in '/home/orangepi/Robot_Project/AMR_Robot/amr_robot/src/amr_reality_pkg' with build type 'ament_cmake'
[0.679s] INFO:colcon.colcon_cmake.task.cmake.build:Building CMake package in '/home/orangepi/Robot_Project/AMR_Robot/amr_robot/src/amr_reality_pkg'
[0.679s] INFO:colcon.colcon_core.shell:Skip shell extension 'powershell' for command environment: Not usable outside of PowerShell
[0.679s] DEBUG:colcon.colcon_core.shell:Skip shell extension 'dsv' for command environment
[0.685s] INFO:colcon.colcon_ros.task.ament_cmake.build:Building ROS package in '/home/orangepi/Robot_Project/AMR_Robot/amr_robot/src/amr_sim_pkg' with build type 'ament_cmake'
[0.686s] INFO:colcon.colcon_cmake.task.cmake.build:Building CMake package in '/home/orangepi/Robot_Project/AMR_Robot/amr_robot/src/amr_sim_pkg'
[0.686s] INFO:colcon.colcon_core.shell:Skip shell extension 'powershell' for command environment: Not usable outside of PowerShell
[0.686s] DEBUG:colcon.colcon_core.shell:Skip shell extension 'dsv' for command environment
[0.691s] INFO:colcon.colcon_ros.task.ament_cmake.build:Building ROS package in '/home/orangepi/Robot_Project/AMR_Robot/amr_robot/src/laser_filters' with build type 'ament_cmake'
[0.691s] INFO:colcon.colcon_cmake.task.cmake.build:Building CMake package in '/home/orangepi/Robot_Project/AMR_Robot/amr_robot/src/laser_filters'
[0.692s] INFO:colcon.colcon_core.shell:Skip shell extension 'powershell' for command environment: Not usable outside of PowerShell
[0.692s] DEBUG:colcon.colcon_core.shell:Skip shell extension 'dsv' for command environment
[0.696s] INFO:colcon.colcon_ros.task.ament_cmake.build:Building ROS package in '/home/orangepi/Robot_Project/AMR_Robot/amr_robot/src/rf2o_laser_odometry' with build type 'ament_cmake'
[0.697s] INFO:colcon.colcon_cmake.task.cmake.build:Building CMake package in '/home/orangepi/Robot_Project/AMR_Robot/amr_robot/src/rf2o_laser_odometry'
[0.697s] INFO:colcon.colcon_core.shell:Skip shell extension 'powershell' for command environment: Not usable outside of PowerShell
[0.697s] DEBUG:colcon.colcon_core.shell:Skip shell extension 'dsv' for command environment
[0.702s] INFO:colcon.colcon_ros.task.ament_cmake.build:Building ROS package in '/home/orangepi/Robot_Project/AMR_Robot/amr_robot/src/sllidar_ros2' with build type 'ament_cmake'
[0.702s] INFO:colcon.colcon_cmake.task.cmake.build:Building CMake package in '/home/orangepi/Robot_Project/AMR_Robot/amr_robot/src/sllidar_ros2'
[0.702s] INFO:colcon.colcon_core.shell:Skip shell extension 'powershell' for command environment: Not usable outside of PowerShell
[0.703s] DEBUG:colcon.colcon_core.shell:Skip shell extension 'dsv' for command environment
[0.717s] DEBUG:colcon.colcon_core.event_handler.log_command:Invoking command in '/home/orangepi/Robot_Project/AMR_Robot/amr_robot/build/csm': CMAKE_PREFIX_PATH=${CMAKE_PREFIX_PATH}:/opt/ros/humble /usr/bin/cmake /home/orangepi/Robot_Project/AMR_Robot/amr_robot/src/csm -DCMAKE_INSTALL_PREFIX=/home/orangepi/Robot_Project/AMR_Robot/amr_robot/install/csm
[0.721s] DEBUG:colcon.colcon_core.event_handler.log_command:Invoking command in '/home/orangepi/Robot_Project/AMR_Robot/amr_robot/build/amr_reality_pkg': CMAKE_PREFIX_PATH=${CMAKE_PREFIX_PATH}:/opt/ros/humble /usr/bin/cmake /home/orangepi/Robot_Project/AMR_Robot/amr_robot/src/amr_reality_pkg -DCMAKE_INSTALL_PREFIX=/home/orangepi/Robot_Project/AMR_Robot/amr_robot/install/amr_reality_pkg
[0.726s] DEBUG:colcon.colcon_core.event_handler.log_command:Invoking command in '/home/orangepi/Robot_Project/AMR_Robot/amr_robot/build/amr_sim_pkg': CMAKE_PREFIX_PATH=${CMAKE_PREFIX_PATH}:/opt/ros/humble /usr/bin/cmake /home/orangepi/Robot_Project/AMR_Robot/amr_robot/src/amr_sim_pkg -DCMAKE_INSTALL_PREFIX=/home/orangepi/Robot_Project/AMR_Robot/amr_robot/install/amr_sim_pkg
[0.731s] DEBUG:colcon.colcon_core.event_handler.log_command:Invoking command in '/home/orangepi/Robot_Project/AMR_Robot/amr_robot/build/laser_filters': CMAKE_PREFIX_PATH=${CMAKE_PREFIX_PATH}:/opt/ros/humble /usr/bin/cmake /home/orangepi/Robot_Project/AMR_Robot/amr_robot/src/laser_filters -DCMAKE_INSTALL_PREFIX=/home/orangepi/Robot_Project/AMR_Robot/amr_robot/install/laser_filters
[0.739s] DEBUG:colcon.colcon_core.event_handler.log_command:Invoking command in '/home/orangepi/Robot_Project/AMR_Robot/amr_robot/build/rf2o_laser_odometry': CMAKE_PREFIX_PATH=${CMAKE_PREFIX_PATH}:/opt/ros/humble /usr/bin/cmake /home/orangepi/Robot_Project/AMR_Robot/amr_robot/src/rf2o_laser_odometry -DCMAKE_INSTALL_PREFIX=/home/orangepi/Robot_Project/AMR_Robot/amr_robot/install/rf2o_laser_odometry
[0.750s] DEBUG:colcon.colcon_core.event_handler.log_command:Invoking command in '/home/orangepi/Robot_Project/AMR_Robot/amr_robot/build/sllidar_ros2': CMAKE_PREFIX_PATH=${CMAKE_PREFIX_PATH}:/opt/ros/humble /usr/bin/cmake /home/orangepi/Robot_Project/AMR_Robot/amr_robot/src/sllidar_ros2 -DCMAKE_INSTALL_PREFIX=/home/orangepi/Robot_Project/AMR_Robot/amr_robot/install/sllidar_ros2
[1.823s] DEBUG:colcon.colcon_core.event_handler.log_command:Invoked command in '/home/orangepi/Robot_Project/AMR_Robot/amr_robot/build/csm' returned '0': CMAKE_PREFIX_PATH=${CMAKE_PREFIX_PATH}:/opt/ros/humble /usr/bin/cmake /home/orangepi/Robot_Project/AMR_Robot/amr_robot/src/csm -DCMAKE_INSTALL_PREFIX=/home/orangepi/Robot_Project/AMR_Robot/amr_robot/install/csm
[1.830s] DEBUG:colcon.colcon_core.event_handler.log_command:Invoking command in '/home/orangepi/Robot_Project/AMR_Robot/amr_robot/build/csm': CMAKE_PREFIX_PATH=${CMAKE_PREFIX_PATH}:/opt/ros/humble /usr/bin/cmake --build /home/orangepi/Robot_Project/AMR_Robot/amr_robot/build/csm -- -j8 -l8
[1.946s] DEBUG:colcon.colcon_core.event_handler.log_command:Invoked command in '/home/orangepi/Robot_Project/AMR_Robot/amr_robot/build/sllidar_ros2' returned '0': CMAKE_PREFIX_PATH=${CMAKE_PREFIX_PATH}:/opt/ros/humble /usr/bin/cmake /home/orangepi/Robot_Project/AMR_Robot/amr_robot/src/sllidar_ros2 -DCMAKE_INSTALL_PREFIX=/home/orangepi/Robot_Project/AMR_Robot/amr_robot/install/sllidar_ros2
[1.947s] DEBUG:colcon.colcon_core.event_handler.log_command:Invoking command in '/home/orangepi/Robot_Project/AMR_Robot/amr_robot/build/sllidar_ros2': CMAKE_PREFIX_PATH=${CMAKE_PREFIX_PATH}:/opt/ros/humble /usr/bin/cmake --build /home/orangepi/Robot_Project/AMR_Robot/amr_robot/build/sllidar_ros2 -- -j8 -l8
[2.142s] DEBUG:colcon.colcon_core.event_handler.log_command:Invoked command in '/home/orangepi/Robot_Project/AMR_Robot/amr_robot/build/amr_sim_pkg' returned '0': CMAKE_PREFIX_PATH=${CMAKE_PREFIX_PATH}:/opt/ros/humble /usr/bin/cmake /home/orangepi/Robot_Project/AMR_Robot/amr_robot/src/amr_sim_pkg -DCMAKE_INSTALL_PREFIX=/home/orangepi/Robot_Project/AMR_Robot/amr_robot/install/amr_sim_pkg
[2.145s] DEBUG:colcon.colcon_core.event_handler.log_command:Invoking command in '/home/orangepi/Robot_Project/AMR_Robot/amr_robot/build/amr_sim_pkg': CMAKE_PREFIX_PATH=${CMAKE_PREFIX_PATH}:/opt/ros/humble /usr/bin/cmake --build /home/orangepi/Robot_Project/AMR_Robot/amr_robot/build/amr_sim_pkg -- -j8 -l8
[2.166s] DEBUG:colcon.colcon_core.event_handler.log_command:Invoked command in '/home/orangepi/Robot_Project/AMR_Robot/amr_robot/build/rf2o_laser_odometry' returned '0': CMAKE_PREFIX_PATH=${CMAKE_PREFIX_PATH}:/opt/ros/humble /usr/bin/cmake /home/orangepi/Robot_Project/AMR_Robot/amr_robot/src/rf2o_laser_odometry -DCMAKE_INSTALL_PREFIX=/home/orangepi/Robot_Project/AMR_Robot/amr_robot/install/rf2o_laser_odometry
[2.166s] DEBUG:colcon.colcon_core.event_handler.log_command:Invoking command in '/home/orangepi/Robot_Project/AMR_Robot/amr_robot/build/rf2o_laser_odometry': CMAKE_PREFIX_PATH=${CMAKE_PREFIX_PATH}:/opt/ros/humble /usr/bin/cmake --build /home/orangepi/Robot_Project/AMR_Robot/amr_robot/build/rf2o_laser_odometry -- -j8 -l8
[2.184s] DEBUG:colcon.colcon_core.event_handler.log_command:Invoked command in '/home/orangepi/Robot_Project/AMR_Robot/amr_robot/build/csm' returned '0': CMAKE_PREFIX_PATH=${CMAKE_PREFIX_PATH}:/opt/ros/humble /usr/bin/cmake --build /home/orangepi/Robot_Project/AMR_Robot/amr_robot/build/csm -- -j8 -l8
[2.214s] DEBUG:colcon.colcon_core.event_handler.log_command:Invoking command in '/home/orangepi/Robot_Project/AMR_Robot/amr_robot/build/csm': CMAKE_PREFIX_PATH=${CMAKE_PREFIX_PATH}:/opt/ros/humble /usr/bin/cmake --install /home/orangepi/Robot_Project/AMR_Robot/amr_robot/build/csm
[2.218s] DEBUG:colcon.colcon_core.event_handler.log_command:Invoked command in '/home/orangepi/Robot_Project/AMR_Robot/amr_robot/build/amr_sim_pkg' returned '0': CMAKE_PREFIX_PATH=${CMAKE_PREFIX_PATH}:/opt/ros/humble /usr/bin/cmake --build /home/orangepi/Robot_Project/AMR_Robot/amr_robot/build/amr_sim_pkg -- -j8 -l8
[2.224s] DEBUG:colcon.colcon_core.event_handler.log_command:Invoking command in '/home/orangepi/Robot_Project/AMR_Robot/amr_robot/build/amr_sim_pkg': CMAKE_PREFIX_PATH=${CMAKE_PREFIX_PATH}:/opt/ros/humble /usr/bin/cmake --install /home/orangepi/Robot_Project/AMR_Robot/amr_robot/build/amr_sim_pkg
[2.248s] Level 1:colcon.colcon_core.environment:create_environment_scripts_only(csm)
[2.251s] DEBUG:colcon.colcon_core.event_handler.log_command:Invoked command in '/home/orangepi/Robot_Project/AMR_Robot/amr_robot/build/csm' returned '0': CMAKE_PREFIX_PATH=${CMAKE_PREFIX_PATH}:/opt/ros/humble /usr/bin/cmake --install /home/orangepi/Robot_Project/AMR_Robot/amr_robot/build/csm
[2.268s] Level 1:colcon.colcon_core.environment:checking '/home/orangepi/Robot_Project/AMR_Robot/amr_robot/install/csm' for CMake module files
[2.275s] Level 1:colcon.colcon_core.environment:checking '/home/orangepi/Robot_Project/AMR_Robot/amr_robot/install/csm' for CMake config files
[2.276s] Level 1:colcon.colcon_core.shell:create_environment_hook('csm', 'cmake_prefix_path')
[2.276s] INFO:colcon.colcon_core.shell:Creating environment hook '/home/orangepi/Robot_Project/AMR_Robot/amr_robot/install/csm/share/csm/hook/cmake_prefix_path.ps1'
[2.278s] INFO:colcon.colcon_core.shell:Creating environment descriptor '/home/orangepi/Robot_Project/AMR_Robot/amr_robot/install/csm/share/csm/hook/cmake_prefix_path.dsv'
[2.279s] INFO:colcon.colcon_core.shell:Creating environment hook '/home/orangepi/Robot_Project/AMR_Robot/amr_robot/install/csm/share/csm/hook/cmake_prefix_path.sh'
[2.280s] Level 1:colcon.colcon_core.environment:checking '/home/orangepi/Robot_Project/AMR_Robot/amr_robot/install/csm/lib'
[2.281s] Level 1:colcon.colcon_core.shell:create_environment_hook('csm', 'ld_library_path_lib')
[2.281s] INFO:colcon.colcon_core.shell:Creating environment hook '/home/orangepi/Robot_Project/AMR_Robot/amr_robot/install/csm/share/csm/hook/ld_library_path_lib.ps1'
[2.282s] INFO:colcon.colcon_core.shell:Creating environment descriptor '/home/orangepi/Robot_Project/AMR_Robot/amr_robot/install/csm/share/csm/hook/ld_library_path_lib.dsv'
[2.282s] INFO:colcon.colcon_core.shell:Creating environment hook '/home/orangepi/Robot_Project/AMR_Robot/amr_robot/install/csm/share/csm/hook/ld_library_path_lib.sh'
[2.283s] Level 1:colcon.colcon_core.environment:checking '/home/orangepi/Robot_Project/AMR_Robot/amr_robot/install/csm/bin'
[2.283s] Level 1:colcon.colcon_core.environment:checking '/home/orangepi/Robot_Project/AMR_Robot/amr_robot/install/csm/lib/pkgconfig/csm.pc'
[2.286s] Level 1:colcon.colcon_core.environment:checking '/home/orangepi/Robot_Project/AMR_Robot/amr_robot/install/csm/lib/python3.10/site-packages'
[2.286s] Level 1:colcon.colcon_core.environment:checking '/home/orangepi/Robot_Project/AMR_Robot/amr_robot/install/csm/bin'
[2.287s] INFO:colcon.colcon_core.shell:Creating package script '/home/orangepi/Robot_Project/AMR_Robot/amr_robot/install/csm/share/csm/package.ps1'
[2.289s] INFO:colcon.colcon_core.shell:Creating package descriptor '/home/orangepi/Robot_Project/AMR_Robot/amr_robot/install/csm/share/csm/package.dsv'
[2.290s] INFO:colcon.colcon_core.shell:Creating package script '/home/orangepi/Robot_Project/AMR_Robot/amr_robot/install/csm/share/csm/package.sh'
[2.292s] INFO:colcon.colcon_core.shell:Creating package script '/home/orangepi/Robot_Project/AMR_Robot/amr_robot/install/csm/share/csm/package.bash'
[2.294s] INFO:colcon.colcon_core.shell:Creating package script '/home/orangepi/Robot_Project/AMR_Robot/amr_robot/install/csm/share/csm/package.zsh'
[2.326s] Level 1:colcon.colcon_core.environment:create_file_with_runtime_dependencies(/home/orangepi/Robot_Project/AMR_Robot/amr_robot/install/csm/share/colcon-core/packages/csm)
[2.328s] Level 1:colcon.colcon_core.environment:create_environment_scripts_only(csm)
[2.328s] Level 1:colcon.colcon_core.environment:checking '/home/orangepi/Robot_Project/AMR_Robot/amr_robot/install/csm' for CMake module files
[2.329s] Level 1:colcon.colcon_core.environment:checking '/home/orangepi/Robot_Project/AMR_Robot/amr_robot/install/csm' for CMake config files
[2.330s] Level 1:colcon.colcon_core.shell:create_environment_hook('csm', 'cmake_prefix_path')
[2.330s] INFO:colcon.colcon_core.shell:Creating environment hook '/home/orangepi/Robot_Project/AMR_Robot/amr_robot/install/csm/share/csm/hook/cmake_prefix_path.ps1'
[2.331s] INFO:colcon.colcon_core.shell:Creating environment descriptor '/home/orangepi/Robot_Project/AMR_Robot/amr_robot/install/csm/share/csm/hook/cmake_prefix_path.dsv'
[2.332s] INFO:colcon.colcon_core.shell:Creating environment hook '/home/orangepi/Robot_Project/AMR_Robot/amr_robot/install/csm/share/csm/hook/cmake_prefix_path.sh'
[2.333s] Level 1:colcon.colcon_core.environment:checking '/home/orangepi/Robot_Project/AMR_Robot/amr_robot/install/csm/lib'
[2.333s] Level 1:colcon.colcon_core.shell:create_environment_hook('csm', 'ld_library_path_lib')
[2.333s] INFO:colcon.colcon_core.shell:Creating environment hook '/home/orangepi/Robot_Project/AMR_Robot/amr_robot/install/csm/share/csm/hook/ld_library_path_lib.ps1'
[2.334s] INFO:colcon.colcon_core.shell:Creating environment descriptor '/home/orangepi/Robot_Project/AMR_Robot/amr_robot/install/csm/share/csm/hook/ld_library_path_lib.dsv'
[2.334s] INFO:colcon.colcon_core.shell:Creating environment hook '/home/orangepi/Robot_Project/AMR_Robot/amr_robot/install/csm/share/csm/hook/ld_library_path_lib.sh'
[2.335s] Level 1:colcon.colcon_core.environment:checking '/home/orangepi/Robot_Project/AMR_Robot/amr_robot/install/csm/bin'
[2.335s] Level 1:colcon.colcon_core.environment:checking '/home/orangepi/Robot_Project/AMR_Robot/amr_robot/install/csm/lib/pkgconfig/csm.pc'
[2.335s] Level 1:colcon.colcon_core.environment:checking '/home/orangepi/Robot_Project/AMR_Robot/amr_robot/install/csm/lib/python3.10/site-packages'
[2.336s] Level 1:colcon.colcon_core.environment:checking '/home/orangepi/Robot_Project/AMR_Robot/amr_robot/install/csm/bin'
[2.336s] INFO:colcon.colcon_core.shell:Creating package script '/home/orangepi/Robot_Project/AMR_Robot/amr_robot/install/csm/share/csm/package.ps1'
[2.337s] INFO:colcon.colcon_core.shell:Creating package descriptor '/home/orangepi/Robot_Project/AMR_Robot/amr_robot/install/csm/share/csm/package.dsv'
[2.338s] INFO:colcon.colcon_core.shell:Creating package script '/home/orangepi/Robot_Project/AMR_Robot/amr_robot/install/csm/share/csm/package.sh'
[2.339s] INFO:colcon.colcon_core.shell:Creating package script '/home/orangepi/Robot_Project/AMR_Robot/amr_robot/install/csm/share/csm/package.bash'
[2.339s] INFO:colcon.colcon_core.shell:Creating package script '/home/orangepi/Robot_Project/AMR_Robot/amr_robot/install/csm/share/csm/package.zsh'
[2.340s] Level 1:colcon.colcon_core.environment:create_file_with_runtime_dependencies(/home/orangepi/Robot_Project/AMR_Robot/amr_robot/install/csm/share/colcon-core/packages/csm)
[2.341s] INFO:colcon.colcon_ros.task.ament_cmake.build:Building ROS package in '/home/orangepi/Robot_Project/AMR_Robot/amr_robot/src/plicp_map_matcher' with build type 'ament_cmake'
[2.341s] INFO:colcon.colcon_cmake.task.cmake.build:Building CMake package in '/home/orangepi/Robot_Project/AMR_Robot/amr_robot/src/plicp_map_matcher'
[2.342s] INFO:colcon.colcon_core.shell:Skip shell extension 'powershell' for command environment: Not usable outside of PowerShell
[2.342s] DEBUG:colcon.colcon_core.shell:Skip shell extension 'dsv' for command environment
[2.348s] INFO:colcon.colcon_ros.task.ament_cmake.build:Building ROS package in '/home/orangepi/Robot_Project/AMR_Robot/amr_robot/src/ros2_laser_scan_matcher' with build type 'ament_cmake'
[2.349s] INFO:colcon.colcon_cmake.task.cmake.build:Building CMake package in '/home/orangepi/Robot_Project/AMR_Robot/amr_robot/src/ros2_laser_scan_matcher'
[2.349s] INFO:colcon.colcon_core.shell:Skip shell extension 'powershell' for command environment: Not usable outside of PowerShell
[2.349s] DEBUG:colcon.colcon_core.shell:Skip shell extension 'dsv' for command environment
[2.357s] DEBUG:colcon.colcon_core.event_handler.log_command:Invoked command in '/home/orangepi/Robot_Project/AMR_Robot/amr_robot/build/amr_reality_pkg' returned '0': CMAKE_PREFIX_PATH=${CMAKE_PREFIX_PATH}:/opt/ros/humble /usr/bin/cmake /home/orangepi/Robot_Project/AMR_Robot/amr_robot/src/amr_reality_pkg -DCMAKE_INSTALL_PREFIX=/home/orangepi/Robot_Project/AMR_Robot/amr_robot/install/amr_reality_pkg
[2.361s] DEBUG:colcon.colcon_core.event_handler.log_command:Invoking command in '/home/orangepi/Robot_Project/AMR_Robot/amr_robot/build/amr_reality_pkg': CMAKE_PREFIX_PATH=${CMAKE_PREFIX_PATH}:/opt/ros/humble /usr/bin/cmake --build /home/orangepi/Robot_Project/AMR_Robot/amr_robot/build/amr_reality_pkg -- -j8 -l8
[2.363s] DEBUG:colcon.colcon_core.event_handler.log_command:Invoked command in '/home/orangepi/Robot_Project/AMR_Robot/amr_robot/build/sllidar_ros2' returned '0': CMAKE_PREFIX_PATH=${CMAKE_PREFIX_PATH}:/opt/ros/humble /usr/bin/cmake --build /home/orangepi/Robot_Project/AMR_Robot/amr_robot/build/sllidar_ros2 -- -j8 -l8
[2.366s] DEBUG:colcon.colcon_core.event_handler.log_command:Invoking command in '/home/orangepi/Robot_Project/AMR_Robot/amr_robot/build/sllidar_ros2': CMAKE_PREFIX_PATH=${CMAKE_PREFIX_PATH}:/opt/ros/humble /usr/bin/cmake --install /home/orangepi/Robot_Project/AMR_Robot/amr_robot/build/sllidar_ros2
[2.369s] DEBUG:colcon.colcon_core.event_handler.log_command:Invoked command in '/home/orangepi/Robot_Project/AMR_Robot/amr_robot/build/laser_filters' returned '0': CMAKE_PREFIX_PATH=${CMAKE_PREFIX_PATH}:/opt/ros/humble /usr/bin/cmake /home/orangepi/Robot_Project/AMR_Robot/amr_robot/src/laser_filters -DCMAKE_INSTALL_PREFIX=/home/orangepi/Robot_Project/AMR_Robot/amr_robot/install/laser_filters
[2.371s] DEBUG:colcon.colcon_core.event_handler.log_command:Invoking command in '/home/orangepi/Robot_Project/AMR_Robot/amr_robot/build/laser_filters': CMAKE_PREFIX_PATH=${CMAKE_PREFIX_PATH}:/opt/ros/humble /usr/bin/cmake --build /home/orangepi/Robot_Project/AMR_Robot/amr_robot/build/laser_filters -- -j8 -l8
[2.372s] Level 1:colcon.colcon_core.environment:create_environment_scripts_only(amr_sim_pkg)
[2.373s] Level 1:colcon.colcon_core.environment:checking '/home/orangepi/Robot_Project/AMR_Robot/amr_robot/install/amr_sim_pkg' for CMake module files
[2.375s] DEBUG:colcon.colcon_core.event_handler.log_command:Invoked command in '/home/orangepi/Robot_Project/AMR_Robot/amr_robot/build/amr_sim_pkg' returned '0': CMAKE_PREFIX_PATH=${CMAKE_PREFIX_PATH}:/opt/ros/humble /usr/bin/cmake --install /home/orangepi/Robot_Project/AMR_Robot/amr_robot/build/amr_sim_pkg
[2.376s] Level 1:colcon.colcon_core.environment:checking '/home/orangepi/Robot_Project/AMR_Robot/amr_robot/install/amr_sim_pkg' for CMake config files
[2.377s] Level 1:colcon.colcon_core.shell:create_environment_hook('amr_sim_pkg', 'cmake_prefix_path')
[2.377s] INFO:colcon.colcon_core.shell:Creating environment hook '/home/orangepi/Robot_Project/AMR_Robot/amr_robot/install/amr_sim_pkg/share/amr_sim_pkg/hook/cmake_prefix_path.ps1'
[2.379s] INFO:colcon.colcon_core.shell:Creating environment descriptor '/home/orangepi/Robot_Project/AMR_Robot/amr_robot/install/amr_sim_pkg/share/amr_sim_pkg/hook/cmake_prefix_path.dsv'
[2.380s] INFO:colcon.colcon_core.shell:Creating environment hook '/home/orangepi/Robot_Project/AMR_Robot/amr_robot/install/amr_sim_pkg/share/amr_sim_pkg/hook/cmake_prefix_path.sh'
[2.381s] Level 1:colcon.colcon_core.environment:checking '/home/orangepi/Robot_Project/AMR_Robot/amr_robot/install/amr_sim_pkg/lib'
[2.382s] Level 1:colcon.colcon_core.environment:checking '/home/orangepi/Robot_Project/AMR_Robot/amr_robot/install/amr_sim_pkg/bin'
[2.382s] Level 1:colcon.colcon_core.environment:checking '/home/orangepi/Robot_Project/AMR_Robot/amr_robot/install/amr_sim_pkg/lib/pkgconfig/amr_sim_pkg.pc'
[2.382s] Level 1:colcon.colcon_core.environment:checking '/home/orangepi/Robot_Project/AMR_Robot/amr_robot/install/amr_sim_pkg/lib/python3.10/site-packages'
[2.383s] Level 1:colcon.colcon_core.environment:checking '/home/orangepi/Robot_Project/AMR_Robot/amr_robot/install/amr_sim_pkg/bin'
[2.384s] INFO:colcon.colcon_core.shell:Creating package script '/home/orangepi/Robot_Project/AMR_Robot/amr_robot/install/amr_sim_pkg/share/amr_sim_pkg/package.ps1'
[2.386s] INFO:colcon.colcon_core.shell:Creating package descriptor '/home/orangepi/Robot_Project/AMR_Robot/amr_robot/install/amr_sim_pkg/share/amr_sim_pkg/package.dsv'
[2.388s] INFO:colcon.colcon_core.shell:Creating package script '/home/orangepi/Robot_Project/AMR_Robot/amr_robot/install/amr_sim_pkg/share/amr_sim_pkg/package.sh'
[2.389s] INFO:colcon.colcon_core.shell:Creating package script '/home/orangepi/Robot_Project/AMR_Robot/amr_robot/install/amr_sim_pkg/share/amr_sim_pkg/package.bash'
[2.390s] INFO:colcon.colcon_core.shell:Creating package script '/home/orangepi/Robot_Project/AMR_Robot/amr_robot/install/amr_sim_pkg/share/amr_sim_pkg/package.zsh'
[2.391s] Level 1:colcon.colcon_core.environment:create_file_with_runtime_dependencies(/home/orangepi/Robot_Project/AMR_Robot/amr_robot/install/amr_sim_pkg/share/colcon-core/packages/amr_sim_pkg)
[2.392s] Level 1:colcon.colcon_core.environment:create_environment_scripts_only(amr_sim_pkg)
[2.393s] Level 1:colcon.colcon_core.environment:checking '/home/orangepi/Robot_Project/AMR_Robot/amr_robot/install/amr_sim_pkg' for CMake module files
[2.396s] Level 1:colcon.colcon_core.environment:checking '/home/orangepi/Robot_Project/AMR_Robot/amr_robot/install/amr_sim_pkg' for CMake config files
[2.400s] Level 1:colcon.colcon_core.shell:create_environment_hook('amr_sim_pkg', 'cmake_prefix_path')
[2.401s] INFO:colcon.colcon_core.shell:Creating environment hook '/home/orangepi/Robot_Project/AMR_Robot/amr_robot/install/amr_sim_pkg/share/amr_sim_pkg/hook/cmake_prefix_path.ps1'
[2.403s] INFO:colcon.colcon_core.shell:Creating environment descriptor '/home/orangepi/Robot_Project/AMR_Robot/amr_robot/install/amr_sim_pkg/share/amr_sim_pkg/hook/cmake_prefix_path.dsv'
[2.404s] INFO:colcon.colcon_core.shell:Creating environment hook '/home/orangepi/Robot_Project/AMR_Robot/amr_robot/install/amr_sim_pkg/share/amr_sim_pkg/hook/cmake_prefix_path.sh'
[2.406s] Level 1:colcon.colcon_core.environment:checking '/home/orangepi/Robot_Project/AMR_Robot/amr_robot/install/amr_sim_pkg/lib'
[2.406s] Level 1:colcon.colcon_core.environment:checking '/home/orangepi/Robot_Project/AMR_Robot/amr_robot/install/amr_sim_pkg/bin'
[2.406s] Level 1:colcon.colcon_core.environment:checking '/home/orangepi/Robot_Project/AMR_Robot/amr_robot/install/amr_sim_pkg/lib/pkgconfig/amr_sim_pkg.pc'
[2.407s] Level 1:colcon.colcon_core.environment:checking '/home/orangepi/Robot_Project/AMR_Robot/amr_robot/install/amr_sim_pkg/lib/python3.10/site-packages'
[2.407s] Level 1:colcon.colcon_core.environment:checking '/home/orangepi/Robot_Project/AMR_Robot/amr_robot/install/amr_sim_pkg/bin'
[2.408s] INFO:colcon.colcon_core.shell:Creating package script '/home/orangepi/Robot_Project/AMR_Robot/amr_robot/install/amr_sim_pkg/share/amr_sim_pkg/package.ps1'
[2.410s] INFO:colcon.colcon_core.shell:Creating package descriptor '/home/orangepi/Robot_Project/AMR_Robot/amr_robot/install/amr_sim_pkg/share/amr_sim_pkg/package.dsv'
[2.411s] INFO:colcon.colcon_core.shell:Creating package script '/home/orangepi/Robot_Project/AMR_Robot/amr_robot/install/amr_sim_pkg/share/amr_sim_pkg/package.sh'
[2.412s] INFO:colcon.colcon_core.shell:Creating package script '/home/orangepi/Robot_Project/AMR_Robot/amr_robot/install/amr_sim_pkg/share/amr_sim_pkg/package.bash'
[2.413s] INFO:colcon.colcon_core.shell:Creating package script '/home/orangepi/Robot_Project/AMR_Robot/amr_robot/install/amr_sim_pkg/share/amr_sim_pkg/package.zsh'
[2.413s] Level 1:colcon.colcon_core.environment:create_file_with_runtime_dependencies(/home/orangepi/Robot_Project/AMR_Robot/amr_robot/install/amr_sim_pkg/share/colcon-core/packages/amr_sim_pkg)
[2.422s] DEBUG:colcon.colcon_core.event_handler.log_command:Invoking command in '/home/orangepi/Robot_Project/AMR_Robot/amr_robot/build/plicp_map_matcher': CMAKE_PREFIX_PATH=/home/orangepi/Robot_Project/AMR_Robot/amr_robot/install/csm:/home/orangepi/Robot_Project/AMR_Robot/amr_robot/install/sllidar_ros2:/home/orangepi/Robot_Project/AMR_Robot/amr_robot/install/ros2_laser_scan_matcher:/home/orangepi/Robot_Project/AMR_Robot/amr_robot/install/rf2o_laser_odometry:/home/orangepi/Robot_Project/AMR_Robot/amr_robot/install/plicp_map_matcher:/home/orangepi/Robot_Project/AMR_Robot/amr_robot/install/laser_filters:/home/orangepi/Robot_Project/AMR_Robot/amr_robot/install/amr_sim_pkg:/home/orangepi/Robot_Project/AMR_Robot/amr_robot/install/amr_reality_pkg:/opt/ros/humble LD_LIBRARY_PATH=/home/orangepi/Robot_Project/AMR_Robot/amr_robot/install/csm/lib:/home/orangepi/Robot_Project/AMR_Robot/amr_robot/install/laser_filters/lib:/opt/ros/humble/opt/rviz_ogre_vendor/lib:/opt/ros/humble/lib/aarch64-linux-gnu:/opt/ros/humble/lib /usr/bin/cmake /home/orangepi/Robot_Project/AMR_Robot/amr_robot/src/plicp_map_matcher -DCMAKE_INSTALL_PREFIX=/home/orangepi/Robot_Project/AMR_Robot/amr_robot/install/plicp_map_matcher
[2.428s] DEBUG:colcon.colcon_core.event_handler.log_command:Invoking command in '/home/orangepi/Robot_Project/AMR_Robot/amr_robot/build/ros2_laser_scan_matcher': CMAKE_PREFIX_PATH=/home/orangepi/Robot_Project/AMR_Robot/amr_robot/install/csm:/home/orangepi/Robot_Project/AMR_Robot/amr_robot/install/sllidar_ros2:/home/orangepi/Robot_Project/AMR_Robot/amr_robot/install/ros2_laser_scan_matcher:/home/orangepi/Robot_Project/AMR_Robot/amr_robot/install/rf2o_laser_odometry:/home/orangepi/Robot_Project/AMR_Robot/amr_robot/install/plicp_map_matcher:/home/orangepi/Robot_Project/AMR_Robot/amr_robot/install/laser_filters:/home/orangepi/Robot_Project/AMR_Robot/amr_robot/install/amr_sim_pkg:/home/orangepi/Robot_Project/AMR_Robot/amr_robot/install/amr_reality_pkg:/opt/ros/humble LD_LIBRARY_PATH=/home/orangepi/Robot_Project/AMR_Robot/amr_robot/install/csm/lib:/home/orangepi/Robot_Project/AMR_Robot/amr_robot/install/laser_filters/lib:/opt/ros/humble/opt/rviz_ogre_vendor/lib:/opt/ros/humble/lib/aarch64-linux-gnu:/opt/ros/humble/lib /usr/bin/cmake /home/orangepi/Robot_Project/AMR_Robot/amr_robot/src/ros2_laser_scan_matcher -DCMAKE_INSTALL_PREFIX=/home/orangepi/Robot_Project/AMR_Robot/amr_robot/install/ros2_laser_scan_matcher
[2.429s] DEBUG:colcon.colcon_core.event_handler.log_command:Invoked command in '/home/orangepi/Robot_Project/AMR_Robot/amr_robot/build/rf2o_laser_odometry' returned '0': CMAKE_PREFIX_PATH=${CMAKE_PREFIX_PATH}:/opt/ros/humble /usr/bin/cmake --build /home/orangepi/Robot_Project/AMR_Robot/amr_robot/build/rf2o_laser_odometry -- -j8 -l8
[2.434s] DEBUG:colcon.colcon_core.event_handler.log_command:Invoking command in '/home/orangepi/Robot_Project/AMR_Robot/amr_robot/build/rf2o_laser_odometry': CMAKE_PREFIX_PATH=${CMAKE_PREFIX_PATH}:/opt/ros/humble /usr/bin/cmake --install /home/orangepi/Robot_Project/AMR_Robot/amr_robot/build/rf2o_laser_odometry
[2.436s] Level 1:colcon.colcon_core.environment:create_environment_scripts_only(sllidar_ros2)
[2.437s] Level 1:colcon.colcon_core.environment:checking '/home/orangepi/Robot_Project/AMR_Robot/amr_robot/install/sllidar_ros2' for CMake module files
[2.438s] DEBUG:colcon.colcon_core.event_handler.log_command:Invoked command in '/home/orangepi/Robot_Project/AMR_Robot/amr_robot/build/sllidar_ros2' returned '0': CMAKE_PREFIX_PATH=${CMAKE_PREFIX_PATH}:/opt/ros/humble /usr/bin/cmake --install /home/orangepi/Robot_Project/AMR_Robot/amr_robot/build/sllidar_ros2
[2.439s] Level 1:colcon.colcon_core.environment:checking '/home/orangepi/Robot_Project/AMR_Robot/amr_robot/install/sllidar_ros2' for CMake config files
[2.439s] Level 1:colcon.colcon_core.shell:create_environment_hook('sllidar_ros2', 'cmake_prefix_path')
[2.440s] INFO:colcon.colcon_core.shell:Creating environment hook '/home/orangepi/Robot_Project/AMR_Robot/amr_robot/install/sllidar_ros2/share/sllidar_ros2/hook/cmake_prefix_path.ps1'
[2.441s] INFO:colcon.colcon_core.shell:Creating environment descriptor '/home/orangepi/Robot_Project/AMR_Robot/amr_robot/install/sllidar_ros2/share/sllidar_ros2/hook/cmake_prefix_path.dsv'
[2.442s] INFO:colcon.colcon_core.shell:Creating environment hook '/home/orangepi/Robot_Project/AMR_Robot/amr_robot/install/sllidar_ros2/share/sllidar_ros2/hook/cmake_prefix_path.sh'
[2.443s] Level 1:colcon.colcon_core.environment:checking '/home/orangepi/Robot_Project/AMR_Robot/amr_robot/install/sllidar_ros2/lib'
[2.443s] Level 1:colcon.colcon_core.environment:checking '/home/orangepi/Robot_Project/AMR_Robot/amr_robot/install/sllidar_ros2/bin'
[2.443s] Level 1:colcon.colcon_core.environment:checking '/home/orangepi/Robot_Project/AMR_Robot/amr_robot/install/sllidar_ros2/lib/pkgconfig/sllidar_ros2.pc'
[2.444s] Level 1:colcon.colcon_core.environment:checking '/home/orangepi/Robot_Project/AMR_Robot/amr_robot/install/sllidar_ros2/lib/python3.10/site-packages'
[2.444s] Level 1:colcon.colcon_core.environment:checking '/home/orangepi/Robot_Project/AMR_Robot/amr_robot/install/sllidar_ros2/bin'
[2.445s] INFO:colcon.colcon_core.shell:Creating package script '/home/orangepi/Robot_Project/AMR_Robot/amr_robot/install/sllidar_ros2/share/sllidar_ros2/package.ps1'
[2.446s] INFO:colcon.colcon_core.shell:Creating package descriptor '/home/orangepi/Robot_Project/AMR_Robot/amr_robot/install/sllidar_ros2/share/sllidar_ros2/package.dsv'
[2.447s] INFO:colcon.colcon_core.shell:Creating package script '/home/orangepi/Robot_Project/AMR_Robot/amr_robot/install/sllidar_ros2/share/sllidar_ros2/package.sh'
[2.448s] INFO:colcon.colcon_core.shell:Creating package script '/home/orangepi/Robot_Project/AMR_Robot/amr_robot/install/sllidar_ros2/share/sllidar_ros2/package.bash'
[2.449s] INFO:colcon.colcon_core.shell:Creating package script '/home/orangepi/Robot_Project/AMR_Robot/amr_robot/install/sllidar_ros2/share/sllidar_ros2/package.zsh'
[2.449s] Level 1:colcon.colcon_core.environment:create_file_with_runtime_dependencies(/home/orangepi/Robot_Project/AMR_Robot/amr_robot/install/sllidar_ros2/share/colcon-core/packages/sllidar_ros2)
[2.450s] Level 1:colcon.colcon_core.environment:create_environment_scripts_only(sllidar_ros2)
[2.451s] Level 1:colcon.colcon_core.environment:checking '/home/orangepi/Robot_Project/AMR_Robot/amr_robot/install/sllidar_ros2' for CMake module files
[2.452s] Level 1:colcon.colcon_core.environment:checking '/home/orangepi/Robot_Project/AMR_Robot/amr_robot/install/sllidar_ros2' for CMake config files
[2.452s] Level 1:colcon.colcon_core.shell:create_environment_hook('sllidar_ros2', 'cmake_prefix_path')
[2.453s] INFO:colcon.colcon_core.shell:Creating environment hook '/home/orangepi/Robot_Project/AMR_Robot/amr_robot/install/sllidar_ros2/share/sllidar_ros2/hook/cmake_prefix_path.ps1'
[2.454s] INFO:colcon.colcon_core.shell:Creating environment descriptor '/home/orangepi/Robot_Project/AMR_Robot/amr_robot/install/sllidar_ros2/share/sllidar_ros2/hook/cmake_prefix_path.dsv'
[2.458s] INFO:colcon.colcon_core.shell:Creating environment hook '/home/orangepi/Robot_Project/AMR_Robot/amr_robot/install/sllidar_ros2/share/sllidar_ros2/hook/cmake_prefix_path.sh'
[2.460s] Level 1:colcon.colcon_core.environment:checking '/home/orangepi/Robot_Project/AMR_Robot/amr_robot/install/sllidar_ros2/lib'
[2.462s] Level 1:colcon.colcon_core.environment:checking '/home/orangepi/Robot_Project/AMR_Robot/amr_robot/install/sllidar_ros2/bin'
[2.465s] Level 1:colcon.colcon_core.environment:checking '/home/orangepi/Robot_Project/AMR_Robot/amr_robot/install/sllidar_ros2/lib/pkgconfig/sllidar_ros2.pc'
[2.467s] Level 1:colcon.colcon_core.environment:checking '/home/orangepi/Robot_Project/AMR_Robot/amr_robot/install/sllidar_ros2/lib/python3.10/site-packages'
[2.468s] Level 1:colcon.colcon_core.environment:checking '/home/orangepi/Robot_Project/AMR_Robot/amr_robot/install/sllidar_ros2/bin'
[2.469s] INFO:colcon.colcon_core.shell:Creating package script '/home/orangepi/Robot_Project/AMR_Robot/amr_robot/install/sllidar_ros2/share/sllidar_ros2/package.ps1'
[2.472s] INFO:colcon.colcon_core.shell:Creating package descriptor '/home/orangepi/Robot_Project/AMR_Robot/amr_robot/install/sllidar_ros2/share/sllidar_ros2/package.dsv'
[2.474s] INFO:colcon.colcon_core.shell:Creating package script '/home/orangepi/Robot_Project/AMR_Robot/amr_robot/install/sllidar_ros2/share/sllidar_ros2/package.sh'
[2.475s] INFO:colcon.colcon_core.shell:Creating package script '/home/orangepi/Robot_Project/AMR_Robot/amr_robot/install/sllidar_ros2/share/sllidar_ros2/package.bash'
[2.476s] INFO:colcon.colcon_core.shell:Creating package script '/home/orangepi/Robot_Project/AMR_Robot/amr_robot/install/sllidar_ros2/share/sllidar_ros2/package.zsh'
[2.477s] Level 1:colcon.colcon_core.environment:create_file_with_runtime_dependencies(/home/orangepi/Robot_Project/AMR_Robot/amr_robot/install/sllidar_ros2/share/colcon-core/packages/sllidar_ros2)
[2.507s] Level 1:colcon.colcon_core.environment:create_environment_scripts_only(rf2o_laser_odometry)
[2.508s] Level 1:colcon.colcon_core.environment:checking '/home/orangepi/Robot_Project/AMR_Robot/amr_robot/install/rf2o_laser_odometry' for CMake module files
[2.515s] DEBUG:colcon.colcon_core.event_handler.log_command:Invoked command in '/home/orangepi/Robot_Project/AMR_Robot/amr_robot/build/rf2o_laser_odometry' returned '0': CMAKE_PREFIX_PATH=${CMAKE_PREFIX_PATH}:/opt/ros/humble /usr/bin/cmake --install /home/orangepi/Robot_Project/AMR_Robot/amr_robot/build/rf2o_laser_odometry
[2.518s] Level 1:colcon.colcon_core.environment:checking '/home/orangepi/Robot_Project/AMR_Robot/amr_robot/install/rf2o_laser_odometry' for CMake config files
[2.521s] Level 1:colcon.colcon_core.shell:create_environment_hook('rf2o_laser_odometry', 'cmake_prefix_path')
[2.522s] INFO:colcon.colcon_core.shell:Creating environment hook '/home/orangepi/Robot_Project/AMR_Robot/amr_robot/install/rf2o_laser_odometry/share/rf2o_laser_odometry/hook/cmake_prefix_path.ps1'
[2.525s] INFO:colcon.colcon_core.shell:Creating environment descriptor '/home/orangepi/Robot_Project/AMR_Robot/amr_robot/install/rf2o_laser_odometry/share/rf2o_laser_odometry/hook/cmake_prefix_path.dsv'
[2.527s] INFO:colcon.colcon_core.shell:Creating environment hook '/home/orangepi/Robot_Project/AMR_Robot/amr_robot/install/rf2o_laser_odometry/share/rf2o_laser_odometry/hook/cmake_prefix_path.sh'
[2.530s] Level 1:colcon.colcon_core.environment:checking '/home/orangepi/Robot_Project/AMR_Robot/amr_robot/install/rf2o_laser_odometry/lib'
[2.530s] Level 1:colcon.colcon_core.environment:checking '/home/orangepi/Robot_Project/AMR_Robot/amr_robot/install/rf2o_laser_odometry/bin'
[2.531s] Level 1:colcon.colcon_core.environment:checking '/home/orangepi/Robot_Project/AMR_Robot/amr_robot/install/rf2o_laser_odometry/lib/pkgconfig/rf2o_laser_odometry.pc'
[2.532s] Level 1:colcon.colcon_core.environment:checking '/home/orangepi/Robot_Project/AMR_Robot/amr_robot/install/rf2o_laser_odometry/lib/python3.10/site-packages'
[2.534s] Level 1:colcon.colcon_core.environment:checking '/home/orangepi/Robot_Project/AMR_Robot/amr_robot/install/rf2o_laser_odometry/bin'
[2.536s] INFO:colcon.colcon_core.shell:Creating package script '/home/orangepi/Robot_Project/AMR_Robot/amr_robot/install/rf2o_laser_odometry/share/rf2o_laser_odometry/package.ps1'
[2.540s] INFO:colcon.colcon_core.shell:Creating package descriptor '/home/orangepi/Robot_Project/AMR_Robot/amr_robot/install/rf2o_laser_odometry/share/rf2o_laser_odometry/package.dsv'
[2.542s] INFO:colcon.colcon_core.shell:Creating package script '/home/orangepi/Robot_Project/AMR_Robot/amr_robot/install/rf2o_laser_odometry/share/rf2o_laser_odometry/package.sh'
[2.544s] INFO:colcon.colcon_core.shell:Creating package script '/home/orangepi/Robot_Project/AMR_Robot/amr_robot/install/rf2o_laser_odometry/share/rf2o_laser_odometry/package.bash'
[2.546s] INFO:colcon.colcon_core.shell:Creating package script '/home/orangepi/Robot_Project/AMR_Robot/amr_robot/install/rf2o_laser_odometry/share/rf2o_laser_odometry/package.zsh'
[2.550s] Level 1:colcon.colcon_core.environment:create_file_with_runtime_dependencies(/home/orangepi/Robot_Project/AMR_Robot/amr_robot/install/rf2o_laser_odometry/share/colcon-core/packages/rf2o_laser_odometry)
[2.554s] Level 1:colcon.colcon_core.environment:create_environment_scripts_only(rf2o_laser_odometry)
[2.556s] Level 1:colcon.colcon_core.environment:checking '/home/orangepi/Robot_Project/AMR_Robot/amr_robot/install/rf2o_laser_odometry' for CMake module files
[2.559s] Level 1:colcon.colcon_core.environment:checking '/home/orangepi/Robot_Project/AMR_Robot/amr_robot/install/rf2o_laser_odometry' for CMake config files
[2.561s] Level 1:colcon.colcon_core.shell:create_environment_hook('rf2o_laser_odometry', 'cmake_prefix_path')
[2.562s] INFO:colcon.colcon_core.shell:Creating environment hook '/home/orangepi/Robot_Project/AMR_Robot/amr_robot/install/rf2o_laser_odometry/share/rf2o_laser_odometry/hook/cmake_prefix_path.ps1'
[2.565s] INFO:colcon.colcon_core.shell:Creating environment descriptor '/home/orangepi/Robot_Project/AMR_Robot/amr_robot/install/rf2o_laser_odometry/share/rf2o_laser_odometry/hook/cmake_prefix_path.dsv'
[2.567s] INFO:colcon.colcon_core.shell:Creating environment hook '/home/orangepi/Robot_Project/AMR_Robot/amr_robot/install/rf2o_laser_odometry/share/rf2o_laser_odometry/hook/cmake_prefix_path.sh'
[2.568s] Level 1:colcon.colcon_core.environment:checking '/home/orangepi/Robot_Project/AMR_Robot/amr_robot/install/rf2o_laser_odometry/lib'
[2.568s] Level 1:colcon.colcon_core.environment:checking '/home/orangepi/Robot_Project/AMR_Robot/amr_robot/install/rf2o_laser_odometry/bin'
[2.568s] Level 1:colcon.colcon_core.environment:checking '/home/orangepi/Robot_Project/AMR_Robot/amr_robot/install/rf2o_laser_odometry/lib/pkgconfig/rf2o_laser_odometry.pc'
[2.569s] Level 1:colcon.colcon_core.environment:checking '/home/orangepi/Robot_Project/AMR_Robot/amr_robot/install/rf2o_laser_odometry/lib/python3.10/site-packages'
[2.570s] Level 1:colcon.colcon_core.environment:checking '/home/orangepi/Robot_Project/AMR_Robot/amr_robot/install/rf2o_laser_odometry/bin'
[2.571s] INFO:colcon.colcon_core.shell:Creating package script '/home/orangepi/Robot_Project/AMR_Robot/amr_robot/install/rf2o_laser_odometry/share/rf2o_laser_odometry/package.ps1'
[2.572s] INFO:colcon.colcon_core.shell:Creating package descriptor '/home/orangepi/Robot_Project/AMR_Robot/amr_robot/install/rf2o_laser_odometry/share/rf2o_laser_odometry/package.dsv'
[2.573s] INFO:colcon.colcon_core.shell:Creating package script '/home/orangepi/Robot_Project/AMR_Robot/amr_robot/install/rf2o_laser_odometry/share/rf2o_laser_odometry/package.sh'
[2.574s] INFO:colcon.colcon_core.shell:Creating package script '/home/orangepi/Robot_Project/AMR_Robot/amr_robot/install/rf2o_laser_odometry/share/rf2o_laser_odometry/package.bash'
[2.575s] INFO:colcon.colcon_core.shell:Creating package script '/home/orangepi/Robot_Project/AMR_Robot/amr_robot/install/rf2o_laser_odometry/share/rf2o_laser_odometry/package.zsh'
[2.576s] Level 1:colcon.colcon_core.environment:create_file_with_runtime_dependencies(/home/orangepi/Robot_Project/AMR_Robot/amr_robot/install/rf2o_laser_odometry/share/colcon-core/packages/rf2o_laser_odometry)
[2.869s] DEBUG:colcon.colcon_core.event_handler.log_command:Invoked command in '/home/orangepi/Robot_Project/AMR_Robot/amr_robot/build/laser_filters' returned '0': CMAKE_PREFIX_PATH=${CMAKE_PREFIX_PATH}:/opt/ros/humble /usr/bin/cmake --build /home/orangepi/Robot_Project/AMR_Robot/amr_robot/build/laser_filters -- -j8 -l8
[2.873s] DEBUG:colcon.colcon_core.event_handler.log_command:Invoking command in '/home/orangepi/Robot_Project/AMR_Robot/amr_robot/build/laser_filters': CMAKE_PREFIX_PATH=${CMAKE_PREFIX_PATH}:/opt/ros/humble /usr/bin/cmake --install /home/orangepi/Robot_Project/AMR_Robot/amr_robot/build/laser_filters
[2.945s] Level 1:colcon.colcon_core.environment:create_environment_scripts_only(laser_filters)
[2.946s] Level 1:colcon.colcon_core.environment:checking '/home/orangepi/Robot_Project/AMR_Robot/amr_robot/install/laser_filters' for CMake module files
[2.950s] DEBUG:colcon.colcon_core.event_handler.log_command:Invoked command in '/home/orangepi/Robot_Project/AMR_Robot/amr_robot/build/laser_filters' returned '0': CMAKE_PREFIX_PATH=${CMAKE_PREFIX_PATH}:/opt/ros/humble /usr/bin/cmake --install /home/orangepi/Robot_Project/AMR_Robot/amr_robot/build/laser_filters
[2.951s] Level 1:colcon.colcon_core.environment:checking '/home/orangepi/Robot_Project/AMR_Robot/amr_robot/install/laser_filters' for CMake config files
[2.954s] Level 1:colcon.colcon_core.shell:create_environment_hook('laser_filters', 'cmake_prefix_path')
[2.956s] INFO:colcon.colcon_core.shell:Creating environment hook '/home/orangepi/Robot_Project/AMR_Robot/amr_robot/install/laser_filters/share/laser_filters/hook/cmake_prefix_path.ps1'
[2.958s] INFO:colcon.colcon_core.shell:Creating environment descriptor '/home/orangepi/Robot_Project/AMR_Robot/amr_robot/install/laser_filters/share/laser_filters/hook/cmake_prefix_path.dsv'
[2.960s] INFO:colcon.colcon_core.shell:Creating environment hook '/home/orangepi/Robot_Project/AMR_Robot/amr_robot/install/laser_filters/share/laser_filters/hook/cmake_prefix_path.sh'
[2.962s] Level 1:colcon.colcon_core.environment:checking '/home/orangepi/Robot_Project/AMR_Robot/amr_robot/install/laser_filters/lib'
[2.963s] Level 1:colcon.colcon_core.shell:create_environment_hook('laser_filters', 'ld_library_path_lib')
[2.964s] INFO:colcon.colcon_core.shell:Creating environment hook '/home/orangepi/Robot_Project/AMR_Robot/amr_robot/install/laser_filters/share/laser_filters/hook/ld_library_path_lib.ps1'
[2.966s] INFO:colcon.colcon_core.shell:Creating environment descriptor '/home/orangepi/Robot_Project/AMR_Robot/amr_robot/install/laser_filters/share/laser_filters/hook/ld_library_path_lib.dsv'
[2.968s] INFO:colcon.colcon_core.shell:Creating environment hook '/home/orangepi/Robot_Project/AMR_Robot/amr_robot/install/laser_filters/share/laser_filters/hook/ld_library_path_lib.sh'
[2.971s] Level 1:colcon.colcon_core.environment:checking '/home/orangepi/Robot_Project/AMR_Robot/amr_robot/install/laser_filters/bin'
[2.971s] Level 1:colcon.colcon_core.environment:checking '/home/orangepi/Robot_Project/AMR_Robot/amr_robot/install/laser_filters/lib/pkgconfig/laser_filters.pc'
[2.972s] Level 1:colcon.colcon_core.environment:checking '/home/orangepi/Robot_Project/AMR_Robot/amr_robot/install/laser_filters/lib/python3.10/site-packages'
[2.975s] Level 1:colcon.colcon_core.environment:checking '/home/orangepi/Robot_Project/AMR_Robot/amr_robot/install/laser_filters/bin'
[2.977s] INFO:colcon.colcon_core.shell:Creating package script '/home/orangepi/Robot_Project/AMR_Robot/amr_robot/install/laser_filters/share/laser_filters/package.ps1'
[2.981s] INFO:colcon.colcon_core.shell:Creating package descriptor '/home/orangepi/Robot_Project/AMR_Robot/amr_robot/install/laser_filters/share/laser_filters/package.dsv'
[2.983s] INFO:colcon.colcon_core.shell:Creating package script '/home/orangepi/Robot_Project/AMR_Robot/amr_robot/install/laser_filters/share/laser_filters/package.sh'
[2.985s] INFO:colcon.colcon_core.shell:Creating package script '/home/orangepi/Robot_Project/AMR_Robot/amr_robot/install/laser_filters/share/laser_filters/package.bash'
[2.987s] INFO:colcon.colcon_core.shell:Creating package script '/home/orangepi/Robot_Project/AMR_Robot/amr_robot/install/laser_filters/share/laser_filters/package.zsh'
[2.989s] Level 1:colcon.colcon_core.environment:create_file_with_runtime_dependencies(/home/orangepi/Robot_Project/AMR_Robot/amr_robot/install/laser_filters/share/colcon-core/packages/laser_filters)
[2.992s] Level 1:colcon.colcon_core.environment:create_environment_scripts_only(laser_filters)
[2.993s] Level 1:colcon.colcon_core.environment:checking '/home/orangepi/Robot_Project/AMR_Robot/amr_robot/install/laser_filters' for CMake module files
[2.997s] Level 1:colcon.colcon_core.environment:checking '/home/orangepi/Robot_Project/AMR_Robot/amr_robot/install/laser_filters' for CMake config files
[3.000s] Level 1:colcon.colcon_core.shell:create_environment_hook('laser_filters', 'cmake_prefix_path')
[3.001s] INFO:colcon.colcon_core.shell:Creating environment hook '/home/orangepi/Robot_Project/AMR_Robot/amr_robot/install/laser_filters/share/laser_filters/hook/cmake_prefix_path.ps1'
[3.003s] INFO:colcon.colcon_core.shell:Creating environment descriptor '/home/orangepi/Robot_Project/AMR_Robot/amr_robot/install/laser_filters/share/laser_filters/hook/cmake_prefix_path.dsv'
[3.005s] INFO:colcon.colcon_core.shell:Creating environment hook '/home/orangepi/Robot_Project/AMR_Robot/amr_robot/install/laser_filters/share/laser_filters/hook/cmake_prefix_path.sh'
[3.008s] Level 1:colcon.colcon_core.environment:checking '/home/orangepi/Robot_Project/AMR_Robot/amr_robot/install/laser_filters/lib'
[3.008s] Level 1:colcon.colcon_core.shell:create_environment_hook('laser_filters', 'ld_library_path_lib')
[3.009s] INFO:colcon.colcon_core.shell:Creating environment hook '/home/orangepi/Robot_Project/AMR_Robot/amr_robot/install/laser_filters/share/laser_filters/hook/ld_library_path_lib.ps1'
[3.013s] INFO:colcon.colcon_core.shell:Creating environment descriptor '/home/orangepi/Robot_Project/AMR_Robot/amr_robot/install/laser_filters/share/laser_filters/hook/ld_library_path_lib.dsv'
[3.015s] INFO:colcon.colcon_core.shell:Creating environment hook '/home/orangepi/Robot_Project/AMR_Robot/amr_robot/install/laser_filters/share/laser_filters/hook/ld_library_path_lib.sh'
[3.021s] Level 1:colcon.colcon_core.environment:checking '/home/orangepi/Robot_Project/AMR_Robot/amr_robot/install/laser_filters/bin'
[3.022s] Level 1:colcon.colcon_core.environment:checking '/home/orangepi/Robot_Project/AMR_Robot/amr_robot/install/laser_filters/lib/pkgconfig/laser_filters.pc'
[3.023s] Level 1:colcon.colcon_core.environment:checking '/home/orangepi/Robot_Project/AMR_Robot/amr_robot/install/laser_filters/lib/python3.10/site-packages'
[3.025s] Level 1:colcon.colcon_core.environment:checking '/home/orangepi/Robot_Project/AMR_Robot/amr_robot/install/laser_filters/bin'
[3.027s] INFO:colcon.colcon_core.shell:Creating package script '/home/orangepi/Robot_Project/AMR_Robot/amr_robot/install/laser_filters/share/laser_filters/package.ps1'
[3.030s] INFO:colcon.colcon_core.shell:Creating package descriptor '/home/orangepi/Robot_Project/AMR_Robot/amr_robot/install/laser_filters/share/laser_filters/package.dsv'
[3.034s] INFO:colcon.colcon_core.shell:Creating package script '/home/orangepi/Robot_Project/AMR_Robot/amr_robot/install/laser_filters/share/laser_filters/package.sh'
[3.037s] INFO:colcon.colcon_core.shell:Creating package script '/home/orangepi/Robot_Project/AMR_Robot/amr_robot/install/laser_filters/share/laser_filters/package.bash'
[3.038s] INFO:colcon.colcon_core.shell:Creating package script '/home/orangepi/Robot_Project/AMR_Robot/amr_robot/install/laser_filters/share/laser_filters/package.zsh'
[3.040s] Level 1:colcon.colcon_core.environment:create_file_with_runtime_dependencies(/home/orangepi/Robot_Project/AMR_Robot/amr_robot/install/laser_filters/share/colcon-core/packages/laser_filters)
[3.462s] DEBUG:colcon.colcon_core.event_handler.log_command:Invoked command in '/home/orangepi/Robot_Project/AMR_Robot/amr_robot/build/ros2_laser_scan_matcher' returned '0': CMAKE_PREFIX_PATH=/home/orangepi/Robot_Project/AMR_Robot/amr_robot/install/csm:/home/orangepi/Robot_Project/AMR_Robot/amr_robot/install/sllidar_ros2:/home/orangepi/Robot_Project/AMR_Robot/amr_robot/install/ros2_laser_scan_matcher:/home/orangepi/Robot_Project/AMR_Robot/amr_robot/install/rf2o_laser_odometry:/home/orangepi/Robot_Project/AMR_Robot/amr_robot/install/plicp_map_matcher:/home/orangepi/Robot_Project/AMR_Robot/amr_robot/install/laser_filters:/home/orangepi/Robot_Project/AMR_Robot/amr_robot/install/amr_sim_pkg:/home/orangepi/Robot_Project/AMR_Robot/amr_robot/install/amr_reality_pkg:/opt/ros/humble LD_LIBRARY_PATH=/home/orangepi/Robot_Project/AMR_Robot/amr_robot/install/csm/lib:/home/orangepi/Robot_Project/AMR_Robot/amr_robot/install/laser_filters/lib:/opt/ros/humble/opt/rviz_ogre_vendor/lib:/opt/ros/humble/lib/aarch64-linux-gnu:/opt/ros/humble/lib /usr/bin/cmake /home/orangepi/Robot_Project/AMR_Robot/amr_robot/src/ros2_laser_scan_matcher -DCMAKE_INSTALL_PREFIX=/home/orangepi/Robot_Project/AMR_Robot/amr_robot/install/ros2_laser_scan_matcher
[3.463s] DEBUG:colcon.colcon_core.event_handler.log_command:Invoking command in '/home/orangepi/Robot_Project/AMR_Robot/amr_robot/build/ros2_laser_scan_matcher': CMAKE_PREFIX_PATH=/home/orangepi/Robot_Project/AMR_Robot/amr_robot/install/csm:/home/orangepi/Robot_Project/AMR_Robot/amr_robot/install/sllidar_ros2:/home/orangepi/Robot_Project/AMR_Robot/amr_robot/install/ros2_laser_scan_matcher:/home/orangepi/Robot_Project/AMR_Robot/amr_robot/install/rf2o_laser_odometry:/home/orangepi/Robot_Project/AMR_Robot/amr_robot/install/plicp_map_matcher:/home/orangepi/Robot_Project/AMR_Robot/amr_robot/install/laser_filters:/home/orangepi/Robot_Project/AMR_Robot/amr_robot/install/amr_sim_pkg:/home/orangepi/Robot_Project/AMR_Robot/amr_robot/install/amr_reality_pkg:/opt/ros/humble LD_LIBRARY_PATH=/home/orangepi/Robot_Project/AMR_Robot/amr_robot/install/csm/lib:/home/orangepi/Robot_Project/AMR_Robot/amr_robot/install/laser_filters/lib:/opt/ros/humble/opt/rviz_ogre_vendor/lib:/opt/ros/humble/lib/aarch64-linux-gnu:/opt/ros/humble/lib /usr/bin/cmake --build /home/orangepi/Robot_Project/AMR_Robot/amr_robot/build/ros2_laser_scan_matcher -- -j8 -l8
[3.539s] DEBUG:colcon.colcon_core.event_handler.log_command:Invoked command in '/home/orangepi/Robot_Project/AMR_Robot/amr_robot/build/plicp_map_matcher' returned '0': CMAKE_PREFIX_PATH=/home/orangepi/Robot_Project/AMR_Robot/amr_robot/install/csm:/home/orangepi/Robot_Project/AMR_Robot/amr_robot/install/sllidar_ros2:/home/orangepi/Robot_Project/AMR_Robot/amr_robot/install/ros2_laser_scan_matcher:/home/orangepi/Robot_Project/AMR_Robot/amr_robot/install/rf2o_laser_odometry:/home/orangepi/Robot_Project/AMR_Robot/amr_robot/install/plicp_map_matcher:/home/orangepi/Robot_Project/AMR_Robot/amr_robot/install/laser_filters:/home/orangepi/Robot_Project/AMR_Robot/amr_robot/install/amr_sim_pkg:/home/orangepi/Robot_Project/AMR_Robot/amr_robot/install/amr_reality_pkg:/opt/ros/humble LD_LIBRARY_PATH=/home/orangepi/Robot_Project/AMR_Robot/amr_robot/install/csm/lib:/home/orangepi/Robot_Project/AMR_Robot/amr_robot/install/laser_filters/lib:/opt/ros/humble/opt/rviz_ogre_vendor/lib:/opt/ros/humble/lib/aarch64-linux-gnu:/opt/ros/humble/lib /usr/bin/cmake /home/orangepi/Robot_Project/AMR_Robot/amr_robot/src/plicp_map_matcher -DCMAKE_INSTALL_PREFIX=/home/orangepi/Robot_Project/AMR_Robot/amr_robot/install/plicp_map_matcher
[3.542s] DEBUG:colcon.colcon_core.event_handler.log_command:Invoking command in '/home/orangepi/Robot_Project/AMR_Robot/amr_robot/build/plicp_map_matcher': CMAKE_PREFIX_PATH=/home/orangepi/Robot_Project/AMR_Robot/amr_robot/install/csm:/home/orangepi/Robot_Project/AMR_Robot/amr_robot/install/sllidar_ros2:/home/orangepi/Robot_Project/AMR_Robot/amr_robot/install/ros2_laser_scan_matcher:/home/orangepi/Robot_Project/AMR_Robot/amr_robot/install/rf2o_laser_odometry:/home/orangepi/Robot_Project/AMR_Robot/amr_robot/install/plicp_map_matcher:/home/orangepi/Robot_Project/AMR_Robot/amr_robot/install/laser_filters:/home/orangepi/Robot_Project/AMR_Robot/amr_robot/install/amr_sim_pkg:/home/orangepi/Robot_Project/AMR_Robot/amr_robot/install/amr_reality_pkg:/opt/ros/humble LD_LIBRARY_PATH=/home/orangepi/Robot_Project/AMR_Robot/amr_robot/install/csm/lib:/home/orangepi/Robot_Project/AMR_Robot/amr_robot/install/laser_filters/lib:/opt/ros/humble/opt/rviz_ogre_vendor/lib:/opt/ros/humble/lib/aarch64-linux-gnu:/opt/ros/humble/lib /usr/bin/cmake --build /home/orangepi/Robot_Project/AMR_Robot/amr_robot/build/plicp_map_matcher -- -j8 -l8
[3.749s] DEBUG:colcon.colcon_core.event_handler.log_command:Invoked command in '/home/orangepi/Robot_Project/AMR_Robot/amr_robot/build/ros2_laser_scan_matcher' returned '0': CMAKE_PREFIX_PATH=/home/orangepi/Robot_Project/AMR_Robot/amr_robot/install/csm:/home/orangepi/Robot_Project/AMR_Robot/amr_robot/install/sllidar_ros2:/home/orangepi/Robot_Project/AMR_Robot/amr_robot/install/ros2_laser_scan_matcher:/home/orangepi/Robot_Project/AMR_Robot/amr_robot/install/rf2o_laser_odometry:/home/orangepi/Robot_Project/AMR_Robot/amr_robot/install/plicp_map_matcher:/home/orangepi/Robot_Project/AMR_Robot/amr_robot/install/laser_filters:/home/orangepi/Robot_Project/AMR_Robot/amr_robot/install/amr_sim_pkg:/home/orangepi/Robot_Project/AMR_Robot/amr_robot/install/amr_reality_pkg:/opt/ros/humble LD_LIBRARY_PATH=/home/orangepi/Robot_Project/AMR_Robot/amr_robot/install/csm/lib:/home/orangepi/Robot_Project/AMR_Robot/amr_robot/install/laser_filters/lib:/opt/ros/humble/opt/rviz_ogre_vendor/lib:/opt/ros/humble/lib/aarch64-linux-gnu:/opt/ros/humble/lib /usr/bin/cmake --build /home/orangepi/Robot_Project/AMR_Robot/amr_robot/build/ros2_laser_scan_matcher -- -j8 -l8
[3.752s] DEBUG:colcon.colcon_core.event_handler.log_command:Invoking command in '/home/orangepi/Robot_Project/AMR_Robot/amr_robot/build/ros2_laser_scan_matcher': CMAKE_PREFIX_PATH=/home/orangepi/Robot_Project/AMR_Robot/amr_robot/install/csm:/home/orangepi/Robot_Project/AMR_Robot/amr_robot/install/sllidar_ros2:/home/orangepi/Robot_Project/AMR_Robot/amr_robot/install/ros2_laser_scan_matcher:/home/orangepi/Robot_Project/AMR_Robot/amr_robot/install/rf2o_laser_odometry:/home/orangepi/Robot_Project/AMR_Robot/amr_robot/install/plicp_map_matcher:/home/orangepi/Robot_Project/AMR_Robot/amr_robot/install/laser_filters:/home/orangepi/Robot_Project/AMR_Robot/amr_robot/install/amr_sim_pkg:/home/orangepi/Robot_Project/AMR_Robot/amr_robot/install/amr_reality_pkg:/opt/ros/humble LD_LIBRARY_PATH=/home/orangepi/Robot_Project/AMR_Robot/amr_robot/install/csm/lib:/home/orangepi/Robot_Project/AMR_Robot/amr_robot/install/laser_filters/lib:/opt/ros/humble/opt/rviz_ogre_vendor/lib:/opt/ros/humble/lib/aarch64-linux-gnu:/opt/ros/humble/lib /usr/bin/cmake --install /home/orangepi/Robot_Project/AMR_Robot/amr_robot/build/ros2_laser_scan_matcher
[3.790s] DEBUG:colcon.colcon_core.event_handler.log_command:Invoked command in '/home/orangepi/Robot_Project/AMR_Robot/amr_robot/build/plicp_map_matcher' returned '0': CMAKE_PREFIX_PATH=/home/orangepi/Robot_Project/AMR_Robot/amr_robot/install/csm:/home/orangepi/Robot_Project/AMR_Robot/amr_robot/install/sllidar_ros2:/home/orangepi/Robot_Project/AMR_Robot/amr_robot/install/ros2_laser_scan_matcher:/home/orangepi/Robot_Project/AMR_Robot/amr_robot/install/rf2o_laser_odometry:/home/orangepi/Robot_Project/AMR_Robot/amr_robot/install/plicp_map_matcher:/home/orangepi/Robot_Project/AMR_Robot/amr_robot/install/laser_filters:/home/orangepi/Robot_Project/AMR_Robot/amr_robot/install/amr_sim_pkg:/home/orangepi/Robot_Project/AMR_Robot/amr_robot/install/amr_reality_pkg:/opt/ros/humble LD_LIBRARY_PATH=/home/orangepi/Robot_Project/AMR_Robot/amr_robot/install/csm/lib:/home/orangepi/Robot_Project/AMR_Robot/amr_robot/install/laser_filters/lib:/opt/ros/humble/opt/rviz_ogre_vendor/lib:/opt/ros/humble/lib/aarch64-linux-gnu:/opt/ros/humble/lib /usr/bin/cmake --build /home/orangepi/Robot_Project/AMR_Robot/amr_robot/build/plicp_map_matcher -- -j8 -l8
[3.792s] DEBUG:colcon.colcon_core.event_handler.log_command:Invoking command in '/home/orangepi/Robot_Project/AMR_Robot/amr_robot/build/plicp_map_matcher': CMAKE_PREFIX_PATH=/home/orangepi/Robot_Project/AMR_Robot/amr_robot/install/csm:/home/orangepi/Robot_Project/AMR_Robot/amr_robot/install/sllidar_ros2:/home/orangepi/Robot_Project/AMR_Robot/amr_robot/install/ros2_laser_scan_matcher:/home/orangepi/Robot_Project/AMR_Robot/amr_robot/install/rf2o_laser_odometry:/home/orangepi/Robot_Project/AMR_Robot/amr_robot/install/plicp_map_matcher:/home/orangepi/Robot_Project/AMR_Robot/amr_robot/install/laser_filters:/home/orangepi/Robot_Project/AMR_Robot/amr_robot/install/amr_sim_pkg:/home/orangepi/Robot_Project/AMR_Robot/amr_robot/install/amr_reality_pkg:/opt/ros/humble LD_LIBRARY_PATH=/home/orangepi/Robot_Project/AMR_Robot/amr_robot/install/csm/lib:/home/orangepi/Robot_Project/AMR_Robot/amr_robot/install/laser_filters/lib:/opt/ros/humble/opt/rviz_ogre_vendor/lib:/opt/ros/humble/lib/aarch64-linux-gnu:/opt/ros/humble/lib /usr/bin/cmake --install /home/orangepi/Robot_Project/AMR_Robot/amr_robot/build/plicp_map_matcher
[3.799s] Level 1:colcon.colcon_core.environment:create_environment_scripts_only(ros2_laser_scan_matcher)
[3.799s] Level 1:colcon.colcon_core.environment:checking '/home/orangepi/Robot_Project/AMR_Robot/amr_robot/install/ros2_laser_scan_matcher' for CMake module files
[3.801s] DEBUG:colcon.colcon_core.event_handler.log_command:Invoked command in '/home/orangepi/Robot_Project/AMR_Robot/amr_robot/build/ros2_laser_scan_matcher' returned '0': CMAKE_PREFIX_PATH=/home/orangepi/Robot_Project/AMR_Robot/amr_robot/install/csm:/home/orangepi/Robot_Project/AMR_Robot/amr_robot/install/sllidar_ros2:/home/orangepi/Robot_Project/AMR_Robot/amr_robot/install/ros2_laser_scan_matcher:/home/orangepi/Robot_Project/AMR_Robot/amr_robot/install/rf2o_laser_odometry:/home/orangepi/Robot_Project/AMR_Robot/amr_robot/install/plicp_map_matcher:/home/orangepi/Robot_Project/AMR_Robot/amr_robot/install/laser_filters:/home/orangepi/Robot_Project/AMR_Robot/amr_robot/install/amr_sim_pkg:/home/orangepi/Robot_Project/AMR_Robot/amr_robot/install/amr_reality_pkg:/opt/ros/humble LD_LIBRARY_PATH=/home/orangepi/Robot_Project/AMR_Robot/amr_robot/install/csm/lib:/home/orangepi/Robot_Project/AMR_Robot/amr_robot/install/laser_filters/lib:/opt/ros/humble/opt/rviz_ogre_vendor/lib:/opt/ros/humble/lib/aarch64-linux-gnu:/opt/ros/humble/lib /usr/bin/cmake --install /home/orangepi/Robot_Project/AMR_Robot/amr_robot/build/ros2_laser_scan_matcher
[3.803s] Level 1:colcon.colcon_core.environment:checking '/home/orangepi/Robot_Project/AMR_Robot/amr_robot/install/ros2_laser_scan_matcher' for CMake config files
[3.804s] Level 1:colcon.colcon_core.shell:create_environment_hook('ros2_laser_scan_matcher', 'cmake_prefix_path')
[3.805s] INFO:colcon.colcon_core.shell:Creating environment hook '/home/orangepi/Robot_Project/AMR_Robot/amr_robot/install/ros2_laser_scan_matcher/share/ros2_laser_scan_matcher/hook/cmake_prefix_path.ps1'
[3.808s] INFO:colcon.colcon_core.shell:Creating environment descriptor '/home/orangepi/Robot_Project/AMR_Robot/amr_robot/install/ros2_laser_scan_matcher/share/ros2_laser_scan_matcher/hook/cmake_prefix_path.dsv'
[3.809s] INFO:colcon.colcon_core.shell:Creating environment hook '/home/orangepi/Robot_Project/AMR_Robot/amr_robot/install/ros2_laser_scan_matcher/share/ros2_laser_scan_matcher/hook/cmake_prefix_path.sh'
[3.812s] Level 1:colcon.colcon_core.environment:checking '/home/orangepi/Robot_Project/AMR_Robot/amr_robot/install/ros2_laser_scan_matcher/lib'
[3.813s] Level 1:colcon.colcon_core.environment:checking '/home/orangepi/Robot_Project/AMR_Robot/amr_robot/install/ros2_laser_scan_matcher/bin'
[3.814s] Level 1:colcon.colcon_core.environment:checking '/home/orangepi/Robot_Project/AMR_Robot/amr_robot/install/ros2_laser_scan_matcher/lib/pkgconfig/ros2_laser_scan_matcher.pc'
[3.815s] Level 1:colcon.colcon_core.environment:checking '/home/orangepi/Robot_Project/AMR_Robot/amr_robot/install/ros2_laser_scan_matcher/lib/python3.10/site-packages'
[3.818s] Level 1:colcon.colcon_core.environment:checking '/home/orangepi/Robot_Project/AMR_Robot/amr_robot/install/ros2_laser_scan_matcher/bin'
[3.820s] INFO:colcon.colcon_core.shell:Creating package script '/home/orangepi/Robot_Project/AMR_Robot/amr_robot/install/ros2_laser_scan_matcher/share/ros2_laser_scan_matcher/package.ps1'
[3.824s] INFO:colcon.colcon_core.shell:Creating package descriptor '/home/orangepi/Robot_Project/AMR_Robot/amr_robot/install/ros2_laser_scan_matcher/share/ros2_laser_scan_matcher/package.dsv'
[3.826s] INFO:colcon.colcon_core.shell:Creating package script '/home/orangepi/Robot_Project/AMR_Robot/amr_robot/install/ros2_laser_scan_matcher/share/ros2_laser_scan_matcher/package.sh'
[3.831s] INFO:colcon.colcon_core.shell:Creating package script '/home/orangepi/Robot_Project/AMR_Robot/amr_robot/install/ros2_laser_scan_matcher/share/ros2_laser_scan_matcher/package.bash'
[3.834s] INFO:colcon.colcon_core.shell:Creating package script '/home/orangepi/Robot_Project/AMR_Robot/amr_robot/install/ros2_laser_scan_matcher/share/ros2_laser_scan_matcher/package.zsh'
[3.836s] Level 1:colcon.colcon_core.environment:create_file_with_runtime_dependencies(/home/orangepi/Robot_Project/AMR_Robot/amr_robot/install/ros2_laser_scan_matcher/share/colcon-core/packages/ros2_laser_scan_matcher)
[3.840s] Level 1:colcon.colcon_core.environment:create_environment_scripts_only(ros2_laser_scan_matcher)
[3.841s] Level 1:colcon.colcon_core.environment:checking '/home/orangepi/Robot_Project/AMR_Robot/amr_robot/install/ros2_laser_scan_matcher' for CMake module files
[3.845s] Level 1:colcon.colcon_core.environment:checking '/home/orangepi/Robot_Project/AMR_Robot/amr_robot/install/ros2_laser_scan_matcher' for CMake config files
[3.846s] Level 1:colcon.colcon_core.shell:create_environment_hook('ros2_laser_scan_matcher', 'cmake_prefix_path')
[3.847s] INFO:colcon.colcon_core.shell:Creating environment hook '/home/orangepi/Robot_Project/AMR_Robot/amr_robot/install/ros2_laser_scan_matcher/share/ros2_laser_scan_matcher/hook/cmake_prefix_path.ps1'
[3.850s] INFO:colcon.colcon_core.shell:Creating environment descriptor '/home/orangepi/Robot_Project/AMR_Robot/amr_robot/install/ros2_laser_scan_matcher/share/ros2_laser_scan_matcher/hook/cmake_prefix_path.dsv'
[3.852s] INFO:colcon.colcon_core.shell:Creating environment hook '/home/orangepi/Robot_Project/AMR_Robot/amr_robot/install/ros2_laser_scan_matcher/share/ros2_laser_scan_matcher/hook/cmake_prefix_path.sh'
[3.854s] Level 1:colcon.colcon_core.environment:checking '/home/orangepi/Robot_Project/AMR_Robot/amr_robot/install/ros2_laser_scan_matcher/lib'
[3.855s] Level 1:colcon.colcon_core.environment:checking '/home/orangepi/Robot_Project/AMR_Robot/amr_robot/install/ros2_laser_scan_matcher/bin'
[3.855s] Level 1:colcon.colcon_core.environment:checking '/home/orangepi/Robot_Project/AMR_Robot/amr_robot/install/ros2_laser_scan_matcher/lib/pkgconfig/ros2_laser_scan_matcher.pc'
[3.856s] Level 1:colcon.colcon_core.environment:checking '/home/orangepi/Robot_Project/AMR_Robot/amr_robot/install/ros2_laser_scan_matcher/lib/python3.10/site-packages'
[3.858s] Level 1:colcon.colcon_core.environment:checking '/home/orangepi/Robot_Project/AMR_Robot/amr_robot/install/ros2_laser_scan_matcher/bin'
[3.859s] INFO:colcon.colcon_core.shell:Creating package script '/home/orangepi/Robot_Project/AMR_Robot/amr_robot/install/ros2_laser_scan_matcher/share/ros2_laser_scan_matcher/package.ps1'
[3.862s] INFO:colcon.colcon_core.shell:Creating package descriptor '/home/orangepi/Robot_Project/AMR_Robot/amr_robot/install/ros2_laser_scan_matcher/share/ros2_laser_scan_matcher/package.dsv'
[3.863s] INFO:colcon.colcon_core.shell:Creating package script '/home/orangepi/Robot_Project/AMR_Robot/amr_robot/install/ros2_laser_scan_matcher/share/ros2_laser_scan_matcher/package.sh'
[3.864s] INFO:colcon.colcon_core.shell:Creating package script '/home/orangepi/Robot_Project/AMR_Robot/amr_robot/install/ros2_laser_scan_matcher/share/ros2_laser_scan_matcher/package.bash'
[3.864s] INFO:colcon.colcon_core.shell:Creating package script '/home/orangepi/Robot_Project/AMR_Robot/amr_robot/install/ros2_laser_scan_matcher/share/ros2_laser_scan_matcher/package.zsh'
[3.865s] Level 1:colcon.colcon_core.environment:create_file_with_runtime_dependencies(/home/orangepi/Robot_Project/AMR_Robot/amr_robot/install/ros2_laser_scan_matcher/share/colcon-core/packages/ros2_laser_scan_matcher)
[3.867s] Level 1:colcon.colcon_core.environment:create_environment_scripts_only(plicp_map_matcher)
[3.867s] Level 1:colcon.colcon_core.environment:checking '/home/orangepi/Robot_Project/AMR_Robot/amr_robot/install/plicp_map_matcher' for CMake module files
[3.869s] DEBUG:colcon.colcon_core.event_handler.log_command:Invoked command in '/home/orangepi/Robot_Project/AMR_Robot/amr_robot/build/plicp_map_matcher' returned '0': CMAKE_PREFIX_PATH=/home/orangepi/Robot_Project/AMR_Robot/amr_robot/install/csm:/home/orangepi/Robot_Project/AMR_Robot/amr_robot/install/sllidar_ros2:/home/orangepi/Robot_Project/AMR_Robot/amr_robot/install/ros2_laser_scan_matcher:/home/orangepi/Robot_Project/AMR_Robot/amr_robot/install/rf2o_laser_odometry:/home/orangepi/Robot_Project/AMR_Robot/amr_robot/install/plicp_map_matcher:/home/orangepi/Robot_Project/AMR_Robot/amr_robot/install/laser_filters:/home/orangepi/Robot_Project/AMR_Robot/amr_robot/install/amr_sim_pkg:/home/orangepi/Robot_Project/AMR_Robot/amr_robot/install/amr_reality_pkg:/opt/ros/humble LD_LIBRARY_PATH=/home/orangepi/Robot_Project/AMR_Robot/amr_robot/install/csm/lib:/home/orangepi/Robot_Project/AMR_Robot/amr_robot/install/laser_filters/lib:/opt/ros/humble/opt/rviz_ogre_vendor/lib:/opt/ros/humble/lib/aarch64-linux-gnu:/opt/ros/humble/lib /usr/bin/cmake --install /home/orangepi/Robot_Project/AMR_Robot/amr_robot/build/plicp_map_matcher
[3.870s] Level 1:colcon.colcon_core.environment:checking '/home/orangepi/Robot_Project/AMR_Robot/amr_robot/install/plicp_map_matcher' for CMake config files
[3.871s] Level 1:colcon.colcon_core.shell:create_environment_hook('plicp_map_matcher', 'cmake_prefix_path')
[3.872s] INFO:colcon.colcon_core.shell:Creating environment hook '/home/orangepi/Robot_Project/AMR_Robot/amr_robot/install/plicp_map_matcher/share/plicp_map_matcher/hook/cmake_prefix_path.ps1'
[3.873s] INFO:colcon.colcon_core.shell:Creating environment descriptor '/home/orangepi/Robot_Project/AMR_Robot/amr_robot/install/plicp_map_matcher/share/plicp_map_matcher/hook/cmake_prefix_path.dsv'
[3.875s] INFO:colcon.colcon_core.shell:Creating environment hook '/home/orangepi/Robot_Project/AMR_Robot/amr_robot/install/plicp_map_matcher/share/plicp_map_matcher/hook/cmake_prefix_path.sh'
[3.877s] Level 1:colcon.colcon_core.environment:checking '/home/orangepi/Robot_Project/AMR_Robot/amr_robot/install/plicp_map_matcher/lib'
[3.877s] Level 1:colcon.colcon_core.environment:checking '/home/orangepi/Robot_Project/AMR_Robot/amr_robot/install/plicp_map_matcher/bin'
[3.877s] Level 1:colcon.colcon_core.environment:checking '/home/orangepi/Robot_Project/AMR_Robot/amr_robot/install/plicp_map_matcher/lib/pkgconfig/plicp_map_matcher.pc'
[3.878s] Level 1:colcon.colcon_core.environment:checking '/home/orangepi/Robot_Project/AMR_Robot/amr_robot/install/plicp_map_matcher/lib/python3.10/site-packages'
[3.879s] Level 1:colcon.colcon_core.environment:checking '/home/orangepi/Robot_Project/AMR_Robot/amr_robot/install/plicp_map_matcher/bin'
[3.880s] INFO:colcon.colcon_core.shell:Creating package script '/home/orangepi/Robot_Project/AMR_Robot/amr_robot/install/plicp_map_matcher/share/plicp_map_matcher/package.ps1'
[3.882s] INFO:colcon.colcon_core.shell:Creating package descriptor '/home/orangepi/Robot_Project/AMR_Robot/amr_robot/install/plicp_map_matcher/share/plicp_map_matcher/package.dsv'
[3.884s] INFO:colcon.colcon_core.shell:Creating package script '/home/orangepi/Robot_Project/AMR_Robot/amr_robot/install/plicp_map_matcher/share/plicp_map_matcher/package.sh'
[3.885s] INFO:colcon.colcon_core.shell:Creating package script '/home/orangepi/Robot_Project/AMR_Robot/amr_robot/install/plicp_map_matcher/share/plicp_map_matcher/package.bash'
[3.886s] INFO:colcon.colcon_core.shell:Creating package script '/home/orangepi/Robot_Project/AMR_Robot/amr_robot/install/plicp_map_matcher/share/plicp_map_matcher/package.zsh'
[3.887s] Level 1:colcon.colcon_core.environment:create_file_with_runtime_dependencies(/home/orangepi/Robot_Project/AMR_Robot/amr_robot/install/plicp_map_matcher/share/colcon-core/packages/plicp_map_matcher)
[3.888s] Level 1:colcon.colcon_core.environment:create_environment_scripts_only(plicp_map_matcher)
[3.889s] Level 1:colcon.colcon_core.environment:checking '/home/orangepi/Robot_Project/AMR_Robot/amr_robot/install/plicp_map_matcher' for CMake module files
[3.890s] Level 1:colcon.colcon_core.environment:checking '/home/orangepi/Robot_Project/AMR_Robot/amr_robot/install/plicp_map_matcher' for CMake config files
[3.891s] Level 1:colcon.colcon_core.shell:create_environment_hook('plicp_map_matcher', 'cmake_prefix_path')
[3.891s] INFO:colcon.colcon_core.shell:Creating environment hook '/home/orangepi/Robot_Project/AMR_Robot/amr_robot/install/plicp_map_matcher/share/plicp_map_matcher/hook/cmake_prefix_path.ps1'
[3.892s] INFO:colcon.colcon_core.shell:Creating environment descriptor '/home/orangepi/Robot_Project/AMR_Robot/amr_robot/install/plicp_map_matcher/share/plicp_map_matcher/hook/cmake_prefix_path.dsv'
[3.893s] INFO:colcon.colcon_core.shell:Creating environment hook '/home/orangepi/Robot_Project/AMR_Robot/amr_robot/install/plicp_map_matcher/share/plicp_map_matcher/hook/cmake_prefix_path.sh'
[3.894s] Level 1:colcon.colcon_core.environment:checking '/home/orangepi/Robot_Project/AMR_Robot/amr_robot/install/plicp_map_matcher/lib'
[3.894s] Level 1:colcon.colcon_core.environment:checking '/home/orangepi/Robot_Project/AMR_Robot/amr_robot/install/plicp_map_matcher/bin'
[3.894s] Level 1:colcon.colcon_core.environment:checking '/home/orangepi/Robot_Project/AMR_Robot/amr_robot/install/plicp_map_matcher/lib/pkgconfig/plicp_map_matcher.pc'
[3.894s] Level 1:colcon.colcon_core.environment:checking '/home/orangepi/Robot_Project/AMR_Robot/amr_robot/install/plicp_map_matcher/lib/python3.10/site-packages'
[3.895s] Level 1:colcon.colcon_core.environment:checking '/home/orangepi/Robot_Project/AMR_Robot/amr_robot/install/plicp_map_matcher/bin'
[3.895s] INFO:colcon.colcon_core.shell:Creating package script '/home/orangepi/Robot_Project/AMR_Robot/amr_robot/install/plicp_map_matcher/share/plicp_map_matcher/package.ps1'
[3.896s] INFO:colcon.colcon_core.shell:Creating package descriptor '/home/orangepi/Robot_Project/AMR_Robot/amr_robot/install/plicp_map_matcher/share/plicp_map_matcher/package.dsv'
[3.897s] INFO:colcon.colcon_core.shell:Creating package script '/home/orangepi/Robot_Project/AMR_Robot/amr_robot/install/plicp_map_matcher/share/plicp_map_matcher/package.sh'
[3.898s] INFO:colcon.colcon_core.shell:Creating package script '/home/orangepi/Robot_Project/AMR_Robot/amr_robot/install/plicp_map_matcher/share/plicp_map_matcher/package.bash'
[3.899s] INFO:colcon.colcon_core.shell:Creating package script '/home/orangepi/Robot_Project/AMR_Robot/amr_robot/install/plicp_map_matcher/share/plicp_map_matcher/package.zsh'
[3.899s] Level 1:colcon.colcon_core.environment:create_file_with_runtime_dependencies(/home/orangepi/Robot_Project/AMR_Robot/amr_robot/install/plicp_map_matcher/share/colcon-core/packages/plicp_map_matcher)
[3.905s] DEBUG:colcon.colcon_core.event_handler.log_command:Invoked command in '/home/orangepi/Robot_Project/AMR_Robot/amr_robot/build/amr_reality_pkg' returned '0': CMAKE_PREFIX_PATH=${CMAKE_PREFIX_PATH}:/opt/ros/humble /usr/bin/cmake --build /home/orangepi/Robot_Project/AMR_Robot/amr_robot/build/amr_reality_pkg -- -j8 -l8
[3.908s] DEBUG:colcon.colcon_core.event_handler.log_command:Invoking command in '/home/orangepi/Robot_Project/AMR_Robot/amr_robot/build/amr_reality_pkg': CMAKE_PREFIX_PATH=${CMAKE_PREFIX_PATH}:/opt/ros/humble /usr/bin/cmake --install /home/orangepi/Robot_Project/AMR_Robot/amr_robot/build/amr_reality_pkg
[4.147s] Level 1:colcon.colcon_core.environment:create_environment_scripts_only(amr_reality_pkg)
[4.148s] Level 1:colcon.colcon_core.environment:checking '/home/orangepi/Robot_Project/AMR_Robot/amr_robot/install/amr_reality_pkg' for CMake module files
[4.150s] DEBUG:colcon.colcon_core.event_handler.log_command:Invoked command in '/home/orangepi/Robot_Project/AMR_Robot/amr_robot/build/amr_reality_pkg' returned '0': CMAKE_PREFIX_PATH=${CMAKE_PREFIX_PATH}:/opt/ros/humble /usr/bin/cmake --install /home/orangepi/Robot_Project/AMR_Robot/amr_robot/build/amr_reality_pkg
[4.152s] Level 1:colcon.colcon_core.environment:checking '/home/orangepi/Robot_Project/AMR_Robot/amr_robot/install/amr_reality_pkg' for CMake config files
[4.153s] Level 1:colcon.colcon_core.shell:create_environment_hook('amr_reality_pkg', 'cmake_prefix_path')
[4.154s] INFO:colcon.colcon_core.shell:Creating environment hook '/home/orangepi/Robot_Project/AMR_Robot/amr_robot/install/amr_reality_pkg/share/amr_reality_pkg/hook/cmake_prefix_path.ps1'
[4.156s] INFO:colcon.colcon_core.shell:Creating environment descriptor '/home/orangepi/Robot_Project/AMR_Robot/amr_robot/install/amr_reality_pkg/share/amr_reality_pkg/hook/cmake_prefix_path.dsv'
[4.157s] INFO:colcon.colcon_core.shell:Creating environment hook '/home/orangepi/Robot_Project/AMR_Robot/amr_robot/install/amr_reality_pkg/share/amr_reality_pkg/hook/cmake_prefix_path.sh'
[4.160s] Level 1:colcon.colcon_core.environment:checking '/home/orangepi/Robot_Project/AMR_Robot/amr_robot/install/amr_reality_pkg/lib'
[4.160s] Level 1:colcon.colcon_core.environment:checking '/home/orangepi/Robot_Project/AMR_Robot/amr_robot/install/amr_reality_pkg/bin'
[4.160s] Level 1:colcon.colcon_core.environment:checking '/home/orangepi/Robot_Project/AMR_Robot/amr_robot/install/amr_reality_pkg/lib/pkgconfig/amr_reality_pkg.pc'
[4.161s] Level 1:colcon.colcon_core.environment:checking '/home/orangepi/Robot_Project/AMR_Robot/amr_robot/install/amr_reality_pkg/lib/python3.10/site-packages'
[4.163s] Level 1:colcon.colcon_core.environment:checking '/home/orangepi/Robot_Project/AMR_Robot/amr_robot/install/amr_reality_pkg/bin'
[4.164s] INFO:colcon.colcon_core.shell:Creating package script '/home/orangepi/Robot_Project/AMR_Robot/amr_robot/install/amr_reality_pkg/share/amr_reality_pkg/package.ps1'
[4.167s] INFO:colcon.colcon_core.shell:Creating package descriptor '/home/orangepi/Robot_Project/AMR_Robot/amr_robot/install/amr_reality_pkg/share/amr_reality_pkg/package.dsv'
[4.168s] INFO:colcon.colcon_core.shell:Creating package script '/home/orangepi/Robot_Project/AMR_Robot/amr_robot/install/amr_reality_pkg/share/amr_reality_pkg/package.sh'
[4.170s] INFO:colcon.colcon_core.shell:Creating package script '/home/orangepi/Robot_Project/AMR_Robot/amr_robot/install/amr_reality_pkg/share/amr_reality_pkg/package.bash'
[4.172s] INFO:colcon.colcon_core.shell:Creating package script '/home/orangepi/Robot_Project/AMR_Robot/amr_robot/install/amr_reality_pkg/share/amr_reality_pkg/package.zsh'
[4.173s] Level 1:colcon.colcon_core.environment:create_file_with_runtime_dependencies(/home/orangepi/Robot_Project/AMR_Robot/amr_robot/install/amr_reality_pkg/share/colcon-core/packages/amr_reality_pkg)
[4.176s] Level 1:colcon.colcon_core.environment:create_environment_scripts_only(amr_reality_pkg)
[4.177s] Level 1:colcon.colcon_core.environment:checking '/home/orangepi/Robot_Project/AMR_Robot/amr_robot/install/amr_reality_pkg' for CMake module files
[4.180s] Level 1:colcon.colcon_core.environment:checking '/home/orangepi/Robot_Project/AMR_Robot/amr_robot/install/amr_reality_pkg' for CMake config files
[4.181s] Level 1:colcon.colcon_core.shell:create_environment_hook('amr_reality_pkg', 'cmake_prefix_path')
[4.183s] INFO:colcon.colcon_core.shell:Creating environment hook '/home/orangepi/Robot_Project/AMR_Robot/amr_robot/install/amr_reality_pkg/share/amr_reality_pkg/hook/cmake_prefix_path.ps1'
[4.184s] INFO:colcon.colcon_core.shell:Creating environment descriptor '/home/orangepi/Robot_Project/AMR_Robot/amr_robot/install/amr_reality_pkg/share/amr_reality_pkg/hook/cmake_prefix_path.dsv'
[4.186s] INFO:colcon.colcon_core.shell:Creating environment hook '/home/orangepi/Robot_Project/AMR_Robot/amr_robot/install/amr_reality_pkg/share/amr_reality_pkg/hook/cmake_prefix_path.sh'
[4.188s] Level 1:colcon.colcon_core.environment:checking '/home/orangepi/Robot_Project/AMR_Robot/amr_robot/install/amr_reality_pkg/lib'
[4.189s] Level 1:colcon.colcon_core.environment:checking '/home/orangepi/Robot_Project/AMR_Robot/amr_robot/install/amr_reality_pkg/bin'
[4.189s] Level 1:colcon.colcon_core.environment:checking '/home/orangepi/Robot_Project/AMR_Robot/amr_robot/install/amr_reality_pkg/lib/pkgconfig/amr_reality_pkg.pc'
[4.190s] Level 1:colcon.colcon_core.environment:checking '/home/orangepi/Robot_Project/AMR_Robot/amr_robot/install/amr_reality_pkg/lib/python3.10/site-packages'
[4.192s] Level 1:colcon.colcon_core.environment:checking '/home/orangepi/Robot_Project/AMR_Robot/amr_robot/install/amr_reality_pkg/bin'
[4.193s] INFO:colcon.colcon_core.shell:Creating package script '/home/orangepi/Robot_Project/AMR_Robot/amr_robot/install/amr_reality_pkg/share/amr_reality_pkg/package.ps1'
[4.196s] INFO:colcon.colcon_core.shell:Creating package descriptor '/home/orangepi/Robot_Project/AMR_Robot/amr_robot/install/amr_reality_pkg/share/amr_reality_pkg/package.dsv'
[4.198s] INFO:colcon.colcon_core.shell:Creating package script '/home/orangepi/Robot_Project/AMR_Robot/amr_robot/install/amr_reality_pkg/share/amr_reality_pkg/package.sh'
[4.204s] INFO:colcon.colcon_core.shell:Creating package script '/home/orangepi/Robot_Project/AMR_Robot/amr_robot/install/amr_reality_pkg/share/amr_reality_pkg/package.bash'
[4.206s] INFO:colcon.colcon_core.shell:Creating package script '/home/orangepi/Robot_Project/AMR_Robot/amr_robot/install/amr_reality_pkg/share/amr_reality_pkg/package.zsh'
[4.208s] Level 1:colcon.colcon_core.environment:create_file_with_runtime_dependencies(/home/orangepi/Robot_Project/AMR_Robot/amr_robot/install/amr_reality_pkg/share/colcon-core/packages/amr_reality_pkg)
[4.210s] DEBUG:colcon.colcon_parallel_executor.executor.parallel:closing loop
[4.210s] DEBUG:colcon.colcon_parallel_executor.executor.parallel:loop closed
[4.211s] DEBUG:colcon.colcon_parallel_executor.executor.parallel:run_until_complete finished with '0'
[4.211s] DEBUG:colcon.colcon_core.event_reactor:joining thread
[4.212s] DEBUG:colcon.colcon_core.event_reactor:joined thread
[4.213s] INFO:colcon.colcon_core.shell:Creating prefix script '/home/orangepi/Robot_Project/AMR_Robot/amr_robot/install/local_setup.ps1'
[4.215s] INFO:colcon.colcon_core.shell:Creating prefix util module '/home/orangepi/Robot_Project/AMR_Robot/amr_robot/install/_local_setup_util_ps1.py'
[4.218s] INFO:colcon.colcon_core.shell:Creating prefix chain script '/home/orangepi/Robot_Project/AMR_Robot/amr_robot/install/setup.ps1'
[4.221s] INFO:colcon.colcon_core.shell:Creating prefix script '/home/orangepi/Robot_Project/AMR_Robot/amr_robot/install/local_setup.sh'
[4.222s] INFO:colcon.colcon_core.shell:Creating prefix util module '/home/orangepi/Robot_Project/AMR_Robot/amr_robot/install/_local_setup_util_sh.py'
[4.223s] INFO:colcon.colcon_core.shell:Creating prefix chain script '/home/orangepi/Robot_Project/AMR_Robot/amr_robot/install/setup.sh'
[4.225s] INFO:colcon.colcon_core.shell:Creating prefix script '/home/orangepi/Robot_Project/AMR_Robot/amr_robot/install/local_setup.bash'
[4.227s] INFO:colcon.colcon_core.shell:Creating prefix chain script '/home/orangepi/Robot_Project/AMR_Robot/amr_robot/install/setup.bash'
[4.229s] INFO:colcon.colcon_core.shell:Creating prefix script '/home/orangepi/Robot_Project/AMR_Robot/amr_robot/install/local_setup.zsh'
[4.230s] INFO:colcon.colcon_core.shell:Creating prefix chain script '/home/orangepi/Robot_Project/AMR_Robot/amr_robot/install/setup.zsh'
