[0.129s] DEBUG:colcon:Command line arguments: ['/usr/bin/colcon', 'build', '--symlink-install']
[0.129s] DEBUG:colcon:Parsed command line arguments: Namespace(log_base=None, log_level=None, verb_name='build', build_base='build', install_base='install', merge_install=False, symlink_install=True, test_result_base=None, continue_on_error=False, executor='parallel', parallel_workers=8, event_handlers=None, ignore_user_meta=False, metas=['./colcon.meta'], base_paths=['.'], packages_ignore=None, packages_ignore_regex=None, paths=None, packages_up_to=None, packages_up_to_regex=None, packages_above=None, packages_above_and_dependencies=None, packages_above_depth=None, packages_select_by_dep=None, packages_skip_by_dep=None, packages_skip_up_to=None, packages_select_build_failed=False, packages_skip_build_finished=False, packages_select_test_failures=False, packages_skip_test_passed=False, packages_select=None, packages_skip=None, packages_select_regex=None, packages_skip_regex=None, packages_start=None, packages_end=None, cmake_args=None, cmake_target=None, cmake_target_skip_unavailable=False, cmake_clean_cache=False, cmake_clean_first=False, cmake_force_configure=False, ament_cmake_args=None, catkin_cmake_args=None, catkin_skip_building_tests=False, verb_parser=<colcon_defaults.argument_parser.defaults.DefaultArgumentsDecorator object at 0x7fb5f76200>, verb_extension=<colcon_core.verb.build.BuildVerb object at 0x7fb6107970>, main=<bound method BuildVerb.main of <colcon_core.verb.build.BuildVerb object at 0x7fb6107970>>)
[0.290s] Level 1:colcon.colcon_core.package_discovery:discover_packages(colcon_meta) check parameters
[0.291s] Level 1:colcon.colcon_core.package_discovery:discover_packages(recursive) check parameters
[0.291s] Level 1:colcon.colcon_core.package_discovery:discover_packages(ignore) check parameters
[0.291s] Level 1:colcon.colcon_core.package_discovery:discover_packages(path) check parameters
[0.291s] Level 1:colcon.colcon_core.package_discovery:discover_packages(colcon_meta) discover
[0.291s] Level 1:colcon.colcon_core.package_discovery:discover_packages(recursive) discover
[0.291s] INFO:colcon.colcon_core.package_discovery:Crawling recursively for packages in '/home/orangepi/Robot_Project/AMR_Robot/amr_robot'
[0.291s] Level 1:colcon.colcon_core.package_identification:_identify(.) by extensions ['ignore', 'ignore_ament_install']
[0.291s] Level 1:colcon.colcon_core.package_identification:_identify(.) by extension 'ignore'
[0.291s] Level 1:colcon.colcon_core.package_identification:_identify(.) by extension 'ignore_ament_install'
[0.291s] Level 1:colcon.colcon_core.package_identification:_identify(.) by extensions ['colcon_pkg']
[0.291s] Level 1:colcon.colcon_core.package_identification:_identify(.) by extension 'colcon_pkg'
[0.291s] Level 1:colcon.colcon_core.package_identification:_identify(.) by extensions ['colcon_meta']
[0.292s] Level 1:colcon.colcon_core.package_identification:_identify(.) by extension 'colcon_meta'
[0.292s] Level 1:colcon.colcon_core.package_identification:_identify(.) by extensions ['ros']
[0.292s] Level 1:colcon.colcon_core.package_identification:_identify(.) by extension 'ros'
[0.306s] Level 1:colcon.colcon_core.package_identification:_identify(.) by extensions ['cmake', 'python']
[0.306s] Level 1:colcon.colcon_core.package_identification:_identify(.) by extension 'cmake'
[0.306s] Level 1:colcon.colcon_core.package_identification:_identify(.) by extension 'python'
[0.306s] Level 1:colcon.colcon_core.package_identification:_identify(.) by extensions ['python_setup_py']
[0.306s] Level 1:colcon.colcon_core.package_identification:_identify(.) by extension 'python_setup_py'
[0.306s] Level 1:colcon.colcon_core.package_identification:_identify(build) by extensions ['ignore', 'ignore_ament_install']
[0.306s] Level 1:colcon.colcon_core.package_identification:_identify(build) by extension 'ignore'
[0.307s] Level 1:colcon.colcon_core.package_identification:_identify(build) ignored
[0.307s] Level 1:colcon.colcon_core.package_identification:_identify(install) by extensions ['ignore', 'ignore_ament_install']
[0.307s] Level 1:colcon.colcon_core.package_identification:_identify(install) by extension 'ignore'
[0.307s] Level 1:colcon.colcon_core.package_identification:_identify(install) ignored
[0.307s] Level 1:colcon.colcon_core.package_identification:_identify(log) by extensions ['ignore', 'ignore_ament_install']
[0.307s] Level 1:colcon.colcon_core.package_identification:_identify(log) by extension 'ignore'
[0.307s] Level 1:colcon.colcon_core.package_identification:_identify(log) ignored
[0.307s] Level 1:colcon.colcon_core.package_identification:_identify(src) by extensions ['ignore', 'ignore_ament_install']
[0.307s] Level 1:colcon.colcon_core.package_identification:_identify(src) by extension 'ignore'
[0.307s] Level 1:colcon.colcon_core.package_identification:_identify(src) by extension 'ignore_ament_install'
[0.308s] Level 1:colcon.colcon_core.package_identification:_identify(src) by extensions ['colcon_pkg']
[0.308s] Level 1:colcon.colcon_core.package_identification:_identify(src) by extension 'colcon_pkg'
[0.308s] Level 1:colcon.colcon_core.package_identification:_identify(src) by extensions ['colcon_meta']
[0.308s] Level 1:colcon.colcon_core.package_identification:_identify(src) by extension 'colcon_meta'
[0.308s] Level 1:colcon.colcon_core.package_identification:_identify(src) by extensions ['ros']
[0.308s] Level 1:colcon.colcon_core.package_identification:_identify(src) by extension 'ros'
[0.308s] Level 1:colcon.colcon_core.package_identification:_identify(src) by extensions ['cmake', 'python']
[0.308s] Level 1:colcon.colcon_core.package_identification:_identify(src) by extension 'cmake'
[0.308s] Level 1:colcon.colcon_core.package_identification:_identify(src) by extension 'python'
[0.308s] Level 1:colcon.colcon_core.package_identification:_identify(src) by extensions ['python_setup_py']
[0.308s] Level 1:colcon.colcon_core.package_identification:_identify(src) by extension 'python_setup_py'
[0.308s] Level 1:colcon.colcon_core.package_identification:_identify(src/amr_reality_pkg) by extensions ['ignore', 'ignore_ament_install']
[0.308s] Level 1:colcon.colcon_core.package_identification:_identify(src/amr_reality_pkg) by extension 'ignore'
[0.308s] Level 1:colcon.colcon_core.package_identification:_identify(src/amr_reality_pkg) by extension 'ignore_ament_install'
[0.308s] Level 1:colcon.colcon_core.package_identification:_identify(src/amr_reality_pkg) by extensions ['colcon_pkg']
[0.309s] Level 1:colcon.colcon_core.package_identification:_identify(src/amr_reality_pkg) by extension 'colcon_pkg'
[0.309s] Level 1:colcon.colcon_core.package_identification:_identify(src/amr_reality_pkg) by extensions ['colcon_meta']
[0.309s] Level 1:colcon.colcon_core.package_identification:_identify(src/amr_reality_pkg) by extension 'colcon_meta'
[0.309s] Level 1:colcon.colcon_core.package_identification:_identify(src/amr_reality_pkg) by extensions ['ros']
[0.309s] Level 1:colcon.colcon_core.package_identification:_identify(src/amr_reality_pkg) by extension 'ros'
[0.312s] DEBUG:colcon.colcon_core.package_identification:Package 'src/amr_reality_pkg' with type 'ros.ament_cmake' and name 'amr_reality_pkg'
[0.312s] Level 1:colcon.colcon_core.package_identification:_identify(src/amr_sim_pkg) by extensions ['ignore', 'ignore_ament_install']
[0.313s] Level 1:colcon.colcon_core.package_identification:_identify(src/amr_sim_pkg) by extension 'ignore'
[0.313s] Level 1:colcon.colcon_core.package_identification:_identify(src/amr_sim_pkg) by extension 'ignore_ament_install'
[0.313s] Level 1:colcon.colcon_core.package_identification:_identify(src/amr_sim_pkg) by extensions ['colcon_pkg']
[0.313s] Level 1:colcon.colcon_core.package_identification:_identify(src/amr_sim_pkg) by extension 'colcon_pkg'
[0.313s] Level 1:colcon.colcon_core.package_identification:_identify(src/amr_sim_pkg) by extensions ['colcon_meta']
[0.313s] Level 1:colcon.colcon_core.package_identification:_identify(src/amr_sim_pkg) by extension 'colcon_meta'
[0.313s] Level 1:colcon.colcon_core.package_identification:_identify(src/amr_sim_pkg) by extensions ['ros']
[0.313s] Level 1:colcon.colcon_core.package_identification:_identify(src/amr_sim_pkg) by extension 'ros'
[0.314s] DEBUG:colcon.colcon_core.package_identification:Package 'src/amr_sim_pkg' with type 'ros.ament_cmake' and name 'amr_sim_pkg'
[0.314s] Level 1:colcon.colcon_core.package_identification:_identify(src/csm) by extensions ['ignore', 'ignore_ament_install']
[0.314s] Level 1:colcon.colcon_core.package_identification:_identify(src/csm) by extension 'ignore'
[0.314s] Level 1:colcon.colcon_core.package_identification:_identify(src/csm) by extension 'ignore_ament_install'
[0.315s] Level 1:colcon.colcon_core.package_identification:_identify(src/csm) by extensions ['colcon_pkg']
[0.315s] Level 1:colcon.colcon_core.package_identification:_identify(src/csm) by extension 'colcon_pkg'
[0.315s] Level 1:colcon.colcon_core.package_identification:_identify(src/csm) by extensions ['colcon_meta']
[0.315s] Level 1:colcon.colcon_core.package_identification:_identify(src/csm) by extension 'colcon_meta'
[0.315s] Level 1:colcon.colcon_core.package_identification:_identify(src/csm) by extensions ['ros']
[0.315s] Level 1:colcon.colcon_core.package_identification:_identify(src/csm) by extension 'ros'
[0.316s] DEBUG:colcon.colcon_core.package_identification:Package 'src/csm' with type 'ros.ament_cmake' and name 'csm'
[0.316s] Level 1:colcon.colcon_core.package_identification:_identify(src/laser_filters) by extensions ['ignore', 'ignore_ament_install']
[0.316s] Level 1:colcon.colcon_core.package_identification:_identify(src/laser_filters) by extension 'ignore'
[0.316s] Level 1:colcon.colcon_core.package_identification:_identify(src/laser_filters) by extension 'ignore_ament_install'
[0.316s] Level 1:colcon.colcon_core.package_identification:_identify(src/laser_filters) by extensions ['colcon_pkg']
[0.316s] Level 1:colcon.colcon_core.package_identification:_identify(src/laser_filters) by extension 'colcon_pkg'
[0.316s] Level 1:colcon.colcon_core.package_identification:_identify(src/laser_filters) by extensions ['colcon_meta']
[0.316s] Level 1:colcon.colcon_core.package_identification:_identify(src/laser_filters) by extension 'colcon_meta'
[0.316s] Level 1:colcon.colcon_core.package_identification:_identify(src/laser_filters) by extensions ['ros']
[0.316s] Level 1:colcon.colcon_core.package_identification:_identify(src/laser_filters) by extension 'ros'
[0.318s] DEBUG:colcon.colcon_core.package_identification:Package 'src/laser_filters' with type 'ros.ament_cmake' and name 'laser_filters'
[0.319s] Level 1:colcon.colcon_core.package_identification:_identify(src/plicp_map_matcher) by extensions ['ignore', 'ignore_ament_install']
[0.319s] Level 1:colcon.colcon_core.package_identification:_identify(src/plicp_map_matcher) by extension 'ignore'
[0.319s] Level 1:colcon.colcon_core.package_identification:_identify(src/plicp_map_matcher) by extension 'ignore_ament_install'
[0.319s] Level 1:colcon.colcon_core.package_identification:_identify(src/plicp_map_matcher) by extensions ['colcon_pkg']
[0.319s] Level 1:colcon.colcon_core.package_identification:_identify(src/plicp_map_matcher) by extension 'colcon_pkg'
[0.319s] Level 1:colcon.colcon_core.package_identification:_identify(src/plicp_map_matcher) by extensions ['colcon_meta']
[0.319s] Level 1:colcon.colcon_core.package_identification:_identify(src/plicp_map_matcher) by extension 'colcon_meta'
[0.319s] Level 1:colcon.colcon_core.package_identification:_identify(src/plicp_map_matcher) by extensions ['ros']
[0.319s] Level 1:colcon.colcon_core.package_identification:_identify(src/plicp_map_matcher) by extension 'ros'
[0.321s] DEBUG:colcon.colcon_core.package_identification:Package 'src/plicp_map_matcher' with type 'ros.ament_cmake' and name 'plicp_map_matcher'
[0.321s] Level 1:colcon.colcon_core.package_identification:_identify(src/rf2o_laser_odometry) by extensions ['ignore', 'ignore_ament_install']
[0.321s] Level 1:colcon.colcon_core.package_identification:_identify(src/rf2o_laser_odometry) by extension 'ignore'
[0.321s] Level 1:colcon.colcon_core.package_identification:_identify(src/rf2o_laser_odometry) by extension 'ignore_ament_install'
[0.321s] Level 1:colcon.colcon_core.package_identification:_identify(src/rf2o_laser_odometry) by extensions ['colcon_pkg']
[0.321s] Level 1:colcon.colcon_core.package_identification:_identify(src/rf2o_laser_odometry) by extension 'colcon_pkg'
[0.321s] Level 1:colcon.colcon_core.package_identification:_identify(src/rf2o_laser_odometry) by extensions ['colcon_meta']
[0.321s] Level 1:colcon.colcon_core.package_identification:_identify(src/rf2o_laser_odometry) by extension 'colcon_meta'
[0.321s] Level 1:colcon.colcon_core.package_identification:_identify(src/rf2o_laser_odometry) by extensions ['ros']
[0.321s] Level 1:colcon.colcon_core.package_identification:_identify(src/rf2o_laser_odometry) by extension 'ros'
[0.324s] DEBUG:colcon.colcon_core.package_identification:Package 'src/rf2o_laser_odometry' with type 'ros.ament_cmake' and name 'rf2o_laser_odometry'
[0.325s] Level 1:colcon.colcon_core.package_identification:_identify(src/ros2_laser_scan_matcher) by extensions ['ignore', 'ignore_ament_install']
[0.325s] Level 1:colcon.colcon_core.package_identification:_identify(src/ros2_laser_scan_matcher) by extension 'ignore'
[0.325s] Level 1:colcon.colcon_core.package_identification:_identify(src/ros2_laser_scan_matcher) by extension 'ignore_ament_install'
[0.325s] Level 1:colcon.colcon_core.package_identification:_identify(src/ros2_laser_scan_matcher) by extensions ['colcon_pkg']
[0.325s] Level 1:colcon.colcon_core.package_identification:_identify(src/ros2_laser_scan_matcher) by extension 'colcon_pkg'
[0.325s] Level 1:colcon.colcon_core.package_identification:_identify(src/ros2_laser_scan_matcher) by extensions ['colcon_meta']
[0.325s] Level 1:colcon.colcon_core.package_identification:_identify(src/ros2_laser_scan_matcher) by extension 'colcon_meta'
[0.325s] Level 1:colcon.colcon_core.package_identification:_identify(src/ros2_laser_scan_matcher) by extensions ['ros']
[0.325s] Level 1:colcon.colcon_core.package_identification:_identify(src/ros2_laser_scan_matcher) by extension 'ros'
[0.326s] DEBUG:colcon.colcon_core.package_identification:Package 'src/ros2_laser_scan_matcher' with type 'ros.ament_cmake' and name 'ros2_laser_scan_matcher'
[0.326s] Level 1:colcon.colcon_core.package_identification:_identify(src/sllidar_ros2) by extensions ['ignore', 'ignore_ament_install']
[0.326s] Level 1:colcon.colcon_core.package_identification:_identify(src/sllidar_ros2) by extension 'ignore'
[0.327s] Level 1:colcon.colcon_core.package_identification:_identify(src/sllidar_ros2) by extension 'ignore_ament_install'
[0.327s] Level 1:colcon.colcon_core.package_identification:_identify(src/sllidar_ros2) by extensions ['colcon_pkg']
[0.327s] Level 1:colcon.colcon_core.package_identification:_identify(src/sllidar_ros2) by extension 'colcon_pkg'
[0.327s] Level 1:colcon.colcon_core.package_identification:_identify(src/sllidar_ros2) by extensions ['colcon_meta']
[0.327s] Level 1:colcon.colcon_core.package_identification:_identify(src/sllidar_ros2) by extension 'colcon_meta'
[0.327s] Level 1:colcon.colcon_core.package_identification:_identify(src/sllidar_ros2) by extensions ['ros']
[0.327s] Level 1:colcon.colcon_core.package_identification:_identify(src/sllidar_ros2) by extension 'ros'
[0.328s] DEBUG:colcon.colcon_core.package_identification:Package 'src/sllidar_ros2' with type 'ros.ament_cmake' and name 'sllidar_ros2'
[0.328s] Level 1:colcon.colcon_core.package_discovery:discover_packages(recursive) using defaults
[0.328s] Level 1:colcon.colcon_core.package_discovery:discover_packages(ignore) discover
[0.328s] Level 1:colcon.colcon_core.package_discovery:discover_packages(ignore) using defaults
[0.328s] Level 1:colcon.colcon_core.package_discovery:discover_packages(path) discover
[0.328s] Level 1:colcon.colcon_core.package_discovery:discover_packages(path) using defaults
[0.355s] Level 5:colcon.colcon_core.verb:set package 'amr_reality_pkg' build argument 'cmake_args' from command line to 'None'
[0.355s] Level 5:colcon.colcon_core.verb:set package 'amr_reality_pkg' build argument 'cmake_target' from command line to 'None'
[0.355s] Level 5:colcon.colcon_core.verb:set package 'amr_reality_pkg' build argument 'cmake_target_skip_unavailable' from command line to 'False'
[0.355s] Level 5:colcon.colcon_core.verb:set package 'amr_reality_pkg' build argument 'cmake_clean_cache' from command line to 'False'
[0.355s] Level 5:colcon.colcon_core.verb:set package 'amr_reality_pkg' build argument 'cmake_clean_first' from command line to 'False'
[0.355s] Level 5:colcon.colcon_core.verb:set package 'amr_reality_pkg' build argument 'cmake_force_configure' from command line to 'False'
[0.355s] Level 5:colcon.colcon_core.verb:set package 'amr_reality_pkg' build argument 'ament_cmake_args' from command line to 'None'
[0.355s] Level 5:colcon.colcon_core.verb:set package 'amr_reality_pkg' build argument 'catkin_cmake_args' from command line to 'None'
[0.355s] Level 5:colcon.colcon_core.verb:set package 'amr_reality_pkg' build argument 'catkin_skip_building_tests' from command line to 'False'
[0.355s] DEBUG:colcon.colcon_core.verb:Building package 'amr_reality_pkg' with the following arguments: {'ament_cmake_args': None, 'build_base': '/home/orangepi/Robot_Project/AMR_Robot/amr_robot/build/amr_reality_pkg', 'catkin_cmake_args': None, 'catkin_skip_building_tests': False, 'cmake_args': None, 'cmake_clean_cache': False, 'cmake_clean_first': False, 'cmake_force_configure': False, 'cmake_target': None, 'cmake_target_skip_unavailable': False, 'install_base': '/home/orangepi/Robot_Project/AMR_Robot/amr_robot/install/amr_reality_pkg', 'merge_install': False, 'path': '/home/orangepi/Robot_Project/AMR_Robot/amr_robot/src/amr_reality_pkg', 'symlink_install': True, 'test_result_base': None}
[0.356s] Level 5:colcon.colcon_core.verb:set package 'amr_sim_pkg' build argument 'cmake_args' from command line to 'None'
[0.356s] Level 5:colcon.colcon_core.verb:set package 'amr_sim_pkg' build argument 'cmake_target' from command line to 'None'
[0.356s] Level 5:colcon.colcon_core.verb:set package 'amr_sim_pkg' build argument 'cmake_target_skip_unavailable' from command line to 'False'
[0.356s] Level 5:colcon.colcon_core.verb:set package 'amr_sim_pkg' build argument 'cmake_clean_cache' from command line to 'False'
[0.356s] Level 5:colcon.colcon_core.verb:set package 'amr_sim_pkg' build argument 'cmake_clean_first' from command line to 'False'
[0.356s] Level 5:colcon.colcon_core.verb:set package 'amr_sim_pkg' build argument 'cmake_force_configure' from command line to 'False'
[0.356s] Level 5:colcon.colcon_core.verb:set package 'amr_sim_pkg' build argument 'ament_cmake_args' from command line to 'None'
[0.356s] Level 5:colcon.colcon_core.verb:set package 'amr_sim_pkg' build argument 'catkin_cmake_args' from command line to 'None'
[0.356s] Level 5:colcon.colcon_core.verb:set package 'amr_sim_pkg' build argument 'catkin_skip_building_tests' from command line to 'False'
[0.356s] DEBUG:colcon.colcon_core.verb:Building package 'amr_sim_pkg' with the following arguments: {'ament_cmake_args': None, 'build_base': '/home/orangepi/Robot_Project/AMR_Robot/amr_robot/build/amr_sim_pkg', 'catkin_cmake_args': None, 'catkin_skip_building_tests': False, 'cmake_args': None, 'cmake_clean_cache': False, 'cmake_clean_first': False, 'cmake_force_configure': False, 'cmake_target': None, 'cmake_target_skip_unavailable': False, 'install_base': '/home/orangepi/Robot_Project/AMR_Robot/amr_robot/install/amr_sim_pkg', 'merge_install': False, 'path': '/home/orangepi/Robot_Project/AMR_Robot/amr_robot/src/amr_sim_pkg', 'symlink_install': True, 'test_result_base': None}
[0.356s] Level 5:colcon.colcon_core.verb:set package 'csm' build argument 'cmake_args' from command line to 'None'
[0.356s] Level 5:colcon.colcon_core.verb:set package 'csm' build argument 'cmake_target' from command line to 'None'
[0.356s] Level 5:colcon.colcon_core.verb:set package 'csm' build argument 'cmake_target_skip_unavailable' from command line to 'False'
[0.356s] Level 5:colcon.colcon_core.verb:set package 'csm' build argument 'cmake_clean_cache' from command line to 'False'
[0.356s] Level 5:colcon.colcon_core.verb:set package 'csm' build argument 'cmake_clean_first' from command line to 'False'
[0.357s] Level 5:colcon.colcon_core.verb:set package 'csm' build argument 'cmake_force_configure' from command line to 'False'
[0.357s] Level 5:colcon.colcon_core.verb:set package 'csm' build argument 'ament_cmake_args' from command line to 'None'
[0.357s] Level 5:colcon.colcon_core.verb:set package 'csm' build argument 'catkin_cmake_args' from command line to 'None'
[0.357s] Level 5:colcon.colcon_core.verb:set package 'csm' build argument 'catkin_skip_building_tests' from command line to 'False'
[0.357s] DEBUG:colcon.colcon_core.verb:Building package 'csm' with the following arguments: {'ament_cmake_args': None, 'build_base': '/home/orangepi/Robot_Project/AMR_Robot/amr_robot/build/csm', 'catkin_cmake_args': None, 'catkin_skip_building_tests': False, 'cmake_args': None, 'cmake_clean_cache': False, 'cmake_clean_first': False, 'cmake_force_configure': False, 'cmake_target': None, 'cmake_target_skip_unavailable': False, 'install_base': '/home/orangepi/Robot_Project/AMR_Robot/amr_robot/install/csm', 'merge_install': False, 'path': '/home/orangepi/Robot_Project/AMR_Robot/amr_robot/src/csm', 'symlink_install': True, 'test_result_base': None}
[0.357s] Level 5:colcon.colcon_core.verb:set package 'laser_filters' build argument 'cmake_args' from command line to 'None'
[0.357s] Level 5:colcon.colcon_core.verb:set package 'laser_filters' build argument 'cmake_target' from command line to 'None'
[0.357s] Level 5:colcon.colcon_core.verb:set package 'laser_filters' build argument 'cmake_target_skip_unavailable' from command line to 'False'
[0.357s] Level 5:colcon.colcon_core.verb:set package 'laser_filters' build argument 'cmake_clean_cache' from command line to 'False'
[0.357s] Level 5:colcon.colcon_core.verb:set package 'laser_filters' build argument 'cmake_clean_first' from command line to 'False'
[0.357s] Level 5:colcon.colcon_core.verb:set package 'laser_filters' build argument 'cmake_force_configure' from command line to 'False'
[0.357s] Level 5:colcon.colcon_core.verb:set package 'laser_filters' build argument 'ament_cmake_args' from command line to 'None'
[0.357s] Level 5:colcon.colcon_core.verb:set package 'laser_filters' build argument 'catkin_cmake_args' from command line to 'None'
[0.357s] Level 5:colcon.colcon_core.verb:set package 'laser_filters' build argument 'catkin_skip_building_tests' from command line to 'False'
[0.357s] DEBUG:colcon.colcon_core.verb:Building package 'laser_filters' with the following arguments: {'ament_cmake_args': None, 'build_base': '/home/orangepi/Robot_Project/AMR_Robot/amr_robot/build/laser_filters', 'catkin_cmake_args': None, 'catkin_skip_building_tests': False, 'cmake_args': None, 'cmake_clean_cache': False, 'cmake_clean_first': False, 'cmake_force_configure': False, 'cmake_target': None, 'cmake_target_skip_unavailable': False, 'install_base': '/home/orangepi/Robot_Project/AMR_Robot/amr_robot/install/laser_filters', 'merge_install': False, 'path': '/home/orangepi/Robot_Project/AMR_Robot/amr_robot/src/laser_filters', 'symlink_install': True, 'test_result_base': None}
[0.358s] Level 5:colcon.colcon_core.verb:set package 'rf2o_laser_odometry' build argument 'cmake_args' from command line to 'None'
[0.358s] Level 5:colcon.colcon_core.verb:set package 'rf2o_laser_odometry' build argument 'cmake_target' from command line to 'None'
[0.358s] Level 5:colcon.colcon_core.verb:set package 'rf2o_laser_odometry' build argument 'cmake_target_skip_unavailable' from command line to 'False'
[0.358s] Level 5:colcon.colcon_core.verb:set package 'rf2o_laser_odometry' build argument 'cmake_clean_cache' from command line to 'False'
[0.358s] Level 5:colcon.colcon_core.verb:set package 'rf2o_laser_odometry' build argument 'cmake_clean_first' from command line to 'False'
[0.358s] Level 5:colcon.colcon_core.verb:set package 'rf2o_laser_odometry' build argument 'cmake_force_configure' from command line to 'False'
[0.358s] Level 5:colcon.colcon_core.verb:set package 'rf2o_laser_odometry' build argument 'ament_cmake_args' from command line to 'None'
[0.358s] Level 5:colcon.colcon_core.verb:set package 'rf2o_laser_odometry' build argument 'catkin_cmake_args' from command line to 'None'
[0.358s] Level 5:colcon.colcon_core.verb:set package 'rf2o_laser_odometry' build argument 'catkin_skip_building_tests' from command line to 'False'
[0.358s] DEBUG:colcon.colcon_core.verb:Building package 'rf2o_laser_odometry' with the following arguments: {'ament_cmake_args': None, 'build_base': '/home/orangepi/Robot_Project/AMR_Robot/amr_robot/build/rf2o_laser_odometry', 'catkin_cmake_args': None, 'catkin_skip_building_tests': False, 'cmake_args': None, 'cmake_clean_cache': False, 'cmake_clean_first': False, 'cmake_force_configure': False, 'cmake_target': None, 'cmake_target_skip_unavailable': False, 'install_base': '/home/orangepi/Robot_Project/AMR_Robot/amr_robot/install/rf2o_laser_odometry', 'merge_install': False, 'path': '/home/orangepi/Robot_Project/AMR_Robot/amr_robot/src/rf2o_laser_odometry', 'symlink_install': True, 'test_result_base': None}
[0.358s] Level 5:colcon.colcon_core.verb:set package 'sllidar_ros2' build argument 'cmake_args' from command line to 'None'
[0.358s] Level 5:colcon.colcon_core.verb:set package 'sllidar_ros2' build argument 'cmake_target' from command line to 'None'
[0.358s] Level 5:colcon.colcon_core.verb:set package 'sllidar_ros2' build argument 'cmake_target_skip_unavailable' from command line to 'False'
[0.359s] Level 5:colcon.colcon_core.verb:set package 'sllidar_ros2' build argument 'cmake_clean_cache' from command line to 'False'
[0.359s] Level 5:colcon.colcon_core.verb:set package 'sllidar_ros2' build argument 'cmake_clean_first' from command line to 'False'
[0.359s] Level 5:colcon.colcon_core.verb:set package 'sllidar_ros2' build argument 'cmake_force_configure' from command line to 'False'
[0.359s] Level 5:colcon.colcon_core.verb:set package 'sllidar_ros2' build argument 'ament_cmake_args' from command line to 'None'
[0.359s] Level 5:colcon.colcon_core.verb:set package 'sllidar_ros2' build argument 'catkin_cmake_args' from command line to 'None'
[0.359s] Level 5:colcon.colcon_core.verb:set package 'sllidar_ros2' build argument 'catkin_skip_building_tests' from command line to 'False'
[0.359s] DEBUG:colcon.colcon_core.verb:Building package 'sllidar_ros2' with the following arguments: {'ament_cmake_args': None, 'build_base': '/home/orangepi/Robot_Project/AMR_Robot/amr_robot/build/sllidar_ros2', 'catkin_cmake_args': None, 'catkin_skip_building_tests': False, 'cmake_args': None, 'cmake_clean_cache': False, 'cmake_clean_first': False, 'cmake_force_configure': False, 'cmake_target': None, 'cmake_target_skip_unavailable': False, 'install_base': '/home/orangepi/Robot_Project/AMR_Robot/amr_robot/install/sllidar_ros2', 'merge_install': False, 'path': '/home/orangepi/Robot_Project/AMR_Robot/amr_robot/src/sllidar_ros2', 'symlink_install': True, 'test_result_base': None}
[0.359s] Level 5:colcon.colcon_core.verb:set package 'plicp_map_matcher' build argument 'cmake_args' from command line to 'None'
[0.359s] Level 5:colcon.colcon_core.verb:set package 'plicp_map_matcher' build argument 'cmake_target' from command line to 'None'
[0.359s] Level 5:colcon.colcon_core.verb:set package 'plicp_map_matcher' build argument 'cmake_target_skip_unavailable' from command line to 'False'
[0.359s] Level 5:colcon.colcon_core.verb:set package 'plicp_map_matcher' build argument 'cmake_clean_cache' from command line to 'False'
[0.359s] Level 5:colcon.colcon_core.verb:set package 'plicp_map_matcher' build argument 'cmake_clean_first' from command line to 'False'
[0.359s] Level 5:colcon.colcon_core.verb:set package 'plicp_map_matcher' build argument 'cmake_force_configure' from command line to 'False'
[0.359s] Level 5:colcon.colcon_core.verb:set package 'plicp_map_matcher' build argument 'ament_cmake_args' from command line to 'None'
[0.359s] Level 5:colcon.colcon_core.verb:set package 'plicp_map_matcher' build argument 'catkin_cmake_args' from command line to 'None'
[0.359s] Level 5:colcon.colcon_core.verb:set package 'plicp_map_matcher' build argument 'catkin_skip_building_tests' from command line to 'False'
[0.359s] DEBUG:colcon.colcon_core.verb:Building package 'plicp_map_matcher' with the following arguments: {'ament_cmake_args': None, 'build_base': '/home/orangepi/Robot_Project/AMR_Robot/amr_robot/build/plicp_map_matcher', 'catkin_cmake_args': None, 'catkin_skip_building_tests': False, 'cmake_args': None, 'cmake_clean_cache': False, 'cmake_clean_first': False, 'cmake_force_configure': False, 'cmake_target': None, 'cmake_target_skip_unavailable': False, 'install_base': '/home/orangepi/Robot_Project/AMR_Robot/amr_robot/install/plicp_map_matcher', 'merge_install': False, 'path': '/home/orangepi/Robot_Project/AMR_Robot/amr_robot/src/plicp_map_matcher', 'symlink_install': True, 'test_result_base': None}
[0.360s] Level 5:colcon.colcon_core.verb:set package 'ros2_laser_scan_matcher' build argument 'cmake_args' from command line to 'None'
[0.360s] Level 5:colcon.colcon_core.verb:set package 'ros2_laser_scan_matcher' build argument 'cmake_target' from command line to 'None'
[0.360s] Level 5:colcon.colcon_core.verb:set package 'ros2_laser_scan_matcher' build argument 'cmake_target_skip_unavailable' from command line to 'False'
[0.360s] Level 5:colcon.colcon_core.verb:set package 'ros2_laser_scan_matcher' build argument 'cmake_clean_cache' from command line to 'False'
[0.360s] Level 5:colcon.colcon_core.verb:set package 'ros2_laser_scan_matcher' build argument 'cmake_clean_first' from command line to 'False'
[0.360s] Level 5:colcon.colcon_core.verb:set package 'ros2_laser_scan_matcher' build argument 'cmake_force_configure' from command line to 'False'
[0.360s] Level 5:colcon.colcon_core.verb:set package 'ros2_laser_scan_matcher' build argument 'ament_cmake_args' from command line to 'None'
[0.360s] Level 5:colcon.colcon_core.verb:set package 'ros2_laser_scan_matcher' build argument 'catkin_cmake_args' from command line to 'None'
[0.360s] Level 5:colcon.colcon_core.verb:set package 'ros2_laser_scan_matcher' build argument 'catkin_skip_building_tests' from command line to 'False'
[0.360s] DEBUG:colcon.colcon_core.verb:Building package 'ros2_laser_scan_matcher' with the following arguments: {'ament_cmake_args': None, 'build_base': '/home/orangepi/Robot_Project/AMR_Robot/amr_robot/build/ros2_laser_scan_matcher', 'catkin_cmake_args': None, 'catkin_skip_building_tests': False, 'cmake_args': None, 'cmake_clean_cache': False, 'cmake_clean_first': False, 'cmake_force_configure': False, 'cmake_target': None, 'cmake_target_skip_unavailable': False, 'install_base': '/home/orangepi/Robot_Project/AMR_Robot/amr_robot/install/ros2_laser_scan_matcher', 'merge_install': False, 'path': '/home/orangepi/Robot_Project/AMR_Robot/amr_robot/src/ros2_laser_scan_matcher', 'symlink_install': True, 'test_result_base': None}
[0.360s] INFO:colcon.colcon_core.executor:Executing jobs using 'parallel' executor
[0.362s] DEBUG:colcon.colcon_parallel_executor.executor.parallel:run_until_complete
[0.362s] INFO:colcon.colcon_ros.task.ament_cmake.build:Building ROS package in '/home/orangepi/Robot_Project/AMR_Robot/amr_robot/src/csm' with build type 'ament_cmake'
[0.362s] INFO:colcon.colcon_cmake.task.cmake.build:Building CMake package in '/home/orangepi/Robot_Project/AMR_Robot/amr_robot/src/csm'
[0.365s] INFO:colcon.colcon_core.plugin_system:Skipping extension 'colcon_core.shell.bat': Not used on non-Windows systems
[0.365s] INFO:colcon.colcon_core.shell:Skip shell extension 'powershell' for command environment: Not usable outside of PowerShell
[0.365s] DEBUG:colcon.colcon_core.shell:Skip shell extension 'dsv' for command environment
[0.372s] INFO:colcon.colcon_ros.task.ament_cmake.build:Building ROS package in '/home/orangepi/Robot_Project/AMR_Robot/amr_robot/src/amr_reality_pkg' with build type 'ament_cmake'
[0.372s] INFO:colcon.colcon_cmake.task.cmake.build:Building CMake package in '/home/orangepi/Robot_Project/AMR_Robot/amr_robot/src/amr_reality_pkg'
[0.372s] INFO:colcon.colcon_core.shell:Skip shell extension 'powershell' for command environment: Not usable outside of PowerShell
[0.372s] DEBUG:colcon.colcon_core.shell:Skip shell extension 'dsv' for command environment
[0.378s] INFO:colcon.colcon_ros.task.ament_cmake.build:Building ROS package in '/home/orangepi/Robot_Project/AMR_Robot/amr_robot/src/amr_sim_pkg' with build type 'ament_cmake'
[0.378s] INFO:colcon.colcon_cmake.task.cmake.build:Building CMake package in '/home/orangepi/Robot_Project/AMR_Robot/amr_robot/src/amr_sim_pkg'
[0.379s] INFO:colcon.colcon_core.shell:Skip shell extension 'powershell' for command environment: Not usable outside of PowerShell
[0.379s] DEBUG:colcon.colcon_core.shell:Skip shell extension 'dsv' for command environment
[0.384s] INFO:colcon.colcon_ros.task.ament_cmake.build:Building ROS package in '/home/orangepi/Robot_Project/AMR_Robot/amr_robot/src/laser_filters' with build type 'ament_cmake'
[0.384s] INFO:colcon.colcon_cmake.task.cmake.build:Building CMake package in '/home/orangepi/Robot_Project/AMR_Robot/amr_robot/src/laser_filters'
[0.385s] INFO:colcon.colcon_core.shell:Skip shell extension 'powershell' for command environment: Not usable outside of PowerShell
[0.385s] DEBUG:colcon.colcon_core.shell:Skip shell extension 'dsv' for command environment
[0.390s] INFO:colcon.colcon_ros.task.ament_cmake.build:Building ROS package in '/home/orangepi/Robot_Project/AMR_Robot/amr_robot/src/rf2o_laser_odometry' with build type 'ament_cmake'
[0.390s] INFO:colcon.colcon_cmake.task.cmake.build:Building CMake package in '/home/orangepi/Robot_Project/AMR_Robot/amr_robot/src/rf2o_laser_odometry'
[0.391s] INFO:colcon.colcon_core.shell:Skip shell extension 'powershell' for command environment: Not usable outside of PowerShell
[0.391s] DEBUG:colcon.colcon_core.shell:Skip shell extension 'dsv' for command environment
[0.396s] INFO:colcon.colcon_ros.task.ament_cmake.build:Building ROS package in '/home/orangepi/Robot_Project/AMR_Robot/amr_robot/src/sllidar_ros2' with build type 'ament_cmake'
[0.396s] INFO:colcon.colcon_cmake.task.cmake.build:Building CMake package in '/home/orangepi/Robot_Project/AMR_Robot/amr_robot/src/sllidar_ros2'
[0.396s] INFO:colcon.colcon_core.shell:Skip shell extension 'powershell' for command environment: Not usable outside of PowerShell
[0.396s] DEBUG:colcon.colcon_core.shell:Skip shell extension 'dsv' for command environment
[0.414s] DEBUG:colcon.colcon_core.event_handler.log_command:Invoking command in '/home/orangepi/Robot_Project/AMR_Robot/amr_robot/build/csm': CMAKE_PREFIX_PATH=${CMAKE_PREFIX_PATH}:/opt/ros/humble /usr/bin/cmake --build /home/orangepi/Robot_Project/AMR_Robot/amr_robot/build/csm -- -j8 -l8
[0.421s] DEBUG:colcon.colcon_core.event_handler.log_command:Invoking command in '/home/orangepi/Robot_Project/AMR_Robot/amr_robot/build/amr_reality_pkg': CMAKE_PREFIX_PATH=${CMAKE_PREFIX_PATH}:/opt/ros/humble /usr/bin/cmake --build /home/orangepi/Robot_Project/AMR_Robot/amr_robot/build/amr_reality_pkg -- -j8 -l8
[0.428s] DEBUG:colcon.colcon_core.event_handler.log_command:Invoking command in '/home/orangepi/Robot_Project/AMR_Robot/amr_robot/build/amr_sim_pkg': CMAKE_PREFIX_PATH=${CMAKE_PREFIX_PATH}:/opt/ros/humble /usr/bin/cmake --build /home/orangepi/Robot_Project/AMR_Robot/amr_robot/build/amr_sim_pkg -- -j8 -l8
[0.434s] DEBUG:colcon.colcon_core.event_handler.log_command:Invoking command in '/home/orangepi/Robot_Project/AMR_Robot/amr_robot/build/laser_filters': CMAKE_PREFIX_PATH=${CMAKE_PREFIX_PATH}:/opt/ros/humble /usr/bin/cmake --build /home/orangepi/Robot_Project/AMR_Robot/amr_robot/build/laser_filters -- -j8 -l8
[0.444s] DEBUG:colcon.colcon_core.event_handler.log_command:Invoking command in '/home/orangepi/Robot_Project/AMR_Robot/amr_robot/build/rf2o_laser_odometry': CMAKE_PREFIX_PATH=${CMAKE_PREFIX_PATH}:/opt/ros/humble /usr/bin/cmake --build /home/orangepi/Robot_Project/AMR_Robot/amr_robot/build/rf2o_laser_odometry -- -j8 -l8
[0.451s] DEBUG:colcon.colcon_core.event_handler.log_command:Invoking command in '/home/orangepi/Robot_Project/AMR_Robot/amr_robot/build/sllidar_ros2': CMAKE_PREFIX_PATH=${CMAKE_PREFIX_PATH}:/opt/ros/humble /usr/bin/cmake --build /home/orangepi/Robot_Project/AMR_Robot/amr_robot/build/sllidar_ros2 -- -j8 -l8
[0.506s] DEBUG:colcon.colcon_core.event_handler.log_command:Invoked command in '/home/orangepi/Robot_Project/AMR_Robot/amr_robot/build/amr_sim_pkg' returned '0': CMAKE_PREFIX_PATH=${CMAKE_PREFIX_PATH}:/opt/ros/humble /usr/bin/cmake --build /home/orangepi/Robot_Project/AMR_Robot/amr_robot/build/amr_sim_pkg -- -j8 -l8
[0.522s] DEBUG:colcon.colcon_core.event_handler.log_command:Invoking command in '/home/orangepi/Robot_Project/AMR_Robot/amr_robot/build/amr_sim_pkg': CMAKE_PREFIX_PATH=${CMAKE_PREFIX_PATH}:/opt/ros/humble /usr/bin/cmake --install /home/orangepi/Robot_Project/AMR_Robot/amr_robot/build/amr_sim_pkg
[0.549s] DEBUG:colcon.colcon_core.event_handler.log_command:Invoked command in '/home/orangepi/Robot_Project/AMR_Robot/amr_robot/build/rf2o_laser_odometry' returned '0': CMAKE_PREFIX_PATH=${CMAKE_PREFIX_PATH}:/opt/ros/humble /usr/bin/cmake --build /home/orangepi/Robot_Project/AMR_Robot/amr_robot/build/rf2o_laser_odometry -- -j8 -l8
[0.553s] DEBUG:colcon.colcon_core.event_handler.log_command:Invoking command in '/home/orangepi/Robot_Project/AMR_Robot/amr_robot/build/rf2o_laser_odometry': CMAKE_PREFIX_PATH=${CMAKE_PREFIX_PATH}:/opt/ros/humble /usr/bin/cmake --install /home/orangepi/Robot_Project/AMR_Robot/amr_robot/build/rf2o_laser_odometry
[0.587s] DEBUG:colcon.colcon_core.event_handler.log_command:Invoked command in '/home/orangepi/Robot_Project/AMR_Robot/amr_robot/build/csm' returned '0': CMAKE_PREFIX_PATH=${CMAKE_PREFIX_PATH}:/opt/ros/humble /usr/bin/cmake --build /home/orangepi/Robot_Project/AMR_Robot/amr_robot/build/csm -- -j8 -l8
[0.589s] Level 1:colcon.colcon_core.environment:create_environment_scripts_only(amr_sim_pkg)
[0.591s] DEBUG:colcon.colcon_core.event_handler.log_command:Invoking command in '/home/orangepi/Robot_Project/AMR_Robot/amr_robot/build/csm': CMAKE_PREFIX_PATH=${CMAKE_PREFIX_PATH}:/opt/ros/humble /usr/bin/cmake --install /home/orangepi/Robot_Project/AMR_Robot/amr_robot/build/csm
[0.592s] DEBUG:colcon.colcon_core.event_handler.log_command:Invoked command in '/home/orangepi/Robot_Project/AMR_Robot/amr_robot/build/amr_sim_pkg' returned '0': CMAKE_PREFIX_PATH=${CMAKE_PREFIX_PATH}:/opt/ros/humble /usr/bin/cmake --install /home/orangepi/Robot_Project/AMR_Robot/amr_robot/build/amr_sim_pkg
[0.596s] Level 1:colcon.colcon_core.environment:checking '/home/orangepi/Robot_Project/AMR_Robot/amr_robot/install/amr_sim_pkg' for CMake module files
[0.596s] Level 1:colcon.colcon_core.environment:checking '/home/orangepi/Robot_Project/AMR_Robot/amr_robot/install/amr_sim_pkg' for CMake config files
[0.597s] Level 1:colcon.colcon_core.shell:create_environment_hook('amr_sim_pkg', 'cmake_prefix_path')
[0.597s] INFO:colcon.colcon_core.shell:Creating environment hook '/home/orangepi/Robot_Project/AMR_Robot/amr_robot/install/amr_sim_pkg/share/amr_sim_pkg/hook/cmake_prefix_path.ps1'
[0.602s] INFO:colcon.colcon_core.shell:Creating environment descriptor '/home/orangepi/Robot_Project/AMR_Robot/amr_robot/install/amr_sim_pkg/share/amr_sim_pkg/hook/cmake_prefix_path.dsv'
[0.603s] INFO:colcon.colcon_core.shell:Creating environment hook '/home/orangepi/Robot_Project/AMR_Robot/amr_robot/install/amr_sim_pkg/share/amr_sim_pkg/hook/cmake_prefix_path.sh'
[0.605s] Level 1:colcon.colcon_core.environment:checking '/home/orangepi/Robot_Project/AMR_Robot/amr_robot/install/amr_sim_pkg/lib'
[0.605s] Level 1:colcon.colcon_core.environment:checking '/home/orangepi/Robot_Project/AMR_Robot/amr_robot/install/amr_sim_pkg/bin'
[0.605s] Level 1:colcon.colcon_core.environment:checking '/home/orangepi/Robot_Project/AMR_Robot/amr_robot/install/amr_sim_pkg/lib/pkgconfig/amr_sim_pkg.pc'
[0.608s] Level 1:colcon.colcon_core.environment:checking '/home/orangepi/Robot_Project/AMR_Robot/amr_robot/install/amr_sim_pkg/lib/python3.10/site-packages'
[0.609s] Level 1:colcon.colcon_core.environment:checking '/home/orangepi/Robot_Project/AMR_Robot/amr_robot/install/amr_sim_pkg/bin'
[0.610s] INFO:colcon.colcon_core.shell:Creating package script '/home/orangepi/Robot_Project/AMR_Robot/amr_robot/install/amr_sim_pkg/share/amr_sim_pkg/package.ps1'
[0.612s] INFO:colcon.colcon_core.shell:Creating package descriptor '/home/orangepi/Robot_Project/AMR_Robot/amr_robot/install/amr_sim_pkg/share/amr_sim_pkg/package.dsv'
[0.613s] INFO:colcon.colcon_core.shell:Creating package script '/home/orangepi/Robot_Project/AMR_Robot/amr_robot/install/amr_sim_pkg/share/amr_sim_pkg/package.sh'
[0.616s] INFO:colcon.colcon_core.shell:Creating package script '/home/orangepi/Robot_Project/AMR_Robot/amr_robot/install/amr_sim_pkg/share/amr_sim_pkg/package.bash'
[0.666s] INFO:colcon.colcon_core.shell:Creating package script '/home/orangepi/Robot_Project/AMR_Robot/amr_robot/install/amr_sim_pkg/share/amr_sim_pkg/package.zsh'
[0.670s] Level 1:colcon.colcon_core.environment:create_file_with_runtime_dependencies(/home/orangepi/Robot_Project/AMR_Robot/amr_robot/install/amr_sim_pkg/share/colcon-core/packages/amr_sim_pkg)
[0.672s] Level 1:colcon.colcon_core.environment:create_environment_scripts_only(amr_sim_pkg)
[0.673s] Level 1:colcon.colcon_core.environment:checking '/home/orangepi/Robot_Project/AMR_Robot/amr_robot/install/amr_sim_pkg' for CMake module files
[0.673s] Level 1:colcon.colcon_core.environment:checking '/home/orangepi/Robot_Project/AMR_Robot/amr_robot/install/amr_sim_pkg' for CMake config files
[0.674s] Level 1:colcon.colcon_core.shell:create_environment_hook('amr_sim_pkg', 'cmake_prefix_path')
[0.674s] INFO:colcon.colcon_core.shell:Creating environment hook '/home/orangepi/Robot_Project/AMR_Robot/amr_robot/install/amr_sim_pkg/share/amr_sim_pkg/hook/cmake_prefix_path.ps1'
[0.675s] INFO:colcon.colcon_core.shell:Creating environment descriptor '/home/orangepi/Robot_Project/AMR_Robot/amr_robot/install/amr_sim_pkg/share/amr_sim_pkg/hook/cmake_prefix_path.dsv'
[0.676s] INFO:colcon.colcon_core.shell:Creating environment hook '/home/orangepi/Robot_Project/AMR_Robot/amr_robot/install/amr_sim_pkg/share/amr_sim_pkg/hook/cmake_prefix_path.sh'
[0.678s] Level 1:colcon.colcon_core.environment:checking '/home/orangepi/Robot_Project/AMR_Robot/amr_robot/install/amr_sim_pkg/lib'
[0.678s] Level 1:colcon.colcon_core.environment:checking '/home/orangepi/Robot_Project/AMR_Robot/amr_robot/install/amr_sim_pkg/bin'
[0.678s] Level 1:colcon.colcon_core.environment:checking '/home/orangepi/Robot_Project/AMR_Robot/amr_robot/install/amr_sim_pkg/lib/pkgconfig/amr_sim_pkg.pc'
[0.679s] Level 1:colcon.colcon_core.environment:checking '/home/orangepi/Robot_Project/AMR_Robot/amr_robot/install/amr_sim_pkg/lib/python3.10/site-packages'
[0.679s] Level 1:colcon.colcon_core.environment:checking '/home/orangepi/Robot_Project/AMR_Robot/amr_robot/install/amr_sim_pkg/bin'
[0.680s] INFO:colcon.colcon_core.shell:Creating package script '/home/orangepi/Robot_Project/AMR_Robot/amr_robot/install/amr_sim_pkg/share/amr_sim_pkg/package.ps1'
[0.681s] INFO:colcon.colcon_core.shell:Creating package descriptor '/home/orangepi/Robot_Project/AMR_Robot/amr_robot/install/amr_sim_pkg/share/amr_sim_pkg/package.dsv'
[0.682s] INFO:colcon.colcon_core.shell:Creating package script '/home/orangepi/Robot_Project/AMR_Robot/amr_robot/install/amr_sim_pkg/share/amr_sim_pkg/package.sh'
[0.683s] INFO:colcon.colcon_core.shell:Creating package script '/home/orangepi/Robot_Project/AMR_Robot/amr_robot/install/amr_sim_pkg/share/amr_sim_pkg/package.bash'
[0.684s] INFO:colcon.colcon_core.shell:Creating package script '/home/orangepi/Robot_Project/AMR_Robot/amr_robot/install/amr_sim_pkg/share/amr_sim_pkg/package.zsh'
[0.685s] Level 1:colcon.colcon_core.environment:create_file_with_runtime_dependencies(/home/orangepi/Robot_Project/AMR_Robot/amr_robot/install/amr_sim_pkg/share/colcon-core/packages/amr_sim_pkg)
[0.688s] DEBUG:colcon.colcon_core.event_handler.log_command:Invoked command in '/home/orangepi/Robot_Project/AMR_Robot/amr_robot/build/sllidar_ros2' returned '0': CMAKE_PREFIX_PATH=${CMAKE_PREFIX_PATH}:/opt/ros/humble /usr/bin/cmake --build /home/orangepi/Robot_Project/AMR_Robot/amr_robot/build/sllidar_ros2 -- -j8 -l8
[0.690s] DEBUG:colcon.colcon_core.event_handler.log_command:Invoking command in '/home/orangepi/Robot_Project/AMR_Robot/amr_robot/build/sllidar_ros2': CMAKE_PREFIX_PATH=${CMAKE_PREFIX_PATH}:/opt/ros/humble /usr/bin/cmake --install /home/orangepi/Robot_Project/AMR_Robot/amr_robot/build/sllidar_ros2
[0.691s] Level 1:colcon.colcon_core.environment:create_environment_scripts_only(csm)
[0.691s] Level 1:colcon.colcon_core.environment:checking '/home/orangepi/Robot_Project/AMR_Robot/amr_robot/install/csm' for CMake module files
[0.692s] DEBUG:colcon.colcon_core.event_handler.log_command:Invoked command in '/home/orangepi/Robot_Project/AMR_Robot/amr_robot/build/csm' returned '0': CMAKE_PREFIX_PATH=${CMAKE_PREFIX_PATH}:/opt/ros/humble /usr/bin/cmake --install /home/orangepi/Robot_Project/AMR_Robot/amr_robot/build/csm
[0.692s] Level 1:colcon.colcon_core.environment:checking '/home/orangepi/Robot_Project/AMR_Robot/amr_robot/install/csm' for CMake config files
[0.693s] Level 1:colcon.colcon_core.shell:create_environment_hook('csm', 'cmake_prefix_path')
[0.693s] INFO:colcon.colcon_core.shell:Creating environment hook '/home/orangepi/Robot_Project/AMR_Robot/amr_robot/install/csm/share/csm/hook/cmake_prefix_path.ps1'
[0.694s] INFO:colcon.colcon_core.shell:Creating environment descriptor '/home/orangepi/Robot_Project/AMR_Robot/amr_robot/install/csm/share/csm/hook/cmake_prefix_path.dsv'
[0.695s] INFO:colcon.colcon_core.shell:Creating environment hook '/home/orangepi/Robot_Project/AMR_Robot/amr_robot/install/csm/share/csm/hook/cmake_prefix_path.sh'
[0.696s] Level 1:colcon.colcon_core.environment:checking '/home/orangepi/Robot_Project/AMR_Robot/amr_robot/install/csm/lib'
[0.696s] Level 1:colcon.colcon_core.shell:create_environment_hook('csm', 'ld_library_path_lib')
[0.697s] INFO:colcon.colcon_core.shell:Creating environment hook '/home/orangepi/Robot_Project/AMR_Robot/amr_robot/install/csm/share/csm/hook/ld_library_path_lib.ps1'
[0.698s] INFO:colcon.colcon_core.shell:Creating environment descriptor '/home/orangepi/Robot_Project/AMR_Robot/amr_robot/install/csm/share/csm/hook/ld_library_path_lib.dsv'
[0.699s] INFO:colcon.colcon_core.shell:Creating environment hook '/home/orangepi/Robot_Project/AMR_Robot/amr_robot/install/csm/share/csm/hook/ld_library_path_lib.sh'
[0.699s] Level 1:colcon.colcon_core.environment:checking '/home/orangepi/Robot_Project/AMR_Robot/amr_robot/install/csm/bin'
[0.700s] Level 1:colcon.colcon_core.environment:checking '/home/orangepi/Robot_Project/AMR_Robot/amr_robot/install/csm/lib/pkgconfig/csm.pc'
[0.700s] Level 1:colcon.colcon_core.environment:checking '/home/orangepi/Robot_Project/AMR_Robot/amr_robot/install/csm/lib/python3.10/site-packages'
[0.701s] Level 1:colcon.colcon_core.environment:checking '/home/orangepi/Robot_Project/AMR_Robot/amr_robot/install/csm/bin'
[0.701s] INFO:colcon.colcon_core.shell:Creating package script '/home/orangepi/Robot_Project/AMR_Robot/amr_robot/install/csm/share/csm/package.ps1'
[0.703s] INFO:colcon.colcon_core.shell:Creating package descriptor '/home/orangepi/Robot_Project/AMR_Robot/amr_robot/install/csm/share/csm/package.dsv'
[0.704s] INFO:colcon.colcon_core.shell:Creating package script '/home/orangepi/Robot_Project/AMR_Robot/amr_robot/install/csm/share/csm/package.sh'
[0.704s] INFO:colcon.colcon_core.shell:Creating package script '/home/orangepi/Robot_Project/AMR_Robot/amr_robot/install/csm/share/csm/package.bash'
[0.705s] INFO:colcon.colcon_core.shell:Creating package script '/home/orangepi/Robot_Project/AMR_Robot/amr_robot/install/csm/share/csm/package.zsh'
[0.706s] Level 1:colcon.colcon_core.environment:create_file_with_runtime_dependencies(/home/orangepi/Robot_Project/AMR_Robot/amr_robot/install/csm/share/colcon-core/packages/csm)
[0.707s] Level 1:colcon.colcon_core.environment:create_environment_scripts_only(csm)
[0.708s] Level 1:colcon.colcon_core.environment:checking '/home/orangepi/Robot_Project/AMR_Robot/amr_robot/install/csm' for CMake module files
[0.708s] Level 1:colcon.colcon_core.environment:checking '/home/orangepi/Robot_Project/AMR_Robot/amr_robot/install/csm' for CMake config files
[0.709s] Level 1:colcon.colcon_core.shell:create_environment_hook('csm', 'cmake_prefix_path')
[0.709s] INFO:colcon.colcon_core.shell:Creating environment hook '/home/orangepi/Robot_Project/AMR_Robot/amr_robot/install/csm/share/csm/hook/cmake_prefix_path.ps1'
[0.710s] INFO:colcon.colcon_core.shell:Creating environment descriptor '/home/orangepi/Robot_Project/AMR_Robot/amr_robot/install/csm/share/csm/hook/cmake_prefix_path.dsv'
[0.711s] INFO:colcon.colcon_core.shell:Creating environment hook '/home/orangepi/Robot_Project/AMR_Robot/amr_robot/install/csm/share/csm/hook/cmake_prefix_path.sh'
[0.712s] Level 1:colcon.colcon_core.environment:checking '/home/orangepi/Robot_Project/AMR_Robot/amr_robot/install/csm/lib'
[0.712s] Level 1:colcon.colcon_core.shell:create_environment_hook('csm', 'ld_library_path_lib')
[0.712s] INFO:colcon.colcon_core.shell:Creating environment hook '/home/orangepi/Robot_Project/AMR_Robot/amr_robot/install/csm/share/csm/hook/ld_library_path_lib.ps1'
[0.713s] INFO:colcon.colcon_core.shell:Creating environment descriptor '/home/orangepi/Robot_Project/AMR_Robot/amr_robot/install/csm/share/csm/hook/ld_library_path_lib.dsv'
[0.713s] INFO:colcon.colcon_core.shell:Creating environment hook '/home/orangepi/Robot_Project/AMR_Robot/amr_robot/install/csm/share/csm/hook/ld_library_path_lib.sh'
[0.714s] Level 1:colcon.colcon_core.environment:checking '/home/orangepi/Robot_Project/AMR_Robot/amr_robot/install/csm/bin'
[0.714s] Level 1:colcon.colcon_core.environment:checking '/home/orangepi/Robot_Project/AMR_Robot/amr_robot/install/csm/lib/pkgconfig/csm.pc'
[0.714s] Level 1:colcon.colcon_core.environment:checking '/home/orangepi/Robot_Project/AMR_Robot/amr_robot/install/csm/lib/python3.10/site-packages'
[0.715s] Level 1:colcon.colcon_core.environment:checking '/home/orangepi/Robot_Project/AMR_Robot/amr_robot/install/csm/bin'
[0.716s] INFO:colcon.colcon_core.shell:Creating package script '/home/orangepi/Robot_Project/AMR_Robot/amr_robot/install/csm/share/csm/package.ps1'
[0.717s] INFO:colcon.colcon_core.shell:Creating package descriptor '/home/orangepi/Robot_Project/AMR_Robot/amr_robot/install/csm/share/csm/package.dsv'
[0.718s] INFO:colcon.colcon_core.shell:Creating package script '/home/orangepi/Robot_Project/AMR_Robot/amr_robot/install/csm/share/csm/package.sh'
[0.718s] INFO:colcon.colcon_core.shell:Creating package script '/home/orangepi/Robot_Project/AMR_Robot/amr_robot/install/csm/share/csm/package.bash'
[0.719s] INFO:colcon.colcon_core.shell:Creating package script '/home/orangepi/Robot_Project/AMR_Robot/amr_robot/install/csm/share/csm/package.zsh'
[0.720s] Level 1:colcon.colcon_core.environment:create_file_with_runtime_dependencies(/home/orangepi/Robot_Project/AMR_Robot/amr_robot/install/csm/share/colcon-core/packages/csm)
[0.720s] INFO:colcon.colcon_ros.task.ament_cmake.build:Building ROS package in '/home/orangepi/Robot_Project/AMR_Robot/amr_robot/src/plicp_map_matcher' with build type 'ament_cmake'
[0.721s] INFO:colcon.colcon_cmake.task.cmake.build:Building CMake package in '/home/orangepi/Robot_Project/AMR_Robot/amr_robot/src/plicp_map_matcher'
[0.721s] INFO:colcon.colcon_core.shell:Skip shell extension 'powershell' for command environment: Not usable outside of PowerShell
[0.721s] DEBUG:colcon.colcon_core.shell:Skip shell extension 'dsv' for command environment
[0.734s] INFO:colcon.colcon_ros.task.ament_cmake.build:Building ROS package in '/home/orangepi/Robot_Project/AMR_Robot/amr_robot/src/ros2_laser_scan_matcher' with build type 'ament_cmake'
[0.734s] INFO:colcon.colcon_cmake.task.cmake.build:Building CMake package in '/home/orangepi/Robot_Project/AMR_Robot/amr_robot/src/ros2_laser_scan_matcher'
[0.735s] INFO:colcon.colcon_core.shell:Skip shell extension 'powershell' for command environment: Not usable outside of PowerShell
[0.735s] DEBUG:colcon.colcon_core.shell:Skip shell extension 'dsv' for command environment
[0.743s] Level 1:colcon.colcon_core.environment:create_environment_scripts_only(rf2o_laser_odometry)
[0.744s] Level 1:colcon.colcon_core.environment:checking '/home/orangepi/Robot_Project/AMR_Robot/amr_robot/install/rf2o_laser_odometry' for CMake module files
[0.745s] DEBUG:colcon.colcon_core.event_handler.log_command:Invoked command in '/home/orangepi/Robot_Project/AMR_Robot/amr_robot/build/rf2o_laser_odometry' returned '0': CMAKE_PREFIX_PATH=${CMAKE_PREFIX_PATH}:/opt/ros/humble /usr/bin/cmake --install /home/orangepi/Robot_Project/AMR_Robot/amr_robot/build/rf2o_laser_odometry
[0.745s] Level 1:colcon.colcon_core.environment:checking '/home/orangepi/Robot_Project/AMR_Robot/amr_robot/install/rf2o_laser_odometry' for CMake config files
[0.746s] Level 1:colcon.colcon_core.shell:create_environment_hook('rf2o_laser_odometry', 'cmake_prefix_path')
[0.746s] INFO:colcon.colcon_core.shell:Creating environment hook '/home/orangepi/Robot_Project/AMR_Robot/amr_robot/install/rf2o_laser_odometry/share/rf2o_laser_odometry/hook/cmake_prefix_path.ps1'
[0.747s] INFO:colcon.colcon_core.shell:Creating environment descriptor '/home/orangepi/Robot_Project/AMR_Robot/amr_robot/install/rf2o_laser_odometry/share/rf2o_laser_odometry/hook/cmake_prefix_path.dsv'
[0.749s] INFO:colcon.colcon_core.shell:Creating environment hook '/home/orangepi/Robot_Project/AMR_Robot/amr_robot/install/rf2o_laser_odometry/share/rf2o_laser_odometry/hook/cmake_prefix_path.sh'
[0.750s] Level 1:colcon.colcon_core.environment:checking '/home/orangepi/Robot_Project/AMR_Robot/amr_robot/install/rf2o_laser_odometry/lib'
[0.750s] Level 1:colcon.colcon_core.environment:checking '/home/orangepi/Robot_Project/AMR_Robot/amr_robot/install/rf2o_laser_odometry/bin'
[0.750s] Level 1:colcon.colcon_core.environment:checking '/home/orangepi/Robot_Project/AMR_Robot/amr_robot/install/rf2o_laser_odometry/lib/pkgconfig/rf2o_laser_odometry.pc'
[0.751s] Level 1:colcon.colcon_core.environment:checking '/home/orangepi/Robot_Project/AMR_Robot/amr_robot/install/rf2o_laser_odometry/lib/python3.10/site-packages'
[0.751s] Level 1:colcon.colcon_core.environment:checking '/home/orangepi/Robot_Project/AMR_Robot/amr_robot/install/rf2o_laser_odometry/bin'
[0.752s] INFO:colcon.colcon_core.shell:Creating package script '/home/orangepi/Robot_Project/AMR_Robot/amr_robot/install/rf2o_laser_odometry/share/rf2o_laser_odometry/package.ps1'
[0.753s] INFO:colcon.colcon_core.shell:Creating package descriptor '/home/orangepi/Robot_Project/AMR_Robot/amr_robot/install/rf2o_laser_odometry/share/rf2o_laser_odometry/package.dsv'
[0.754s] INFO:colcon.colcon_core.shell:Creating package script '/home/orangepi/Robot_Project/AMR_Robot/amr_robot/install/rf2o_laser_odometry/share/rf2o_laser_odometry/package.sh'
[0.756s] INFO:colcon.colcon_core.shell:Creating package script '/home/orangepi/Robot_Project/AMR_Robot/amr_robot/install/rf2o_laser_odometry/share/rf2o_laser_odometry/package.bash'
[0.761s] INFO:colcon.colcon_core.shell:Creating package script '/home/orangepi/Robot_Project/AMR_Robot/amr_robot/install/rf2o_laser_odometry/share/rf2o_laser_odometry/package.zsh'
[0.763s] Level 1:colcon.colcon_core.environment:create_file_with_runtime_dependencies(/home/orangepi/Robot_Project/AMR_Robot/amr_robot/install/rf2o_laser_odometry/share/colcon-core/packages/rf2o_laser_odometry)
[0.764s] Level 1:colcon.colcon_core.environment:create_environment_scripts_only(rf2o_laser_odometry)
[0.764s] Level 1:colcon.colcon_core.environment:checking '/home/orangepi/Robot_Project/AMR_Robot/amr_robot/install/rf2o_laser_odometry' for CMake module files
[0.765s] Level 1:colcon.colcon_core.environment:checking '/home/orangepi/Robot_Project/AMR_Robot/amr_robot/install/rf2o_laser_odometry' for CMake config files
[0.765s] Level 1:colcon.colcon_core.shell:create_environment_hook('rf2o_laser_odometry', 'cmake_prefix_path')
[0.766s] INFO:colcon.colcon_core.shell:Creating environment hook '/home/orangepi/Robot_Project/AMR_Robot/amr_robot/install/rf2o_laser_odometry/share/rf2o_laser_odometry/hook/cmake_prefix_path.ps1'
[0.767s] INFO:colcon.colcon_core.shell:Creating environment descriptor '/home/orangepi/Robot_Project/AMR_Robot/amr_robot/install/rf2o_laser_odometry/share/rf2o_laser_odometry/hook/cmake_prefix_path.dsv'
[0.767s] INFO:colcon.colcon_core.shell:Creating environment hook '/home/orangepi/Robot_Project/AMR_Robot/amr_robot/install/rf2o_laser_odometry/share/rf2o_laser_odometry/hook/cmake_prefix_path.sh'
[0.768s] Level 1:colcon.colcon_core.environment:checking '/home/orangepi/Robot_Project/AMR_Robot/amr_robot/install/rf2o_laser_odometry/lib'
[0.768s] Level 1:colcon.colcon_core.environment:checking '/home/orangepi/Robot_Project/AMR_Robot/amr_robot/install/rf2o_laser_odometry/bin'
[0.769s] Level 1:colcon.colcon_core.environment:checking '/home/orangepi/Robot_Project/AMR_Robot/amr_robot/install/rf2o_laser_odometry/lib/pkgconfig/rf2o_laser_odometry.pc'
[0.769s] Level 1:colcon.colcon_core.environment:checking '/home/orangepi/Robot_Project/AMR_Robot/amr_robot/install/rf2o_laser_odometry/lib/python3.10/site-packages'
[0.770s] Level 1:colcon.colcon_core.environment:checking '/home/orangepi/Robot_Project/AMR_Robot/amr_robot/install/rf2o_laser_odometry/bin'
[0.770s] INFO:colcon.colcon_core.shell:Creating package script '/home/orangepi/Robot_Project/AMR_Robot/amr_robot/install/rf2o_laser_odometry/share/rf2o_laser_odometry/package.ps1'
[0.771s] INFO:colcon.colcon_core.shell:Creating package descriptor '/home/orangepi/Robot_Project/AMR_Robot/amr_robot/install/rf2o_laser_odometry/share/rf2o_laser_odometry/package.dsv'
[0.773s] INFO:colcon.colcon_core.shell:Creating package script '/home/orangepi/Robot_Project/AMR_Robot/amr_robot/install/rf2o_laser_odometry/share/rf2o_laser_odometry/package.sh'
[0.774s] INFO:colcon.colcon_core.shell:Creating package script '/home/orangepi/Robot_Project/AMR_Robot/amr_robot/install/rf2o_laser_odometry/share/rf2o_laser_odometry/package.bash'
[0.775s] INFO:colcon.colcon_core.shell:Creating package script '/home/orangepi/Robot_Project/AMR_Robot/amr_robot/install/rf2o_laser_odometry/share/rf2o_laser_odometry/package.zsh'
[0.775s] Level 1:colcon.colcon_core.environment:create_file_with_runtime_dependencies(/home/orangepi/Robot_Project/AMR_Robot/amr_robot/install/rf2o_laser_odometry/share/colcon-core/packages/rf2o_laser_odometry)
[0.784s] DEBUG:colcon.colcon_core.event_handler.log_command:Invoking command in '/home/orangepi/Robot_Project/AMR_Robot/amr_robot/build/plicp_map_matcher': CMAKE_PREFIX_PATH=/home/orangepi/Robot_Project/AMR_Robot/amr_robot/install/csm:/home/orangepi/Robot_Project/AMR_Robot/amr_robot/install/sllidar_ros2:/home/orangepi/Robot_Project/AMR_Robot/amr_robot/install/ros2_laser_scan_matcher:/home/orangepi/Robot_Project/AMR_Robot/amr_robot/install/rf2o_laser_odometry:/home/orangepi/Robot_Project/AMR_Robot/amr_robot/install/plicp_map_matcher:/home/orangepi/Robot_Project/AMR_Robot/amr_robot/install/laser_filters:/home/orangepi/Robot_Project/AMR_Robot/amr_robot/install/amr_sim_pkg:/home/orangepi/Robot_Project/AMR_Robot/amr_robot/install/amr_reality_pkg:/opt/ros/humble LD_LIBRARY_PATH=/home/orangepi/Robot_Project/AMR_Robot/amr_robot/install/csm/lib:/home/orangepi/Robot_Project/AMR_Robot/amr_robot/install/laser_filters/lib:/opt/ros/humble/opt/rviz_ogre_vendor/lib:/opt/ros/humble/lib/aarch64-linux-gnu:/opt/ros/humble/lib /usr/bin/cmake --build /home/orangepi/Robot_Project/AMR_Robot/amr_robot/build/plicp_map_matcher -- -j8 -l8
[0.787s] Level 1:colcon.colcon_core.environment:create_environment_scripts_only(sllidar_ros2)
[0.788s] Level 1:colcon.colcon_core.environment:checking '/home/orangepi/Robot_Project/AMR_Robot/amr_robot/install/sllidar_ros2' for CMake module files
[0.789s] DEBUG:colcon.colcon_core.event_handler.log_command:Invoking command in '/home/orangepi/Robot_Project/AMR_Robot/amr_robot/build/ros2_laser_scan_matcher': CMAKE_PREFIX_PATH=/home/orangepi/Robot_Project/AMR_Robot/amr_robot/install/csm:/home/orangepi/Robot_Project/AMR_Robot/amr_robot/install/sllidar_ros2:/home/orangepi/Robot_Project/AMR_Robot/amr_robot/install/ros2_laser_scan_matcher:/home/orangepi/Robot_Project/AMR_Robot/amr_robot/install/rf2o_laser_odometry:/home/orangepi/Robot_Project/AMR_Robot/amr_robot/install/plicp_map_matcher:/home/orangepi/Robot_Project/AMR_Robot/amr_robot/install/laser_filters:/home/orangepi/Robot_Project/AMR_Robot/amr_robot/install/amr_sim_pkg:/home/orangepi/Robot_Project/AMR_Robot/amr_robot/install/amr_reality_pkg:/opt/ros/humble LD_LIBRARY_PATH=/home/orangepi/Robot_Project/AMR_Robot/amr_robot/install/csm/lib:/home/orangepi/Robot_Project/AMR_Robot/amr_robot/install/laser_filters/lib:/opt/ros/humble/opt/rviz_ogre_vendor/lib:/opt/ros/humble/lib/aarch64-linux-gnu:/opt/ros/humble/lib /usr/bin/cmake --build /home/orangepi/Robot_Project/AMR_Robot/amr_robot/build/ros2_laser_scan_matcher -- -j8 -l8
[0.790s] DEBUG:colcon.colcon_core.event_handler.log_command:Invoked command in '/home/orangepi/Robot_Project/AMR_Robot/amr_robot/build/sllidar_ros2' returned '0': CMAKE_PREFIX_PATH=${CMAKE_PREFIX_PATH}:/opt/ros/humble /usr/bin/cmake --install /home/orangepi/Robot_Project/AMR_Robot/amr_robot/build/sllidar_ros2
[0.790s] Level 1:colcon.colcon_core.environment:checking '/home/orangepi/Robot_Project/AMR_Robot/amr_robot/install/sllidar_ros2' for CMake config files
[0.791s] Level 1:colcon.colcon_core.shell:create_environment_hook('sllidar_ros2', 'cmake_prefix_path')
[0.791s] INFO:colcon.colcon_core.shell:Creating environment hook '/home/orangepi/Robot_Project/AMR_Robot/amr_robot/install/sllidar_ros2/share/sllidar_ros2/hook/cmake_prefix_path.ps1'
[0.792s] INFO:colcon.colcon_core.shell:Creating environment descriptor '/home/orangepi/Robot_Project/AMR_Robot/amr_robot/install/sllidar_ros2/share/sllidar_ros2/hook/cmake_prefix_path.dsv'
[0.793s] INFO:colcon.colcon_core.shell:Creating environment hook '/home/orangepi/Robot_Project/AMR_Robot/amr_robot/install/sllidar_ros2/share/sllidar_ros2/hook/cmake_prefix_path.sh'
[0.794s] Level 1:colcon.colcon_core.environment:checking '/home/orangepi/Robot_Project/AMR_Robot/amr_robot/install/sllidar_ros2/lib'
[0.794s] Level 1:colcon.colcon_core.environment:checking '/home/orangepi/Robot_Project/AMR_Robot/amr_robot/install/sllidar_ros2/bin'
[0.794s] Level 1:colcon.colcon_core.environment:checking '/home/orangepi/Robot_Project/AMR_Robot/amr_robot/install/sllidar_ros2/lib/pkgconfig/sllidar_ros2.pc'
[0.794s] Level 1:colcon.colcon_core.environment:checking '/home/orangepi/Robot_Project/AMR_Robot/amr_robot/install/sllidar_ros2/lib/python3.10/site-packages'
[0.795s] Level 1:colcon.colcon_core.environment:checking '/home/orangepi/Robot_Project/AMR_Robot/amr_robot/install/sllidar_ros2/bin'
[0.795s] INFO:colcon.colcon_core.shell:Creating package script '/home/orangepi/Robot_Project/AMR_Robot/amr_robot/install/sllidar_ros2/share/sllidar_ros2/package.ps1'
[0.796s] INFO:colcon.colcon_core.shell:Creating package descriptor '/home/orangepi/Robot_Project/AMR_Robot/amr_robot/install/sllidar_ros2/share/sllidar_ros2/package.dsv'
[0.797s] INFO:colcon.colcon_core.shell:Creating package script '/home/orangepi/Robot_Project/AMR_Robot/amr_robot/install/sllidar_ros2/share/sllidar_ros2/package.sh'
[0.797s] INFO:colcon.colcon_core.shell:Creating package script '/home/orangepi/Robot_Project/AMR_Robot/amr_robot/install/sllidar_ros2/share/sllidar_ros2/package.bash'
[0.798s] INFO:colcon.colcon_core.shell:Creating package script '/home/orangepi/Robot_Project/AMR_Robot/amr_robot/install/sllidar_ros2/share/sllidar_ros2/package.zsh'
[0.799s] Level 1:colcon.colcon_core.environment:create_file_with_runtime_dependencies(/home/orangepi/Robot_Project/AMR_Robot/amr_robot/install/sllidar_ros2/share/colcon-core/packages/sllidar_ros2)
[0.799s] Level 1:colcon.colcon_core.environment:create_environment_scripts_only(sllidar_ros2)
[0.800s] Level 1:colcon.colcon_core.environment:checking '/home/orangepi/Robot_Project/AMR_Robot/amr_robot/install/sllidar_ros2' for CMake module files
[0.800s] Level 1:colcon.colcon_core.environment:checking '/home/orangepi/Robot_Project/AMR_Robot/amr_robot/install/sllidar_ros2' for CMake config files
[0.801s] Level 1:colcon.colcon_core.shell:create_environment_hook('sllidar_ros2', 'cmake_prefix_path')
[0.801s] INFO:colcon.colcon_core.shell:Creating environment hook '/home/orangepi/Robot_Project/AMR_Robot/amr_robot/install/sllidar_ros2/share/sllidar_ros2/hook/cmake_prefix_path.ps1'
[0.802s] INFO:colcon.colcon_core.shell:Creating environment descriptor '/home/orangepi/Robot_Project/AMR_Robot/amr_robot/install/sllidar_ros2/share/sllidar_ros2/hook/cmake_prefix_path.dsv'
[0.803s] INFO:colcon.colcon_core.shell:Creating environment hook '/home/orangepi/Robot_Project/AMR_Robot/amr_robot/install/sllidar_ros2/share/sllidar_ros2/hook/cmake_prefix_path.sh'
[0.803s] Level 1:colcon.colcon_core.environment:checking '/home/orangepi/Robot_Project/AMR_Robot/amr_robot/install/sllidar_ros2/lib'
[0.803s] Level 1:colcon.colcon_core.environment:checking '/home/orangepi/Robot_Project/AMR_Robot/amr_robot/install/sllidar_ros2/bin'
[0.804s] Level 1:colcon.colcon_core.environment:checking '/home/orangepi/Robot_Project/AMR_Robot/amr_robot/install/sllidar_ros2/lib/pkgconfig/sllidar_ros2.pc'
[0.804s] Level 1:colcon.colcon_core.environment:checking '/home/orangepi/Robot_Project/AMR_Robot/amr_robot/install/sllidar_ros2/lib/python3.10/site-packages'
[0.804s] Level 1:colcon.colcon_core.environment:checking '/home/orangepi/Robot_Project/AMR_Robot/amr_robot/install/sllidar_ros2/bin'
[0.805s] INFO:colcon.colcon_core.shell:Creating package script '/home/orangepi/Robot_Project/AMR_Robot/amr_robot/install/sllidar_ros2/share/sllidar_ros2/package.ps1'
[0.806s] INFO:colcon.colcon_core.shell:Creating package descriptor '/home/orangepi/Robot_Project/AMR_Robot/amr_robot/install/sllidar_ros2/share/sllidar_ros2/package.dsv'
[0.806s] INFO:colcon.colcon_core.shell:Creating package script '/home/orangepi/Robot_Project/AMR_Robot/amr_robot/install/sllidar_ros2/share/sllidar_ros2/package.sh'
[0.807s] INFO:colcon.colcon_core.shell:Creating package script '/home/orangepi/Robot_Project/AMR_Robot/amr_robot/install/sllidar_ros2/share/sllidar_ros2/package.bash'
[0.808s] INFO:colcon.colcon_core.shell:Creating package script '/home/orangepi/Robot_Project/AMR_Robot/amr_robot/install/sllidar_ros2/share/sllidar_ros2/package.zsh'
[0.808s] Level 1:colcon.colcon_core.environment:create_file_with_runtime_dependencies(/home/orangepi/Robot_Project/AMR_Robot/amr_robot/install/sllidar_ros2/share/colcon-core/packages/sllidar_ros2)
[0.812s] DEBUG:colcon.colcon_core.event_handler.log_command:Invoked command in '/home/orangepi/Robot_Project/AMR_Robot/amr_robot/build/laser_filters' returned '0': CMAKE_PREFIX_PATH=${CMAKE_PREFIX_PATH}:/opt/ros/humble /usr/bin/cmake --build /home/orangepi/Robot_Project/AMR_Robot/amr_robot/build/laser_filters -- -j8 -l8
[0.815s] DEBUG:colcon.colcon_core.event_handler.log_command:Invoking command in '/home/orangepi/Robot_Project/AMR_Robot/amr_robot/build/laser_filters': CMAKE_PREFIX_PATH=${CMAKE_PREFIX_PATH}:/opt/ros/humble /usr/bin/cmake --install /home/orangepi/Robot_Project/AMR_Robot/amr_robot/build/laser_filters
[0.858s] Level 1:colcon.colcon_core.environment:create_environment_scripts_only(laser_filters)
[0.858s] Level 1:colcon.colcon_core.environment:checking '/home/orangepi/Robot_Project/AMR_Robot/amr_robot/install/laser_filters' for CMake module files
[0.859s] DEBUG:colcon.colcon_core.event_handler.log_command:Invoked command in '/home/orangepi/Robot_Project/AMR_Robot/amr_robot/build/laser_filters' returned '0': CMAKE_PREFIX_PATH=${CMAKE_PREFIX_PATH}:/opt/ros/humble /usr/bin/cmake --install /home/orangepi/Robot_Project/AMR_Robot/amr_robot/build/laser_filters
[0.859s] Level 1:colcon.colcon_core.environment:checking '/home/orangepi/Robot_Project/AMR_Robot/amr_robot/install/laser_filters' for CMake config files
[0.860s] Level 1:colcon.colcon_core.shell:create_environment_hook('laser_filters', 'cmake_prefix_path')
[0.861s] INFO:colcon.colcon_core.shell:Creating environment hook '/home/orangepi/Robot_Project/AMR_Robot/amr_robot/install/laser_filters/share/laser_filters/hook/cmake_prefix_path.ps1'
[0.861s] INFO:colcon.colcon_core.shell:Creating environment descriptor '/home/orangepi/Robot_Project/AMR_Robot/amr_robot/install/laser_filters/share/laser_filters/hook/cmake_prefix_path.dsv'
[0.862s] INFO:colcon.colcon_core.shell:Creating environment hook '/home/orangepi/Robot_Project/AMR_Robot/amr_robot/install/laser_filters/share/laser_filters/hook/cmake_prefix_path.sh'
[0.863s] Level 1:colcon.colcon_core.environment:checking '/home/orangepi/Robot_Project/AMR_Robot/amr_robot/install/laser_filters/lib'
[0.864s] Level 1:colcon.colcon_core.shell:create_environment_hook('laser_filters', 'ld_library_path_lib')
[0.864s] INFO:colcon.colcon_core.shell:Creating environment hook '/home/orangepi/Robot_Project/AMR_Robot/amr_robot/install/laser_filters/share/laser_filters/hook/ld_library_path_lib.ps1'
[0.865s] INFO:colcon.colcon_core.shell:Creating environment descriptor '/home/orangepi/Robot_Project/AMR_Robot/amr_robot/install/laser_filters/share/laser_filters/hook/ld_library_path_lib.dsv'
[0.865s] INFO:colcon.colcon_core.shell:Creating environment hook '/home/orangepi/Robot_Project/AMR_Robot/amr_robot/install/laser_filters/share/laser_filters/hook/ld_library_path_lib.sh'
[0.866s] Level 1:colcon.colcon_core.environment:checking '/home/orangepi/Robot_Project/AMR_Robot/amr_robot/install/laser_filters/bin'
[0.866s] Level 1:colcon.colcon_core.environment:checking '/home/orangepi/Robot_Project/AMR_Robot/amr_robot/install/laser_filters/lib/pkgconfig/laser_filters.pc'
[0.866s] Level 1:colcon.colcon_core.environment:checking '/home/orangepi/Robot_Project/AMR_Robot/amr_robot/install/laser_filters/lib/python3.10/site-packages'
[0.867s] Level 1:colcon.colcon_core.environment:checking '/home/orangepi/Robot_Project/AMR_Robot/amr_robot/install/laser_filters/bin'
[0.867s] INFO:colcon.colcon_core.shell:Creating package script '/home/orangepi/Robot_Project/AMR_Robot/amr_robot/install/laser_filters/share/laser_filters/package.ps1'
[0.868s] INFO:colcon.colcon_core.shell:Creating package descriptor '/home/orangepi/Robot_Project/AMR_Robot/amr_robot/install/laser_filters/share/laser_filters/package.dsv'
[0.869s] INFO:colcon.colcon_core.shell:Creating package script '/home/orangepi/Robot_Project/AMR_Robot/amr_robot/install/laser_filters/share/laser_filters/package.sh'
[0.869s] INFO:colcon.colcon_core.shell:Creating package script '/home/orangepi/Robot_Project/AMR_Robot/amr_robot/install/laser_filters/share/laser_filters/package.bash'
[0.870s] INFO:colcon.colcon_core.shell:Creating package script '/home/orangepi/Robot_Project/AMR_Robot/amr_robot/install/laser_filters/share/laser_filters/package.zsh'
[0.871s] Level 1:colcon.colcon_core.environment:create_file_with_runtime_dependencies(/home/orangepi/Robot_Project/AMR_Robot/amr_robot/install/laser_filters/share/colcon-core/packages/laser_filters)
[0.871s] Level 1:colcon.colcon_core.environment:create_environment_scripts_only(laser_filters)
[0.872s] Level 1:colcon.colcon_core.environment:checking '/home/orangepi/Robot_Project/AMR_Robot/amr_robot/install/laser_filters' for CMake module files
[0.872s] Level 1:colcon.colcon_core.environment:checking '/home/orangepi/Robot_Project/AMR_Robot/amr_robot/install/laser_filters' for CMake config files
[0.873s] Level 1:colcon.colcon_core.shell:create_environment_hook('laser_filters', 'cmake_prefix_path')
[0.873s] INFO:colcon.colcon_core.shell:Creating environment hook '/home/orangepi/Robot_Project/AMR_Robot/amr_robot/install/laser_filters/share/laser_filters/hook/cmake_prefix_path.ps1'
[0.874s] INFO:colcon.colcon_core.shell:Creating environment descriptor '/home/orangepi/Robot_Project/AMR_Robot/amr_robot/install/laser_filters/share/laser_filters/hook/cmake_prefix_path.dsv'
[0.875s] INFO:colcon.colcon_core.shell:Creating environment hook '/home/orangepi/Robot_Project/AMR_Robot/amr_robot/install/laser_filters/share/laser_filters/hook/cmake_prefix_path.sh'
[0.876s] Level 1:colcon.colcon_core.environment:checking '/home/orangepi/Robot_Project/AMR_Robot/amr_robot/install/laser_filters/lib'
[0.876s] Level 1:colcon.colcon_core.shell:create_environment_hook('laser_filters', 'ld_library_path_lib')
[0.877s] INFO:colcon.colcon_core.shell:Creating environment hook '/home/orangepi/Robot_Project/AMR_Robot/amr_robot/install/laser_filters/share/laser_filters/hook/ld_library_path_lib.ps1'
[0.877s] INFO:colcon.colcon_core.shell:Creating environment descriptor '/home/orangepi/Robot_Project/AMR_Robot/amr_robot/install/laser_filters/share/laser_filters/hook/ld_library_path_lib.dsv'
[0.878s] INFO:colcon.colcon_core.shell:Creating environment hook '/home/orangepi/Robot_Project/AMR_Robot/amr_robot/install/laser_filters/share/laser_filters/hook/ld_library_path_lib.sh'
[0.879s] Level 1:colcon.colcon_core.environment:checking '/home/orangepi/Robot_Project/AMR_Robot/amr_robot/install/laser_filters/bin'
[0.879s] Level 1:colcon.colcon_core.environment:checking '/home/orangepi/Robot_Project/AMR_Robot/amr_robot/install/laser_filters/lib/pkgconfig/laser_filters.pc'
[0.879s] Level 1:colcon.colcon_core.environment:checking '/home/orangepi/Robot_Project/AMR_Robot/amr_robot/install/laser_filters/lib/python3.10/site-packages'
[0.880s] Level 1:colcon.colcon_core.environment:checking '/home/orangepi/Robot_Project/AMR_Robot/amr_robot/install/laser_filters/bin'
[0.880s] INFO:colcon.colcon_core.shell:Creating package script '/home/orangepi/Robot_Project/AMR_Robot/amr_robot/install/laser_filters/share/laser_filters/package.ps1'
[0.881s] INFO:colcon.colcon_core.shell:Creating package descriptor '/home/orangepi/Robot_Project/AMR_Robot/amr_robot/install/laser_filters/share/laser_filters/package.dsv'
[0.882s] INFO:colcon.colcon_core.shell:Creating package script '/home/orangepi/Robot_Project/AMR_Robot/amr_robot/install/laser_filters/share/laser_filters/package.sh'
[0.883s] INFO:colcon.colcon_core.shell:Creating package script '/home/orangepi/Robot_Project/AMR_Robot/amr_robot/install/laser_filters/share/laser_filters/package.bash'
[0.884s] INFO:colcon.colcon_core.shell:Creating package script '/home/orangepi/Robot_Project/AMR_Robot/amr_robot/install/laser_filters/share/laser_filters/package.zsh'
[0.884s] Level 1:colcon.colcon_core.environment:create_file_with_runtime_dependencies(/home/orangepi/Robot_Project/AMR_Robot/amr_robot/install/laser_filters/share/colcon-core/packages/laser_filters)
[1.003s] DEBUG:colcon.colcon_core.event_handler.log_command:Invoked command in '/home/orangepi/Robot_Project/AMR_Robot/amr_robot/build/ros2_laser_scan_matcher' returned '0': CMAKE_PREFIX_PATH=/home/orangepi/Robot_Project/AMR_Robot/amr_robot/install/csm:/home/orangepi/Robot_Project/AMR_Robot/amr_robot/install/sllidar_ros2:/home/orangepi/Robot_Project/AMR_Robot/amr_robot/install/ros2_laser_scan_matcher:/home/orangepi/Robot_Project/AMR_Robot/amr_robot/install/rf2o_laser_odometry:/home/orangepi/Robot_Project/AMR_Robot/amr_robot/install/plicp_map_matcher:/home/orangepi/Robot_Project/AMR_Robot/amr_robot/install/laser_filters:/home/orangepi/Robot_Project/AMR_Robot/amr_robot/install/amr_sim_pkg:/home/orangepi/Robot_Project/AMR_Robot/amr_robot/install/amr_reality_pkg:/opt/ros/humble LD_LIBRARY_PATH=/home/orangepi/Robot_Project/AMR_Robot/amr_robot/install/csm/lib:/home/orangepi/Robot_Project/AMR_Robot/amr_robot/install/laser_filters/lib:/opt/ros/humble/opt/rviz_ogre_vendor/lib:/opt/ros/humble/lib/aarch64-linux-gnu:/opt/ros/humble/lib /usr/bin/cmake --build /home/orangepi/Robot_Project/AMR_Robot/amr_robot/build/ros2_laser_scan_matcher -- -j8 -l8
[1.007s] DEBUG:colcon.colcon_core.event_handler.log_command:Invoking command in '/home/orangepi/Robot_Project/AMR_Robot/amr_robot/build/ros2_laser_scan_matcher': CMAKE_PREFIX_PATH=/home/orangepi/Robot_Project/AMR_Robot/amr_robot/install/csm:/home/orangepi/Robot_Project/AMR_Robot/amr_robot/install/sllidar_ros2:/home/orangepi/Robot_Project/AMR_Robot/amr_robot/install/ros2_laser_scan_matcher:/home/orangepi/Robot_Project/AMR_Robot/amr_robot/install/rf2o_laser_odometry:/home/orangepi/Robot_Project/AMR_Robot/amr_robot/install/plicp_map_matcher:/home/orangepi/Robot_Project/AMR_Robot/amr_robot/install/laser_filters:/home/orangepi/Robot_Project/AMR_Robot/amr_robot/install/amr_sim_pkg:/home/orangepi/Robot_Project/AMR_Robot/amr_robot/install/amr_reality_pkg:/opt/ros/humble LD_LIBRARY_PATH=/home/orangepi/Robot_Project/AMR_Robot/amr_robot/install/csm/lib:/home/orangepi/Robot_Project/AMR_Robot/amr_robot/install/laser_filters/lib:/opt/ros/humble/opt/rviz_ogre_vendor/lib:/opt/ros/humble/lib/aarch64-linux-gnu:/opt/ros/humble/lib /usr/bin/cmake --install /home/orangepi/Robot_Project/AMR_Robot/amr_robot/build/ros2_laser_scan_matcher
[1.067s] Level 1:colcon.colcon_core.environment:create_environment_scripts_only(ros2_laser_scan_matcher)
[1.069s] Level 1:colcon.colcon_core.environment:checking '/home/orangepi/Robot_Project/AMR_Robot/amr_robot/install/ros2_laser_scan_matcher' for CMake module files
[1.071s] DEBUG:colcon.colcon_core.event_handler.log_command:Invoked command in '/home/orangepi/Robot_Project/AMR_Robot/amr_robot/build/ros2_laser_scan_matcher' returned '0': CMAKE_PREFIX_PATH=/home/orangepi/Robot_Project/AMR_Robot/amr_robot/install/csm:/home/orangepi/Robot_Project/AMR_Robot/amr_robot/install/sllidar_ros2:/home/orangepi/Robot_Project/AMR_Robot/amr_robot/install/ros2_laser_scan_matcher:/home/orangepi/Robot_Project/AMR_Robot/amr_robot/install/rf2o_laser_odometry:/home/orangepi/Robot_Project/AMR_Robot/amr_robot/install/plicp_map_matcher:/home/orangepi/Robot_Project/AMR_Robot/amr_robot/install/laser_filters:/home/orangepi/Robot_Project/AMR_Robot/amr_robot/install/amr_sim_pkg:/home/orangepi/Robot_Project/AMR_Robot/amr_robot/install/amr_reality_pkg:/opt/ros/humble LD_LIBRARY_PATH=/home/orangepi/Robot_Project/AMR_Robot/amr_robot/install/csm/lib:/home/orangepi/Robot_Project/AMR_Robot/amr_robot/install/laser_filters/lib:/opt/ros/humble/opt/rviz_ogre_vendor/lib:/opt/ros/humble/lib/aarch64-linux-gnu:/opt/ros/humble/lib /usr/bin/cmake --install /home/orangepi/Robot_Project/AMR_Robot/amr_robot/build/ros2_laser_scan_matcher
[1.073s] Level 1:colcon.colcon_core.environment:checking '/home/orangepi/Robot_Project/AMR_Robot/amr_robot/install/ros2_laser_scan_matcher' for CMake config files
[1.074s] Level 1:colcon.colcon_core.shell:create_environment_hook('ros2_laser_scan_matcher', 'cmake_prefix_path')
[1.075s] INFO:colcon.colcon_core.shell:Creating environment hook '/home/orangepi/Robot_Project/AMR_Robot/amr_robot/install/ros2_laser_scan_matcher/share/ros2_laser_scan_matcher/hook/cmake_prefix_path.ps1'
[1.077s] INFO:colcon.colcon_core.shell:Creating environment descriptor '/home/orangepi/Robot_Project/AMR_Robot/amr_robot/install/ros2_laser_scan_matcher/share/ros2_laser_scan_matcher/hook/cmake_prefix_path.dsv'
[1.079s] INFO:colcon.colcon_core.shell:Creating environment hook '/home/orangepi/Robot_Project/AMR_Robot/amr_robot/install/ros2_laser_scan_matcher/share/ros2_laser_scan_matcher/hook/cmake_prefix_path.sh'
[1.081s] Level 1:colcon.colcon_core.environment:checking '/home/orangepi/Robot_Project/AMR_Robot/amr_robot/install/ros2_laser_scan_matcher/lib'
[1.082s] Level 1:colcon.colcon_core.environment:checking '/home/orangepi/Robot_Project/AMR_Robot/amr_robot/install/ros2_laser_scan_matcher/bin'
[1.082s] Level 1:colcon.colcon_core.environment:checking '/home/orangepi/Robot_Project/AMR_Robot/amr_robot/install/ros2_laser_scan_matcher/lib/pkgconfig/ros2_laser_scan_matcher.pc'
[1.083s] Level 1:colcon.colcon_core.environment:checking '/home/orangepi/Robot_Project/AMR_Robot/amr_robot/install/ros2_laser_scan_matcher/lib/python3.10/site-packages'
[1.085s] Level 1:colcon.colcon_core.environment:checking '/home/orangepi/Robot_Project/AMR_Robot/amr_robot/install/ros2_laser_scan_matcher/bin'
[1.086s] INFO:colcon.colcon_core.shell:Creating package script '/home/orangepi/Robot_Project/AMR_Robot/amr_robot/install/ros2_laser_scan_matcher/share/ros2_laser_scan_matcher/package.ps1'
[1.089s] INFO:colcon.colcon_core.shell:Creating package descriptor '/home/orangepi/Robot_Project/AMR_Robot/amr_robot/install/ros2_laser_scan_matcher/share/ros2_laser_scan_matcher/package.dsv'
[1.091s] INFO:colcon.colcon_core.shell:Creating package script '/home/orangepi/Robot_Project/AMR_Robot/amr_robot/install/ros2_laser_scan_matcher/share/ros2_laser_scan_matcher/package.sh'
[1.093s] INFO:colcon.colcon_core.shell:Creating package script '/home/orangepi/Robot_Project/AMR_Robot/amr_robot/install/ros2_laser_scan_matcher/share/ros2_laser_scan_matcher/package.bash'
[1.095s] INFO:colcon.colcon_core.shell:Creating package script '/home/orangepi/Robot_Project/AMR_Robot/amr_robot/install/ros2_laser_scan_matcher/share/ros2_laser_scan_matcher/package.zsh'
[1.097s] Level 1:colcon.colcon_core.environment:create_file_with_runtime_dependencies(/home/orangepi/Robot_Project/AMR_Robot/amr_robot/install/ros2_laser_scan_matcher/share/colcon-core/packages/ros2_laser_scan_matcher)
[1.100s] Level 1:colcon.colcon_core.environment:create_environment_scripts_only(ros2_laser_scan_matcher)
[1.101s] Level 1:colcon.colcon_core.environment:checking '/home/orangepi/Robot_Project/AMR_Robot/amr_robot/install/ros2_laser_scan_matcher' for CMake module files
[1.104s] Level 1:colcon.colcon_core.environment:checking '/home/orangepi/Robot_Project/AMR_Robot/amr_robot/install/ros2_laser_scan_matcher' for CMake config files
[1.105s] Level 1:colcon.colcon_core.shell:create_environment_hook('ros2_laser_scan_matcher', 'cmake_prefix_path')
[1.106s] INFO:colcon.colcon_core.shell:Creating environment hook '/home/orangepi/Robot_Project/AMR_Robot/amr_robot/install/ros2_laser_scan_matcher/share/ros2_laser_scan_matcher/hook/cmake_prefix_path.ps1'
[1.108s] INFO:colcon.colcon_core.shell:Creating environment descriptor '/home/orangepi/Robot_Project/AMR_Robot/amr_robot/install/ros2_laser_scan_matcher/share/ros2_laser_scan_matcher/hook/cmake_prefix_path.dsv'
[1.110s] INFO:colcon.colcon_core.shell:Creating environment hook '/home/orangepi/Robot_Project/AMR_Robot/amr_robot/install/ros2_laser_scan_matcher/share/ros2_laser_scan_matcher/hook/cmake_prefix_path.sh'
[1.113s] Level 1:colcon.colcon_core.environment:checking '/home/orangepi/Robot_Project/AMR_Robot/amr_robot/install/ros2_laser_scan_matcher/lib'
[1.113s] Level 1:colcon.colcon_core.environment:checking '/home/orangepi/Robot_Project/AMR_Robot/amr_robot/install/ros2_laser_scan_matcher/bin'
[1.114s] Level 1:colcon.colcon_core.environment:checking '/home/orangepi/Robot_Project/AMR_Robot/amr_robot/install/ros2_laser_scan_matcher/lib/pkgconfig/ros2_laser_scan_matcher.pc'
[1.115s] Level 1:colcon.colcon_core.environment:checking '/home/orangepi/Robot_Project/AMR_Robot/amr_robot/install/ros2_laser_scan_matcher/lib/python3.10/site-packages'
[1.117s] Level 1:colcon.colcon_core.environment:checking '/home/orangepi/Robot_Project/AMR_Robot/amr_robot/install/ros2_laser_scan_matcher/bin'
[1.119s] INFO:colcon.colcon_core.shell:Creating package script '/home/orangepi/Robot_Project/AMR_Robot/amr_robot/install/ros2_laser_scan_matcher/share/ros2_laser_scan_matcher/package.ps1'
[1.122s] INFO:colcon.colcon_core.shell:Creating package descriptor '/home/orangepi/Robot_Project/AMR_Robot/amr_robot/install/ros2_laser_scan_matcher/share/ros2_laser_scan_matcher/package.dsv'
[1.125s] INFO:colcon.colcon_core.shell:Creating package script '/home/orangepi/Robot_Project/AMR_Robot/amr_robot/install/ros2_laser_scan_matcher/share/ros2_laser_scan_matcher/package.sh'
[1.127s] INFO:colcon.colcon_core.shell:Creating package script '/home/orangepi/Robot_Project/AMR_Robot/amr_robot/install/ros2_laser_scan_matcher/share/ros2_laser_scan_matcher/package.bash'
[1.128s] INFO:colcon.colcon_core.shell:Creating package script '/home/orangepi/Robot_Project/AMR_Robot/amr_robot/install/ros2_laser_scan_matcher/share/ros2_laser_scan_matcher/package.zsh'
[1.129s] Level 1:colcon.colcon_core.environment:create_file_with_runtime_dependencies(/home/orangepi/Robot_Project/AMR_Robot/amr_robot/install/ros2_laser_scan_matcher/share/colcon-core/packages/ros2_laser_scan_matcher)
[2.017s] DEBUG:colcon.colcon_core.event_handler.log_command:Invoked command in '/home/orangepi/Robot_Project/AMR_Robot/amr_robot/build/amr_reality_pkg' returned '0': CMAKE_PREFIX_PATH=${CMAKE_PREFIX_PATH}:/opt/ros/humble /usr/bin/cmake --build /home/orangepi/Robot_Project/AMR_Robot/amr_robot/build/amr_reality_pkg -- -j8 -l8
[2.023s] DEBUG:colcon.colcon_core.event_handler.log_command:Invoking command in '/home/orangepi/Robot_Project/AMR_Robot/amr_robot/build/amr_reality_pkg': CMAKE_PREFIX_PATH=${CMAKE_PREFIX_PATH}:/opt/ros/humble /usr/bin/cmake --install /home/orangepi/Robot_Project/AMR_Robot/amr_robot/build/amr_reality_pkg
[2.296s] Level 1:colcon.colcon_core.environment:create_environment_scripts_only(amr_reality_pkg)
[2.297s] Level 1:colcon.colcon_core.environment:checking '/home/orangepi/Robot_Project/AMR_Robot/amr_robot/install/amr_reality_pkg' for CMake module files
[2.300s] DEBUG:colcon.colcon_core.event_handler.log_command:Invoked command in '/home/orangepi/Robot_Project/AMR_Robot/amr_robot/build/amr_reality_pkg' returned '0': CMAKE_PREFIX_PATH=${CMAKE_PREFIX_PATH}:/opt/ros/humble /usr/bin/cmake --install /home/orangepi/Robot_Project/AMR_Robot/amr_robot/build/amr_reality_pkg
[2.301s] Level 1:colcon.colcon_core.environment:checking '/home/orangepi/Robot_Project/AMR_Robot/amr_robot/install/amr_reality_pkg' for CMake config files
[2.302s] Level 1:colcon.colcon_core.shell:create_environment_hook('amr_reality_pkg', 'cmake_prefix_path')
[2.302s] INFO:colcon.colcon_core.shell:Creating environment hook '/home/orangepi/Robot_Project/AMR_Robot/amr_robot/install/amr_reality_pkg/share/amr_reality_pkg/hook/cmake_prefix_path.ps1'
[2.303s] INFO:colcon.colcon_core.shell:Creating environment descriptor '/home/orangepi/Robot_Project/AMR_Robot/amr_robot/install/amr_reality_pkg/share/amr_reality_pkg/hook/cmake_prefix_path.dsv'
[2.304s] INFO:colcon.colcon_core.shell:Creating environment hook '/home/orangepi/Robot_Project/AMR_Robot/amr_robot/install/amr_reality_pkg/share/amr_reality_pkg/hook/cmake_prefix_path.sh'
[2.305s] Level 1:colcon.colcon_core.environment:checking '/home/orangepi/Robot_Project/AMR_Robot/amr_robot/install/amr_reality_pkg/lib'
[2.305s] Level 1:colcon.colcon_core.environment:checking '/home/orangepi/Robot_Project/AMR_Robot/amr_robot/install/amr_reality_pkg/bin'
[2.305s] Level 1:colcon.colcon_core.environment:checking '/home/orangepi/Robot_Project/AMR_Robot/amr_robot/install/amr_reality_pkg/lib/pkgconfig/amr_reality_pkg.pc'
[2.305s] Level 1:colcon.colcon_core.environment:checking '/home/orangepi/Robot_Project/AMR_Robot/amr_robot/install/amr_reality_pkg/lib/python3.10/site-packages'
[2.306s] Level 1:colcon.colcon_core.environment:checking '/home/orangepi/Robot_Project/AMR_Robot/amr_robot/install/amr_reality_pkg/bin'
[2.307s] INFO:colcon.colcon_core.shell:Creating package script '/home/orangepi/Robot_Project/AMR_Robot/amr_robot/install/amr_reality_pkg/share/amr_reality_pkg/package.ps1'
[2.308s] INFO:colcon.colcon_core.shell:Creating package descriptor '/home/orangepi/Robot_Project/AMR_Robot/amr_robot/install/amr_reality_pkg/share/amr_reality_pkg/package.dsv'
[2.308s] INFO:colcon.colcon_core.shell:Creating package script '/home/orangepi/Robot_Project/AMR_Robot/amr_robot/install/amr_reality_pkg/share/amr_reality_pkg/package.sh'
[2.309s] INFO:colcon.colcon_core.shell:Creating package script '/home/orangepi/Robot_Project/AMR_Robot/amr_robot/install/amr_reality_pkg/share/amr_reality_pkg/package.bash'
[2.310s] INFO:colcon.colcon_core.shell:Creating package script '/home/orangepi/Robot_Project/AMR_Robot/amr_robot/install/amr_reality_pkg/share/amr_reality_pkg/package.zsh'
[2.310s] Level 1:colcon.colcon_core.environment:create_file_with_runtime_dependencies(/home/orangepi/Robot_Project/AMR_Robot/amr_robot/install/amr_reality_pkg/share/colcon-core/packages/amr_reality_pkg)
[2.312s] Level 1:colcon.colcon_core.environment:create_environment_scripts_only(amr_reality_pkg)
[2.312s] Level 1:colcon.colcon_core.environment:checking '/home/orangepi/Robot_Project/AMR_Robot/amr_robot/install/amr_reality_pkg' for CMake module files
[2.313s] Level 1:colcon.colcon_core.environment:checking '/home/orangepi/Robot_Project/AMR_Robot/amr_robot/install/amr_reality_pkg' for CMake config files
[2.313s] Level 1:colcon.colcon_core.shell:create_environment_hook('amr_reality_pkg', 'cmake_prefix_path')
[2.313s] INFO:colcon.colcon_core.shell:Creating environment hook '/home/orangepi/Robot_Project/AMR_Robot/amr_robot/install/amr_reality_pkg/share/amr_reality_pkg/hook/cmake_prefix_path.ps1'
[2.314s] INFO:colcon.colcon_core.shell:Creating environment descriptor '/home/orangepi/Robot_Project/AMR_Robot/amr_robot/install/amr_reality_pkg/share/amr_reality_pkg/hook/cmake_prefix_path.dsv'
[2.315s] INFO:colcon.colcon_core.shell:Creating environment hook '/home/orangepi/Robot_Project/AMR_Robot/amr_robot/install/amr_reality_pkg/share/amr_reality_pkg/hook/cmake_prefix_path.sh'
[2.316s] Level 1:colcon.colcon_core.environment:checking '/home/orangepi/Robot_Project/AMR_Robot/amr_robot/install/amr_reality_pkg/lib'
[2.316s] Level 1:colcon.colcon_core.environment:checking '/home/orangepi/Robot_Project/AMR_Robot/amr_robot/install/amr_reality_pkg/bin'
[2.316s] Level 1:colcon.colcon_core.environment:checking '/home/orangepi/Robot_Project/AMR_Robot/amr_robot/install/amr_reality_pkg/lib/pkgconfig/amr_reality_pkg.pc'
[2.316s] Level 1:colcon.colcon_core.environment:checking '/home/orangepi/Robot_Project/AMR_Robot/amr_robot/install/amr_reality_pkg/lib/python3.10/site-packages'
[2.317s] Level 1:colcon.colcon_core.environment:checking '/home/orangepi/Robot_Project/AMR_Robot/amr_robot/install/amr_reality_pkg/bin'
[2.317s] INFO:colcon.colcon_core.shell:Creating package script '/home/orangepi/Robot_Project/AMR_Robot/amr_robot/install/amr_reality_pkg/share/amr_reality_pkg/package.ps1'
[2.319s] INFO:colcon.colcon_core.shell:Creating package descriptor '/home/orangepi/Robot_Project/AMR_Robot/amr_robot/install/amr_reality_pkg/share/amr_reality_pkg/package.dsv'
[2.319s] INFO:colcon.colcon_core.shell:Creating package script '/home/orangepi/Robot_Project/AMR_Robot/amr_robot/install/amr_reality_pkg/share/amr_reality_pkg/package.sh'
[2.320s] INFO:colcon.colcon_core.shell:Creating package script '/home/orangepi/Robot_Project/AMR_Robot/amr_robot/install/amr_reality_pkg/share/amr_reality_pkg/package.bash'
[2.321s] INFO:colcon.colcon_core.shell:Creating package script '/home/orangepi/Robot_Project/AMR_Robot/amr_robot/install/amr_reality_pkg/share/amr_reality_pkg/package.zsh'
[2.321s] Level 1:colcon.colcon_core.environment:create_file_with_runtime_dependencies(/home/orangepi/Robot_Project/AMR_Robot/amr_robot/install/amr_reality_pkg/share/colcon-core/packages/amr_reality_pkg)
[30.303s] DEBUG:colcon.colcon_core.event_handler.log_command:Invoked command in '/home/orangepi/Robot_Project/AMR_Robot/amr_robot/build/plicp_map_matcher' returned '0': CMAKE_PREFIX_PATH=/home/orangepi/Robot_Project/AMR_Robot/amr_robot/install/csm:/home/orangepi/Robot_Project/AMR_Robot/amr_robot/install/sllidar_ros2:/home/orangepi/Robot_Project/AMR_Robot/amr_robot/install/ros2_laser_scan_matcher:/home/orangepi/Robot_Project/AMR_Robot/amr_robot/install/rf2o_laser_odometry:/home/orangepi/Robot_Project/AMR_Robot/amr_robot/install/plicp_map_matcher:/home/orangepi/Robot_Project/AMR_Robot/amr_robot/install/laser_filters:/home/orangepi/Robot_Project/AMR_Robot/amr_robot/install/amr_sim_pkg:/home/orangepi/Robot_Project/AMR_Robot/amr_robot/install/amr_reality_pkg:/opt/ros/humble LD_LIBRARY_PATH=/home/orangepi/Robot_Project/AMR_Robot/amr_robot/install/csm/lib:/home/orangepi/Robot_Project/AMR_Robot/amr_robot/install/laser_filters/lib:/opt/ros/humble/opt/rviz_ogre_vendor/lib:/opt/ros/humble/lib/aarch64-linux-gnu:/opt/ros/humble/lib /usr/bin/cmake --build /home/orangepi/Robot_Project/AMR_Robot/amr_robot/build/plicp_map_matcher -- -j8 -l8
[30.307s] DEBUG:colcon.colcon_core.event_handler.log_command:Invoking command in '/home/orangepi/Robot_Project/AMR_Robot/amr_robot/build/plicp_map_matcher': CMAKE_PREFIX_PATH=/home/orangepi/Robot_Project/AMR_Robot/amr_robot/install/csm:/home/orangepi/Robot_Project/AMR_Robot/amr_robot/install/sllidar_ros2:/home/orangepi/Robot_Project/AMR_Robot/amr_robot/install/ros2_laser_scan_matcher:/home/orangepi/Robot_Project/AMR_Robot/amr_robot/install/rf2o_laser_odometry:/home/orangepi/Robot_Project/AMR_Robot/amr_robot/install/plicp_map_matcher:/home/orangepi/Robot_Project/AMR_Robot/amr_robot/install/laser_filters:/home/orangepi/Robot_Project/AMR_Robot/amr_robot/install/amr_sim_pkg:/home/orangepi/Robot_Project/AMR_Robot/amr_robot/install/amr_reality_pkg:/opt/ros/humble LD_LIBRARY_PATH=/home/orangepi/Robot_Project/AMR_Robot/amr_robot/install/csm/lib:/home/orangepi/Robot_Project/AMR_Robot/amr_robot/install/laser_filters/lib:/opt/ros/humble/opt/rviz_ogre_vendor/lib:/opt/ros/humble/lib/aarch64-linux-gnu:/opt/ros/humble/lib /usr/bin/cmake --install /home/orangepi/Robot_Project/AMR_Robot/amr_robot/build/plicp_map_matcher
[30.370s] Level 1:colcon.colcon_core.environment:create_environment_scripts_only(plicp_map_matcher)
[30.370s] Level 1:colcon.colcon_core.environment:checking '/home/orangepi/Robot_Project/AMR_Robot/amr_robot/install/plicp_map_matcher' for CMake module files
[30.372s] DEBUG:colcon.colcon_core.event_handler.log_command:Invoked command in '/home/orangepi/Robot_Project/AMR_Robot/amr_robot/build/plicp_map_matcher' returned '0': CMAKE_PREFIX_PATH=/home/orangepi/Robot_Project/AMR_Robot/amr_robot/install/csm:/home/orangepi/Robot_Project/AMR_Robot/amr_robot/install/sllidar_ros2:/home/orangepi/Robot_Project/AMR_Robot/amr_robot/install/ros2_laser_scan_matcher:/home/orangepi/Robot_Project/AMR_Robot/amr_robot/install/rf2o_laser_odometry:/home/orangepi/Robot_Project/AMR_Robot/amr_robot/install/plicp_map_matcher:/home/orangepi/Robot_Project/AMR_Robot/amr_robot/install/laser_filters:/home/orangepi/Robot_Project/AMR_Robot/amr_robot/install/amr_sim_pkg:/home/orangepi/Robot_Project/AMR_Robot/amr_robot/install/amr_reality_pkg:/opt/ros/humble LD_LIBRARY_PATH=/home/orangepi/Robot_Project/AMR_Robot/amr_robot/install/csm/lib:/home/orangepi/Robot_Project/AMR_Robot/amr_robot/install/laser_filters/lib:/opt/ros/humble/opt/rviz_ogre_vendor/lib:/opt/ros/humble/lib/aarch64-linux-gnu:/opt/ros/humble/lib /usr/bin/cmake --install /home/orangepi/Robot_Project/AMR_Robot/amr_robot/build/plicp_map_matcher
[30.373s] Level 1:colcon.colcon_core.environment:checking '/home/orangepi/Robot_Project/AMR_Robot/amr_robot/install/plicp_map_matcher' for CMake config files
[30.374s] Level 1:colcon.colcon_core.shell:create_environment_hook('plicp_map_matcher', 'cmake_prefix_path')
[30.374s] INFO:colcon.colcon_core.shell:Creating environment hook '/home/orangepi/Robot_Project/AMR_Robot/amr_robot/install/plicp_map_matcher/share/plicp_map_matcher/hook/cmake_prefix_path.ps1'
[30.376s] INFO:colcon.colcon_core.shell:Creating environment descriptor '/home/orangepi/Robot_Project/AMR_Robot/amr_robot/install/plicp_map_matcher/share/plicp_map_matcher/hook/cmake_prefix_path.dsv'
[30.377s] INFO:colcon.colcon_core.shell:Creating environment hook '/home/orangepi/Robot_Project/AMR_Robot/amr_robot/install/plicp_map_matcher/share/plicp_map_matcher/hook/cmake_prefix_path.sh'
[30.378s] Level 1:colcon.colcon_core.environment:checking '/home/orangepi/Robot_Project/AMR_Robot/amr_robot/install/plicp_map_matcher/lib'
[30.378s] Level 1:colcon.colcon_core.environment:checking '/home/orangepi/Robot_Project/AMR_Robot/amr_robot/install/plicp_map_matcher/bin'
[30.379s] Level 1:colcon.colcon_core.environment:checking '/home/orangepi/Robot_Project/AMR_Robot/amr_robot/install/plicp_map_matcher/lib/pkgconfig/plicp_map_matcher.pc'
[30.379s] Level 1:colcon.colcon_core.environment:checking '/home/orangepi/Robot_Project/AMR_Robot/amr_robot/install/plicp_map_matcher/lib/python3.10/site-packages'
[30.380s] Level 1:colcon.colcon_core.environment:checking '/home/orangepi/Robot_Project/AMR_Robot/amr_robot/install/plicp_map_matcher/bin'
[30.381s] INFO:colcon.colcon_core.shell:Creating package script '/home/orangepi/Robot_Project/AMR_Robot/amr_robot/install/plicp_map_matcher/share/plicp_map_matcher/package.ps1'
[30.383s] INFO:colcon.colcon_core.shell:Creating package descriptor '/home/orangepi/Robot_Project/AMR_Robot/amr_robot/install/plicp_map_matcher/share/plicp_map_matcher/package.dsv'
[30.384s] INFO:colcon.colcon_core.shell:Creating package script '/home/orangepi/Robot_Project/AMR_Robot/amr_robot/install/plicp_map_matcher/share/plicp_map_matcher/package.sh'
[30.385s] INFO:colcon.colcon_core.shell:Creating package script '/home/orangepi/Robot_Project/AMR_Robot/amr_robot/install/plicp_map_matcher/share/plicp_map_matcher/package.bash'
[30.386s] INFO:colcon.colcon_core.shell:Creating package script '/home/orangepi/Robot_Project/AMR_Robot/amr_robot/install/plicp_map_matcher/share/plicp_map_matcher/package.zsh'
[30.386s] Level 1:colcon.colcon_core.environment:create_file_with_runtime_dependencies(/home/orangepi/Robot_Project/AMR_Robot/amr_robot/install/plicp_map_matcher/share/colcon-core/packages/plicp_map_matcher)
[30.387s] Level 1:colcon.colcon_core.environment:create_environment_scripts_only(plicp_map_matcher)
[30.388s] Level 1:colcon.colcon_core.environment:checking '/home/orangepi/Robot_Project/AMR_Robot/amr_robot/install/plicp_map_matcher' for CMake module files
[30.389s] Level 1:colcon.colcon_core.environment:checking '/home/orangepi/Robot_Project/AMR_Robot/amr_robot/install/plicp_map_matcher' for CMake config files
[30.389s] Level 1:colcon.colcon_core.shell:create_environment_hook('plicp_map_matcher', 'cmake_prefix_path')
[30.390s] INFO:colcon.colcon_core.shell:Creating environment hook '/home/orangepi/Robot_Project/AMR_Robot/amr_robot/install/plicp_map_matcher/share/plicp_map_matcher/hook/cmake_prefix_path.ps1'
[30.391s] INFO:colcon.colcon_core.shell:Creating environment descriptor '/home/orangepi/Robot_Project/AMR_Robot/amr_robot/install/plicp_map_matcher/share/plicp_map_matcher/hook/cmake_prefix_path.dsv'
[30.391s] INFO:colcon.colcon_core.shell:Creating environment hook '/home/orangepi/Robot_Project/AMR_Robot/amr_robot/install/plicp_map_matcher/share/plicp_map_matcher/hook/cmake_prefix_path.sh'
[30.392s] Level 1:colcon.colcon_core.environment:checking '/home/orangepi/Robot_Project/AMR_Robot/amr_robot/install/plicp_map_matcher/lib'
[30.393s] Level 1:colcon.colcon_core.environment:checking '/home/orangepi/Robot_Project/AMR_Robot/amr_robot/install/plicp_map_matcher/bin'
[30.393s] Level 1:colcon.colcon_core.environment:checking '/home/orangepi/Robot_Project/AMR_Robot/amr_robot/install/plicp_map_matcher/lib/pkgconfig/plicp_map_matcher.pc'
[30.393s] Level 1:colcon.colcon_core.environment:checking '/home/orangepi/Robot_Project/AMR_Robot/amr_robot/install/plicp_map_matcher/lib/python3.10/site-packages'
[30.394s] Level 1:colcon.colcon_core.environment:checking '/home/orangepi/Robot_Project/AMR_Robot/amr_robot/install/plicp_map_matcher/bin'
[30.394s] INFO:colcon.colcon_core.shell:Creating package script '/home/orangepi/Robot_Project/AMR_Robot/amr_robot/install/plicp_map_matcher/share/plicp_map_matcher/package.ps1'
[30.396s] INFO:colcon.colcon_core.shell:Creating package descriptor '/home/orangepi/Robot_Project/AMR_Robot/amr_robot/install/plicp_map_matcher/share/plicp_map_matcher/package.dsv'
[30.396s] INFO:colcon.colcon_core.shell:Creating package script '/home/orangepi/Robot_Project/AMR_Robot/amr_robot/install/plicp_map_matcher/share/plicp_map_matcher/package.sh'
[30.397s] INFO:colcon.colcon_core.shell:Creating package script '/home/orangepi/Robot_Project/AMR_Robot/amr_robot/install/plicp_map_matcher/share/plicp_map_matcher/package.bash'
[30.398s] INFO:colcon.colcon_core.shell:Creating package script '/home/orangepi/Robot_Project/AMR_Robot/amr_robot/install/plicp_map_matcher/share/plicp_map_matcher/package.zsh'
[30.398s] Level 1:colcon.colcon_core.environment:create_file_with_runtime_dependencies(/home/orangepi/Robot_Project/AMR_Robot/amr_robot/install/plicp_map_matcher/share/colcon-core/packages/plicp_map_matcher)
[30.399s] DEBUG:colcon.colcon_parallel_executor.executor.parallel:closing loop
[30.399s] DEBUG:colcon.colcon_parallel_executor.executor.parallel:loop closed
[30.400s] DEBUG:colcon.colcon_parallel_executor.executor.parallel:run_until_complete finished with '0'
[30.400s] DEBUG:colcon.colcon_core.event_reactor:joining thread
[30.403s] DEBUG:colcon.colcon_core.event_reactor:joined thread
[30.403s] INFO:colcon.colcon_core.shell:Creating prefix script '/home/orangepi/Robot_Project/AMR_Robot/amr_robot/install/local_setup.ps1'
[30.404s] INFO:colcon.colcon_core.shell:Creating prefix util module '/home/orangepi/Robot_Project/AMR_Robot/amr_robot/install/_local_setup_util_ps1.py'
[30.406s] INFO:colcon.colcon_core.shell:Creating prefix chain script '/home/orangepi/Robot_Project/AMR_Robot/amr_robot/install/setup.ps1'
[30.409s] INFO:colcon.colcon_core.shell:Creating prefix script '/home/orangepi/Robot_Project/AMR_Robot/amr_robot/install/local_setup.sh'
[30.410s] INFO:colcon.colcon_core.shell:Creating prefix util module '/home/orangepi/Robot_Project/AMR_Robot/amr_robot/install/_local_setup_util_sh.py'
[30.411s] INFO:colcon.colcon_core.shell:Creating prefix chain script '/home/orangepi/Robot_Project/AMR_Robot/amr_robot/install/setup.sh'
[30.412s] INFO:colcon.colcon_core.shell:Creating prefix script '/home/orangepi/Robot_Project/AMR_Robot/amr_robot/install/local_setup.bash'
[30.413s] INFO:colcon.colcon_core.shell:Creating prefix chain script '/home/orangepi/Robot_Project/AMR_Robot/amr_robot/install/setup.bash'
[30.415s] INFO:colcon.colcon_core.shell:Creating prefix script '/home/orangepi/Robot_Project/AMR_Robot/amr_robot/install/local_setup.zsh'
[30.416s] INFO:colcon.colcon_core.shell:Creating prefix chain script '/home/orangepi/Robot_Project/AMR_Robot/amr_robot/install/setup.zsh'
