[0.128s] DEBUG:colcon:Command line arguments: ['/usr/bin/colcon', 'build', '--symlink-install']
[0.129s] DEBUG:colcon:Parsed command line arguments: Namespace(log_base=None, log_level=None, verb_name='build', build_base='build', install_base='install', merge_install=False, symlink_install=True, test_result_base=None, continue_on_error=False, executor='parallel', parallel_workers=8, event_handlers=None, ignore_user_meta=False, metas=['./colcon.meta'], base_paths=['.'], packages_ignore=None, packages_ignore_regex=None, paths=None, packages_up_to=None, packages_up_to_regex=None, packages_above=None, packages_above_and_dependencies=None, packages_above_depth=None, packages_select_by_dep=None, packages_skip_by_dep=None, packages_skip_up_to=None, packages_select_build_failed=False, packages_skip_build_finished=False, packages_select_test_failures=False, packages_skip_test_passed=False, packages_select=None, packages_skip=None, packages_select_regex=None, packages_skip_regex=None, packages_start=None, packages_end=None, cmake_args=None, cmake_target=None, cmake_target_skip_unavailable=False, cmake_clean_cache=False, cmake_clean_first=False, cmake_force_configure=False, ament_cmake_args=None, catkin_cmake_args=None, catkin_skip_building_tests=False, verb_parser=<colcon_defaults.argument_parser.defaults.DefaultArgumentsDecorator object at 0x7f8e006200>, verb_extension=<colcon_core.verb.build.BuildVerb object at 0x7f8e197970>, main=<bound method BuildVerb.main of <colcon_core.verb.build.BuildVerb object at 0x7f8e197970>>)
[0.292s] Level 1:colcon.colcon_core.package_discovery:discover_packages(colcon_meta) check parameters
[0.292s] Level 1:colcon.colcon_core.package_discovery:discover_packages(recursive) check parameters
[0.292s] Level 1:colcon.colcon_core.package_discovery:discover_packages(ignore) check parameters
[0.292s] Level 1:colcon.colcon_core.package_discovery:discover_packages(path) check parameters
[0.292s] Level 1:colcon.colcon_core.package_discovery:discover_packages(colcon_meta) discover
[0.292s] Level 1:colcon.colcon_core.package_discovery:discover_packages(recursive) discover
[0.292s] INFO:colcon.colcon_core.package_discovery:Crawling recursively for packages in '/home/orangepi/Robot_Project/AMR_Robot/amr_robot'
[0.293s] Level 1:colcon.colcon_core.package_identification:_identify(.) by extensions ['ignore', 'ignore_ament_install']
[0.293s] Level 1:colcon.colcon_core.package_identification:_identify(.) by extension 'ignore'
[0.293s] Level 1:colcon.colcon_core.package_identification:_identify(.) by extension 'ignore_ament_install'
[0.293s] Level 1:colcon.colcon_core.package_identification:_identify(.) by extensions ['colcon_pkg']
[0.293s] Level 1:colcon.colcon_core.package_identification:_identify(.) by extension 'colcon_pkg'
[0.293s] Level 1:colcon.colcon_core.package_identification:_identify(.) by extensions ['colcon_meta']
[0.293s] Level 1:colcon.colcon_core.package_identification:_identify(.) by extension 'colcon_meta'
[0.293s] Level 1:colcon.colcon_core.package_identification:_identify(.) by extensions ['ros']
[0.293s] Level 1:colcon.colcon_core.package_identification:_identify(.) by extension 'ros'
[0.308s] Level 1:colcon.colcon_core.package_identification:_identify(.) by extensions ['cmake', 'python']
[0.308s] Level 1:colcon.colcon_core.package_identification:_identify(.) by extension 'cmake'
[0.308s] Level 1:colcon.colcon_core.package_identification:_identify(.) by extension 'python'
[0.308s] Level 1:colcon.colcon_core.package_identification:_identify(.) by extensions ['python_setup_py']
[0.308s] Level 1:colcon.colcon_core.package_identification:_identify(.) by extension 'python_setup_py'
[0.309s] Level 1:colcon.colcon_core.package_identification:_identify(build) by extensions ['ignore', 'ignore_ament_install']
[0.309s] Level 1:colcon.colcon_core.package_identification:_identify(build) by extension 'ignore'
[0.309s] Level 1:colcon.colcon_core.package_identification:_identify(build) ignored
[0.309s] Level 1:colcon.colcon_core.package_identification:_identify(install) by extensions ['ignore', 'ignore_ament_install']
[0.309s] Level 1:colcon.colcon_core.package_identification:_identify(install) by extension 'ignore'
[0.309s] Level 1:colcon.colcon_core.package_identification:_identify(install) ignored
[0.309s] Level 1:colcon.colcon_core.package_identification:_identify(log) by extensions ['ignore', 'ignore_ament_install']
[0.309s] Level 1:colcon.colcon_core.package_identification:_identify(log) by extension 'ignore'
[0.309s] Level 1:colcon.colcon_core.package_identification:_identify(log) ignored
[0.310s] Level 1:colcon.colcon_core.package_identification:_identify(src) by extensions ['ignore', 'ignore_ament_install']
[0.310s] Level 1:colcon.colcon_core.package_identification:_identify(src) by extension 'ignore'
[0.310s] Level 1:colcon.colcon_core.package_identification:_identify(src) by extension 'ignore_ament_install'
[0.310s] Level 1:colcon.colcon_core.package_identification:_identify(src) by extensions ['colcon_pkg']
[0.310s] Level 1:colcon.colcon_core.package_identification:_identify(src) by extension 'colcon_pkg'
[0.310s] Level 1:colcon.colcon_core.package_identification:_identify(src) by extensions ['colcon_meta']
[0.310s] Level 1:colcon.colcon_core.package_identification:_identify(src) by extension 'colcon_meta'
[0.310s] Level 1:colcon.colcon_core.package_identification:_identify(src) by extensions ['ros']
[0.310s] Level 1:colcon.colcon_core.package_identification:_identify(src) by extension 'ros'
[0.310s] Level 1:colcon.colcon_core.package_identification:_identify(src) by extensions ['cmake', 'python']
[0.310s] Level 1:colcon.colcon_core.package_identification:_identify(src) by extension 'cmake'
[0.310s] Level 1:colcon.colcon_core.package_identification:_identify(src) by extension 'python'
[0.310s] Level 1:colcon.colcon_core.package_identification:_identify(src) by extensions ['python_setup_py']
[0.310s] Level 1:colcon.colcon_core.package_identification:_identify(src) by extension 'python_setup_py'
[0.310s] Level 1:colcon.colcon_core.package_identification:_identify(src/amr_reality_pkg) by extensions ['ignore', 'ignore_ament_install']
[0.311s] Level 1:colcon.colcon_core.package_identification:_identify(src/amr_reality_pkg) by extension 'ignore'
[0.311s] Level 1:colcon.colcon_core.package_identification:_identify(src/amr_reality_pkg) by extension 'ignore_ament_install'
[0.311s] Level 1:colcon.colcon_core.package_identification:_identify(src/amr_reality_pkg) by extensions ['colcon_pkg']
[0.311s] Level 1:colcon.colcon_core.package_identification:_identify(src/amr_reality_pkg) by extension 'colcon_pkg'
[0.311s] Level 1:colcon.colcon_core.package_identification:_identify(src/amr_reality_pkg) by extensions ['colcon_meta']
[0.311s] Level 1:colcon.colcon_core.package_identification:_identify(src/amr_reality_pkg) by extension 'colcon_meta'
[0.311s] Level 1:colcon.colcon_core.package_identification:_identify(src/amr_reality_pkg) by extensions ['ros']
[0.311s] Level 1:colcon.colcon_core.package_identification:_identify(src/amr_reality_pkg) by extension 'ros'
[0.314s] DEBUG:colcon.colcon_core.package_identification:Package 'src/amr_reality_pkg' with type 'ros.ament_cmake' and name 'amr_reality_pkg'
[0.314s] Level 1:colcon.colcon_core.package_identification:_identify(src/amr_sim_pkg) by extensions ['ignore', 'ignore_ament_install']
[0.314s] Level 1:colcon.colcon_core.package_identification:_identify(src/amr_sim_pkg) by extension 'ignore'
[0.314s] Level 1:colcon.colcon_core.package_identification:_identify(src/amr_sim_pkg) by extension 'ignore_ament_install'
[0.315s] Level 1:colcon.colcon_core.package_identification:_identify(src/amr_sim_pkg) by extensions ['colcon_pkg']
[0.315s] Level 1:colcon.colcon_core.package_identification:_identify(src/amr_sim_pkg) by extension 'colcon_pkg'
[0.315s] Level 1:colcon.colcon_core.package_identification:_identify(src/amr_sim_pkg) by extensions ['colcon_meta']
[0.315s] Level 1:colcon.colcon_core.package_identification:_identify(src/amr_sim_pkg) by extension 'colcon_meta'
[0.315s] Level 1:colcon.colcon_core.package_identification:_identify(src/amr_sim_pkg) by extensions ['ros']
[0.315s] Level 1:colcon.colcon_core.package_identification:_identify(src/amr_sim_pkg) by extension 'ros'
[0.316s] DEBUG:colcon.colcon_core.package_identification:Package 'src/amr_sim_pkg' with type 'ros.ament_cmake' and name 'amr_sim_pkg'
[0.316s] Level 1:colcon.colcon_core.package_identification:_identify(src/csm) by extensions ['ignore', 'ignore_ament_install']
[0.316s] Level 1:colcon.colcon_core.package_identification:_identify(src/csm) by extension 'ignore'
[0.316s] Level 1:colcon.colcon_core.package_identification:_identify(src/csm) by extension 'ignore_ament_install'
[0.316s] Level 1:colcon.colcon_core.package_identification:_identify(src/csm) by extensions ['colcon_pkg']
[0.316s] Level 1:colcon.colcon_core.package_identification:_identify(src/csm) by extension 'colcon_pkg'
[0.316s] Level 1:colcon.colcon_core.package_identification:_identify(src/csm) by extensions ['colcon_meta']
[0.316s] Level 1:colcon.colcon_core.package_identification:_identify(src/csm) by extension 'colcon_meta'
[0.316s] Level 1:colcon.colcon_core.package_identification:_identify(src/csm) by extensions ['ros']
[0.316s] Level 1:colcon.colcon_core.package_identification:_identify(src/csm) by extension 'ros'
[0.317s] DEBUG:colcon.colcon_core.package_identification:Package 'src/csm' with type 'ros.ament_cmake' and name 'csm'
[0.317s] Level 1:colcon.colcon_core.package_identification:_identify(src/laser_filters) by extensions ['ignore', 'ignore_ament_install']
[0.317s] Level 1:colcon.colcon_core.package_identification:_identify(src/laser_filters) by extension 'ignore'
[0.318s] Level 1:colcon.colcon_core.package_identification:_identify(src/laser_filters) by extension 'ignore_ament_install'
[0.318s] Level 1:colcon.colcon_core.package_identification:_identify(src/laser_filters) by extensions ['colcon_pkg']
[0.318s] Level 1:colcon.colcon_core.package_identification:_identify(src/laser_filters) by extension 'colcon_pkg'
[0.318s] Level 1:colcon.colcon_core.package_identification:_identify(src/laser_filters) by extensions ['colcon_meta']
[0.318s] Level 1:colcon.colcon_core.package_identification:_identify(src/laser_filters) by extension 'colcon_meta'
[0.318s] Level 1:colcon.colcon_core.package_identification:_identify(src/laser_filters) by extensions ['ros']
[0.318s] Level 1:colcon.colcon_core.package_identification:_identify(src/laser_filters) by extension 'ros'
[0.320s] DEBUG:colcon.colcon_core.package_identification:Package 'src/laser_filters' with type 'ros.ament_cmake' and name 'laser_filters'
[0.320s] Level 1:colcon.colcon_core.package_identification:_identify(src/plicp_map_matcher) by extensions ['ignore', 'ignore_ament_install']
[0.320s] Level 1:colcon.colcon_core.package_identification:_identify(src/plicp_map_matcher) by extension 'ignore'
[0.320s] Level 1:colcon.colcon_core.package_identification:_identify(src/plicp_map_matcher) by extension 'ignore_ament_install'
[0.320s] Level 1:colcon.colcon_core.package_identification:_identify(src/plicp_map_matcher) by extensions ['colcon_pkg']
[0.320s] Level 1:colcon.colcon_core.package_identification:_identify(src/plicp_map_matcher) by extension 'colcon_pkg'
[0.320s] Level 1:colcon.colcon_core.package_identification:_identify(src/plicp_map_matcher) by extensions ['colcon_meta']
[0.320s] Level 1:colcon.colcon_core.package_identification:_identify(src/plicp_map_matcher) by extension 'colcon_meta'
[0.320s] Level 1:colcon.colcon_core.package_identification:_identify(src/plicp_map_matcher) by extensions ['ros']
[0.321s] Level 1:colcon.colcon_core.package_identification:_identify(src/plicp_map_matcher) by extension 'ros'
[0.322s] DEBUG:colcon.colcon_core.package_identification:Package 'src/plicp_map_matcher' with type 'ros.ament_cmake' and name 'plicp_map_matcher'
[0.322s] Level 1:colcon.colcon_core.package_identification:_identify(src/rf2o_laser_odometry) by extensions ['ignore', 'ignore_ament_install']
[0.322s] Level 1:colcon.colcon_core.package_identification:_identify(src/rf2o_laser_odometry) by extension 'ignore'
[0.322s] Level 1:colcon.colcon_core.package_identification:_identify(src/rf2o_laser_odometry) by extension 'ignore_ament_install'
[0.322s] Level 1:colcon.colcon_core.package_identification:_identify(src/rf2o_laser_odometry) by extensions ['colcon_pkg']
[0.322s] Level 1:colcon.colcon_core.package_identification:_identify(src/rf2o_laser_odometry) by extension 'colcon_pkg'
[0.322s] Level 1:colcon.colcon_core.package_identification:_identify(src/rf2o_laser_odometry) by extensions ['colcon_meta']
[0.323s] Level 1:colcon.colcon_core.package_identification:_identify(src/rf2o_laser_odometry) by extension 'colcon_meta'
[0.323s] Level 1:colcon.colcon_core.package_identification:_identify(src/rf2o_laser_odometry) by extensions ['ros']
[0.323s] Level 1:colcon.colcon_core.package_identification:_identify(src/rf2o_laser_odometry) by extension 'ros'
[0.326s] DEBUG:colcon.colcon_core.package_identification:Package 'src/rf2o_laser_odometry' with type 'ros.ament_cmake' and name 'rf2o_laser_odometry'
[0.326s] Level 1:colcon.colcon_core.package_identification:_identify(src/ros2_laser_scan_matcher) by extensions ['ignore', 'ignore_ament_install']
[0.326s] Level 1:colcon.colcon_core.package_identification:_identify(src/ros2_laser_scan_matcher) by extension 'ignore'
[0.326s] Level 1:colcon.colcon_core.package_identification:_identify(src/ros2_laser_scan_matcher) by extension 'ignore_ament_install'
[0.326s] Level 1:colcon.colcon_core.package_identification:_identify(src/ros2_laser_scan_matcher) by extensions ['colcon_pkg']
[0.326s] Level 1:colcon.colcon_core.package_identification:_identify(src/ros2_laser_scan_matcher) by extension 'colcon_pkg'
[0.326s] Level 1:colcon.colcon_core.package_identification:_identify(src/ros2_laser_scan_matcher) by extensions ['colcon_meta']
[0.326s] Level 1:colcon.colcon_core.package_identification:_identify(src/ros2_laser_scan_matcher) by extension 'colcon_meta'
[0.327s] Level 1:colcon.colcon_core.package_identification:_identify(src/ros2_laser_scan_matcher) by extensions ['ros']
[0.327s] Level 1:colcon.colcon_core.package_identification:_identify(src/ros2_laser_scan_matcher) by extension 'ros'
[0.328s] DEBUG:colcon.colcon_core.package_identification:Package 'src/ros2_laser_scan_matcher' with type 'ros.ament_cmake' and name 'ros2_laser_scan_matcher'
[0.328s] Level 1:colcon.colcon_core.package_identification:_identify(src/sllidar_ros2) by extensions ['ignore', 'ignore_ament_install']
[0.328s] Level 1:colcon.colcon_core.package_identification:_identify(src/sllidar_ros2) by extension 'ignore'
[0.328s] Level 1:colcon.colcon_core.package_identification:_identify(src/sllidar_ros2) by extension 'ignore_ament_install'
[0.328s] Level 1:colcon.colcon_core.package_identification:_identify(src/sllidar_ros2) by extensions ['colcon_pkg']
[0.328s] Level 1:colcon.colcon_core.package_identification:_identify(src/sllidar_ros2) by extension 'colcon_pkg'
[0.328s] Level 1:colcon.colcon_core.package_identification:_identify(src/sllidar_ros2) by extensions ['colcon_meta']
[0.328s] Level 1:colcon.colcon_core.package_identification:_identify(src/sllidar_ros2) by extension 'colcon_meta'
[0.328s] Level 1:colcon.colcon_core.package_identification:_identify(src/sllidar_ros2) by extensions ['ros']
[0.328s] Level 1:colcon.colcon_core.package_identification:_identify(src/sllidar_ros2) by extension 'ros'
[0.329s] DEBUG:colcon.colcon_core.package_identification:Package 'src/sllidar_ros2' with type 'ros.ament_cmake' and name 'sllidar_ros2'
[0.329s] Level 1:colcon.colcon_core.package_discovery:discover_packages(recursive) using defaults
[0.329s] Level 1:colcon.colcon_core.package_discovery:discover_packages(ignore) discover
[0.329s] Level 1:colcon.colcon_core.package_discovery:discover_packages(ignore) using defaults
[0.329s] Level 1:colcon.colcon_core.package_discovery:discover_packages(path) discover
[0.329s] Level 1:colcon.colcon_core.package_discovery:discover_packages(path) using defaults
[0.357s] Level 5:colcon.colcon_core.verb:set package 'amr_reality_pkg' build argument 'cmake_args' from command line to 'None'
[0.357s] Level 5:colcon.colcon_core.verb:set package 'amr_reality_pkg' build argument 'cmake_target' from command line to 'None'
[0.357s] Level 5:colcon.colcon_core.verb:set package 'amr_reality_pkg' build argument 'cmake_target_skip_unavailable' from command line to 'False'
[0.357s] Level 5:colcon.colcon_core.verb:set package 'amr_reality_pkg' build argument 'cmake_clean_cache' from command line to 'False'
[0.358s] Level 5:colcon.colcon_core.verb:set package 'amr_reality_pkg' build argument 'cmake_clean_first' from command line to 'False'
[0.358s] Level 5:colcon.colcon_core.verb:set package 'amr_reality_pkg' build argument 'cmake_force_configure' from command line to 'False'
[0.358s] Level 5:colcon.colcon_core.verb:set package 'amr_reality_pkg' build argument 'ament_cmake_args' from command line to 'None'
[0.358s] Level 5:colcon.colcon_core.verb:set package 'amr_reality_pkg' build argument 'catkin_cmake_args' from command line to 'None'
[0.358s] Level 5:colcon.colcon_core.verb:set package 'amr_reality_pkg' build argument 'catkin_skip_building_tests' from command line to 'False'
[0.358s] DEBUG:colcon.colcon_core.verb:Building package 'amr_reality_pkg' with the following arguments: {'ament_cmake_args': None, 'build_base': '/home/orangepi/Robot_Project/AMR_Robot/amr_robot/build/amr_reality_pkg', 'catkin_cmake_args': None, 'catkin_skip_building_tests': False, 'cmake_args': None, 'cmake_clean_cache': False, 'cmake_clean_first': False, 'cmake_force_configure': False, 'cmake_target': None, 'cmake_target_skip_unavailable': False, 'install_base': '/home/orangepi/Robot_Project/AMR_Robot/amr_robot/install/amr_reality_pkg', 'merge_install': False, 'path': '/home/orangepi/Robot_Project/AMR_Robot/amr_robot/src/amr_reality_pkg', 'symlink_install': True, 'test_result_base': None}
[0.358s] Level 5:colcon.colcon_core.verb:set package 'amr_sim_pkg' build argument 'cmake_args' from command line to 'None'
[0.358s] Level 5:colcon.colcon_core.verb:set package 'amr_sim_pkg' build argument 'cmake_target' from command line to 'None'
[0.358s] Level 5:colcon.colcon_core.verb:set package 'amr_sim_pkg' build argument 'cmake_target_skip_unavailable' from command line to 'False'
[0.358s] Level 5:colcon.colcon_core.verb:set package 'amr_sim_pkg' build argument 'cmake_clean_cache' from command line to 'False'
[0.358s] Level 5:colcon.colcon_core.verb:set package 'amr_sim_pkg' build argument 'cmake_clean_first' from command line to 'False'
[0.358s] Level 5:colcon.colcon_core.verb:set package 'amr_sim_pkg' build argument 'cmake_force_configure' from command line to 'False'
[0.358s] Level 5:colcon.colcon_core.verb:set package 'amr_sim_pkg' build argument 'ament_cmake_args' from command line to 'None'
[0.358s] Level 5:colcon.colcon_core.verb:set package 'amr_sim_pkg' build argument 'catkin_cmake_args' from command line to 'None'
[0.358s] Level 5:colcon.colcon_core.verb:set package 'amr_sim_pkg' build argument 'catkin_skip_building_tests' from command line to 'False'
[0.359s] DEBUG:colcon.colcon_core.verb:Building package 'amr_sim_pkg' with the following arguments: {'ament_cmake_args': None, 'build_base': '/home/orangepi/Robot_Project/AMR_Robot/amr_robot/build/amr_sim_pkg', 'catkin_cmake_args': None, 'catkin_skip_building_tests': False, 'cmake_args': None, 'cmake_clean_cache': False, 'cmake_clean_first': False, 'cmake_force_configure': False, 'cmake_target': None, 'cmake_target_skip_unavailable': False, 'install_base': '/home/orangepi/Robot_Project/AMR_Robot/amr_robot/install/amr_sim_pkg', 'merge_install': False, 'path': '/home/orangepi/Robot_Project/AMR_Robot/amr_robot/src/amr_sim_pkg', 'symlink_install': True, 'test_result_base': None}
[0.359s] Level 5:colcon.colcon_core.verb:set package 'csm' build argument 'cmake_args' from command line to 'None'
[0.359s] Level 5:colcon.colcon_core.verb:set package 'csm' build argument 'cmake_target' from command line to 'None'
[0.359s] Level 5:colcon.colcon_core.verb:set package 'csm' build argument 'cmake_target_skip_unavailable' from command line to 'False'
[0.359s] Level 5:colcon.colcon_core.verb:set package 'csm' build argument 'cmake_clean_cache' from command line to 'False'
[0.359s] Level 5:colcon.colcon_core.verb:set package 'csm' build argument 'cmake_clean_first' from command line to 'False'
[0.359s] Level 5:colcon.colcon_core.verb:set package 'csm' build argument 'cmake_force_configure' from command line to 'False'
[0.359s] Level 5:colcon.colcon_core.verb:set package 'csm' build argument 'ament_cmake_args' from command line to 'None'
[0.359s] Level 5:colcon.colcon_core.verb:set package 'csm' build argument 'catkin_cmake_args' from command line to 'None'
[0.359s] Level 5:colcon.colcon_core.verb:set package 'csm' build argument 'catkin_skip_building_tests' from command line to 'False'
[0.359s] DEBUG:colcon.colcon_core.verb:Building package 'csm' with the following arguments: {'ament_cmake_args': None, 'build_base': '/home/orangepi/Robot_Project/AMR_Robot/amr_robot/build/csm', 'catkin_cmake_args': None, 'catkin_skip_building_tests': False, 'cmake_args': None, 'cmake_clean_cache': False, 'cmake_clean_first': False, 'cmake_force_configure': False, 'cmake_target': None, 'cmake_target_skip_unavailable': False, 'install_base': '/home/orangepi/Robot_Project/AMR_Robot/amr_robot/install/csm', 'merge_install': False, 'path': '/home/orangepi/Robot_Project/AMR_Robot/amr_robot/src/csm', 'symlink_install': True, 'test_result_base': None}
[0.360s] Level 5:colcon.colcon_core.verb:set package 'laser_filters' build argument 'cmake_args' from command line to 'None'
[0.360s] Level 5:colcon.colcon_core.verb:set package 'laser_filters' build argument 'cmake_target' from command line to 'None'
[0.360s] Level 5:colcon.colcon_core.verb:set package 'laser_filters' build argument 'cmake_target_skip_unavailable' from command line to 'False'
[0.360s] Level 5:colcon.colcon_core.verb:set package 'laser_filters' build argument 'cmake_clean_cache' from command line to 'False'
[0.360s] Level 5:colcon.colcon_core.verb:set package 'laser_filters' build argument 'cmake_clean_first' from command line to 'False'
[0.360s] Level 5:colcon.colcon_core.verb:set package 'laser_filters' build argument 'cmake_force_configure' from command line to 'False'
[0.360s] Level 5:colcon.colcon_core.verb:set package 'laser_filters' build argument 'ament_cmake_args' from command line to 'None'
[0.360s] Level 5:colcon.colcon_core.verb:set package 'laser_filters' build argument 'catkin_cmake_args' from command line to 'None'
[0.360s] Level 5:colcon.colcon_core.verb:set package 'laser_filters' build argument 'catkin_skip_building_tests' from command line to 'False'
[0.360s] DEBUG:colcon.colcon_core.verb:Building package 'laser_filters' with the following arguments: {'ament_cmake_args': None, 'build_base': '/home/orangepi/Robot_Project/AMR_Robot/amr_robot/build/laser_filters', 'catkin_cmake_args': None, 'catkin_skip_building_tests': False, 'cmake_args': None, 'cmake_clean_cache': False, 'cmake_clean_first': False, 'cmake_force_configure': False, 'cmake_target': None, 'cmake_target_skip_unavailable': False, 'install_base': '/home/orangepi/Robot_Project/AMR_Robot/amr_robot/install/laser_filters', 'merge_install': False, 'path': '/home/orangepi/Robot_Project/AMR_Robot/amr_robot/src/laser_filters', 'symlink_install': True, 'test_result_base': None}
[0.360s] Level 5:colcon.colcon_core.verb:set package 'rf2o_laser_odometry' build argument 'cmake_args' from command line to 'None'
[0.360s] Level 5:colcon.colcon_core.verb:set package 'rf2o_laser_odometry' build argument 'cmake_target' from command line to 'None'
[0.360s] Level 5:colcon.colcon_core.verb:set package 'rf2o_laser_odometry' build argument 'cmake_target_skip_unavailable' from command line to 'False'
[0.361s] Level 5:colcon.colcon_core.verb:set package 'rf2o_laser_odometry' build argument 'cmake_clean_cache' from command line to 'False'
[0.361s] Level 5:colcon.colcon_core.verb:set package 'rf2o_laser_odometry' build argument 'cmake_clean_first' from command line to 'False'
[0.361s] Level 5:colcon.colcon_core.verb:set package 'rf2o_laser_odometry' build argument 'cmake_force_configure' from command line to 'False'
[0.361s] Level 5:colcon.colcon_core.verb:set package 'rf2o_laser_odometry' build argument 'ament_cmake_args' from command line to 'None'
[0.361s] Level 5:colcon.colcon_core.verb:set package 'rf2o_laser_odometry' build argument 'catkin_cmake_args' from command line to 'None'
[0.361s] Level 5:colcon.colcon_core.verb:set package 'rf2o_laser_odometry' build argument 'catkin_skip_building_tests' from command line to 'False'
[0.361s] DEBUG:colcon.colcon_core.verb:Building package 'rf2o_laser_odometry' with the following arguments: {'ament_cmake_args': None, 'build_base': '/home/orangepi/Robot_Project/AMR_Robot/amr_robot/build/rf2o_laser_odometry', 'catkin_cmake_args': None, 'catkin_skip_building_tests': False, 'cmake_args': None, 'cmake_clean_cache': False, 'cmake_clean_first': False, 'cmake_force_configure': False, 'cmake_target': None, 'cmake_target_skip_unavailable': False, 'install_base': '/home/orangepi/Robot_Project/AMR_Robot/amr_robot/install/rf2o_laser_odometry', 'merge_install': False, 'path': '/home/orangepi/Robot_Project/AMR_Robot/amr_robot/src/rf2o_laser_odometry', 'symlink_install': True, 'test_result_base': None}
[0.361s] Level 5:colcon.colcon_core.verb:set package 'sllidar_ros2' build argument 'cmake_args' from command line to 'None'
[0.361s] Level 5:colcon.colcon_core.verb:set package 'sllidar_ros2' build argument 'cmake_target' from command line to 'None'
[0.361s] Level 5:colcon.colcon_core.verb:set package 'sllidar_ros2' build argument 'cmake_target_skip_unavailable' from command line to 'False'
[0.361s] Level 5:colcon.colcon_core.verb:set package 'sllidar_ros2' build argument 'cmake_clean_cache' from command line to 'False'
[0.361s] Level 5:colcon.colcon_core.verb:set package 'sllidar_ros2' build argument 'cmake_clean_first' from command line to 'False'
[0.361s] Level 5:colcon.colcon_core.verb:set package 'sllidar_ros2' build argument 'cmake_force_configure' from command line to 'False'
[0.361s] Level 5:colcon.colcon_core.verb:set package 'sllidar_ros2' build argument 'ament_cmake_args' from command line to 'None'
[0.361s] Level 5:colcon.colcon_core.verb:set package 'sllidar_ros2' build argument 'catkin_cmake_args' from command line to 'None'
[0.361s] Level 5:colcon.colcon_core.verb:set package 'sllidar_ros2' build argument 'catkin_skip_building_tests' from command line to 'False'
[0.361s] DEBUG:colcon.colcon_core.verb:Building package 'sllidar_ros2' with the following arguments: {'ament_cmake_args': None, 'build_base': '/home/orangepi/Robot_Project/AMR_Robot/amr_robot/build/sllidar_ros2', 'catkin_cmake_args': None, 'catkin_skip_building_tests': False, 'cmake_args': None, 'cmake_clean_cache': False, 'cmake_clean_first': False, 'cmake_force_configure': False, 'cmake_target': None, 'cmake_target_skip_unavailable': False, 'install_base': '/home/orangepi/Robot_Project/AMR_Robot/amr_robot/install/sllidar_ros2', 'merge_install': False, 'path': '/home/orangepi/Robot_Project/AMR_Robot/amr_robot/src/sllidar_ros2', 'symlink_install': True, 'test_result_base': None}
[0.362s] Level 5:colcon.colcon_core.verb:set package 'plicp_map_matcher' build argument 'cmake_args' from command line to 'None'
[0.362s] Level 5:colcon.colcon_core.verb:set package 'plicp_map_matcher' build argument 'cmake_target' from command line to 'None'
[0.362s] Level 5:colcon.colcon_core.verb:set package 'plicp_map_matcher' build argument 'cmake_target_skip_unavailable' from command line to 'False'
[0.362s] Level 5:colcon.colcon_core.verb:set package 'plicp_map_matcher' build argument 'cmake_clean_cache' from command line to 'False'
[0.362s] Level 5:colcon.colcon_core.verb:set package 'plicp_map_matcher' build argument 'cmake_clean_first' from command line to 'False'
[0.362s] Level 5:colcon.colcon_core.verb:set package 'plicp_map_matcher' build argument 'cmake_force_configure' from command line to 'False'
[0.362s] Level 5:colcon.colcon_core.verb:set package 'plicp_map_matcher' build argument 'ament_cmake_args' from command line to 'None'
[0.362s] Level 5:colcon.colcon_core.verb:set package 'plicp_map_matcher' build argument 'catkin_cmake_args' from command line to 'None'
[0.362s] Level 5:colcon.colcon_core.verb:set package 'plicp_map_matcher' build argument 'catkin_skip_building_tests' from command line to 'False'
[0.362s] DEBUG:colcon.colcon_core.verb:Building package 'plicp_map_matcher' with the following arguments: {'ament_cmake_args': None, 'build_base': '/home/orangepi/Robot_Project/AMR_Robot/amr_robot/build/plicp_map_matcher', 'catkin_cmake_args': None, 'catkin_skip_building_tests': False, 'cmake_args': None, 'cmake_clean_cache': False, 'cmake_clean_first': False, 'cmake_force_configure': False, 'cmake_target': None, 'cmake_target_skip_unavailable': False, 'install_base': '/home/orangepi/Robot_Project/AMR_Robot/amr_robot/install/plicp_map_matcher', 'merge_install': False, 'path': '/home/orangepi/Robot_Project/AMR_Robot/amr_robot/src/plicp_map_matcher', 'symlink_install': True, 'test_result_base': None}
[0.362s] Level 5:colcon.colcon_core.verb:set package 'ros2_laser_scan_matcher' build argument 'cmake_args' from command line to 'None'
[0.363s] Level 5:colcon.colcon_core.verb:set package 'ros2_laser_scan_matcher' build argument 'cmake_target' from command line to 'None'
[0.363s] Level 5:colcon.colcon_core.verb:set package 'ros2_laser_scan_matcher' build argument 'cmake_target_skip_unavailable' from command line to 'False'
[0.363s] Level 5:colcon.colcon_core.verb:set package 'ros2_laser_scan_matcher' build argument 'cmake_clean_cache' from command line to 'False'
[0.363s] Level 5:colcon.colcon_core.verb:set package 'ros2_laser_scan_matcher' build argument 'cmake_clean_first' from command line to 'False'
[0.363s] Level 5:colcon.colcon_core.verb:set package 'ros2_laser_scan_matcher' build argument 'cmake_force_configure' from command line to 'False'
[0.363s] Level 5:colcon.colcon_core.verb:set package 'ros2_laser_scan_matcher' build argument 'ament_cmake_args' from command line to 'None'
[0.363s] Level 5:colcon.colcon_core.verb:set package 'ros2_laser_scan_matcher' build argument 'catkin_cmake_args' from command line to 'None'
[0.363s] Level 5:colcon.colcon_core.verb:set package 'ros2_laser_scan_matcher' build argument 'catkin_skip_building_tests' from command line to 'False'
[0.363s] DEBUG:colcon.colcon_core.verb:Building package 'ros2_laser_scan_matcher' with the following arguments: {'ament_cmake_args': None, 'build_base': '/home/orangepi/Robot_Project/AMR_Robot/amr_robot/build/ros2_laser_scan_matcher', 'catkin_cmake_args': None, 'catkin_skip_building_tests': False, 'cmake_args': None, 'cmake_clean_cache': False, 'cmake_clean_first': False, 'cmake_force_configure': False, 'cmake_target': None, 'cmake_target_skip_unavailable': False, 'install_base': '/home/orangepi/Robot_Project/AMR_Robot/amr_robot/install/ros2_laser_scan_matcher', 'merge_install': False, 'path': '/home/orangepi/Robot_Project/AMR_Robot/amr_robot/src/ros2_laser_scan_matcher', 'symlink_install': True, 'test_result_base': None}
[0.363s] INFO:colcon.colcon_core.executor:Executing jobs using 'parallel' executor
[0.364s] DEBUG:colcon.colcon_parallel_executor.executor.parallel:run_until_complete
[0.365s] INFO:colcon.colcon_ros.task.ament_cmake.build:Building ROS package in '/home/orangepi/Robot_Project/AMR_Robot/amr_robot/src/csm' with build type 'ament_cmake'
[0.365s] INFO:colcon.colcon_cmake.task.cmake.build:Building CMake package in '/home/orangepi/Robot_Project/AMR_Robot/amr_robot/src/csm'
[0.368s] INFO:colcon.colcon_core.plugin_system:Skipping extension 'colcon_core.shell.bat': Not used on non-Windows systems
[0.368s] INFO:colcon.colcon_core.shell:Skip shell extension 'powershell' for command environment: Not usable outside of PowerShell
[0.368s] DEBUG:colcon.colcon_core.shell:Skip shell extension 'dsv' for command environment
[0.374s] INFO:colcon.colcon_ros.task.ament_cmake.build:Building ROS package in '/home/orangepi/Robot_Project/AMR_Robot/amr_robot/src/amr_reality_pkg' with build type 'ament_cmake'
[0.374s] INFO:colcon.colcon_cmake.task.cmake.build:Building CMake package in '/home/orangepi/Robot_Project/AMR_Robot/amr_robot/src/amr_reality_pkg'
[0.375s] INFO:colcon.colcon_core.shell:Skip shell extension 'powershell' for command environment: Not usable outside of PowerShell
[0.375s] DEBUG:colcon.colcon_core.shell:Skip shell extension 'dsv' for command environment
[0.380s] INFO:colcon.colcon_ros.task.ament_cmake.build:Building ROS package in '/home/orangepi/Robot_Project/AMR_Robot/amr_robot/src/amr_sim_pkg' with build type 'ament_cmake'
[0.380s] INFO:colcon.colcon_cmake.task.cmake.build:Building CMake package in '/home/orangepi/Robot_Project/AMR_Robot/amr_robot/src/amr_sim_pkg'
[0.380s] INFO:colcon.colcon_core.shell:Skip shell extension 'powershell' for command environment: Not usable outside of PowerShell
[0.380s] DEBUG:colcon.colcon_core.shell:Skip shell extension 'dsv' for command environment
[0.385s] INFO:colcon.colcon_ros.task.ament_cmake.build:Building ROS package in '/home/orangepi/Robot_Project/AMR_Robot/amr_robot/src/laser_filters' with build type 'ament_cmake'
[0.385s] INFO:colcon.colcon_cmake.task.cmake.build:Building CMake package in '/home/orangepi/Robot_Project/AMR_Robot/amr_robot/src/laser_filters'
[0.385s] INFO:colcon.colcon_core.shell:Skip shell extension 'powershell' for command environment: Not usable outside of PowerShell
[0.385s] DEBUG:colcon.colcon_core.shell:Skip shell extension 'dsv' for command environment
[0.390s] INFO:colcon.colcon_ros.task.ament_cmake.build:Building ROS package in '/home/orangepi/Robot_Project/AMR_Robot/amr_robot/src/rf2o_laser_odometry' with build type 'ament_cmake'
[0.390s] INFO:colcon.colcon_cmake.task.cmake.build:Building CMake package in '/home/orangepi/Robot_Project/AMR_Robot/amr_robot/src/rf2o_laser_odometry'
[0.391s] INFO:colcon.colcon_core.shell:Skip shell extension 'powershell' for command environment: Not usable outside of PowerShell
[0.391s] DEBUG:colcon.colcon_core.shell:Skip shell extension 'dsv' for command environment
[0.395s] INFO:colcon.colcon_ros.task.ament_cmake.build:Building ROS package in '/home/orangepi/Robot_Project/AMR_Robot/amr_robot/src/sllidar_ros2' with build type 'ament_cmake'
[0.396s] INFO:colcon.colcon_cmake.task.cmake.build:Building CMake package in '/home/orangepi/Robot_Project/AMR_Robot/amr_robot/src/sllidar_ros2'
[0.396s] INFO:colcon.colcon_core.shell:Skip shell extension 'powershell' for command environment: Not usable outside of PowerShell
[0.396s] DEBUG:colcon.colcon_core.shell:Skip shell extension 'dsv' for command environment
[0.408s] DEBUG:colcon.colcon_core.event_handler.log_command:Invoking command in '/home/orangepi/Robot_Project/AMR_Robot/amr_robot/build/csm': CMAKE_PREFIX_PATH=${CMAKE_PREFIX_PATH}:/opt/ros/humble /usr/bin/cmake --build /home/orangepi/Robot_Project/AMR_Robot/amr_robot/build/csm -- -j8 -l8
[0.411s] DEBUG:colcon.colcon_core.event_handler.log_command:Invoking command in '/home/orangepi/Robot_Project/AMR_Robot/amr_robot/build/amr_reality_pkg': CMAKE_PREFIX_PATH=${CMAKE_PREFIX_PATH}:/opt/ros/humble /usr/bin/cmake --build /home/orangepi/Robot_Project/AMR_Robot/amr_robot/build/amr_reality_pkg -- -j8 -l8
[0.416s] DEBUG:colcon.colcon_core.event_handler.log_command:Invoking command in '/home/orangepi/Robot_Project/AMR_Robot/amr_robot/build/amr_sim_pkg': CMAKE_PREFIX_PATH=${CMAKE_PREFIX_PATH}:/opt/ros/humble /usr/bin/cmake --build /home/orangepi/Robot_Project/AMR_Robot/amr_robot/build/amr_sim_pkg -- -j8 -l8
[0.424s] DEBUG:colcon.colcon_core.event_handler.log_command:Invoking command in '/home/orangepi/Robot_Project/AMR_Robot/amr_robot/build/laser_filters': CMAKE_PREFIX_PATH=${CMAKE_PREFIX_PATH}:/opt/ros/humble /usr/bin/cmake --build /home/orangepi/Robot_Project/AMR_Robot/amr_robot/build/laser_filters -- -j8 -l8
[0.441s] DEBUG:colcon.colcon_core.event_handler.log_command:Invoking command in '/home/orangepi/Robot_Project/AMR_Robot/amr_robot/build/rf2o_laser_odometry': CMAKE_PREFIX_PATH=${CMAKE_PREFIX_PATH}:/opt/ros/humble /usr/bin/cmake --build /home/orangepi/Robot_Project/AMR_Robot/amr_robot/build/rf2o_laser_odometry -- -j8 -l8
[0.450s] DEBUG:colcon.colcon_core.event_handler.log_command:Invoking command in '/home/orangepi/Robot_Project/AMR_Robot/amr_robot/build/sllidar_ros2': CMAKE_PREFIX_PATH=${CMAKE_PREFIX_PATH}:/opt/ros/humble /usr/bin/cmake --build /home/orangepi/Robot_Project/AMR_Robot/amr_robot/build/sllidar_ros2 -- -j8 -l8
[0.497s] DEBUG:colcon.colcon_core.event_handler.log_command:Invoked command in '/home/orangepi/Robot_Project/AMR_Robot/amr_robot/build/amr_sim_pkg' returned '0': CMAKE_PREFIX_PATH=${CMAKE_PREFIX_PATH}:/opt/ros/humble /usr/bin/cmake --build /home/orangepi/Robot_Project/AMR_Robot/amr_robot/build/amr_sim_pkg -- -j8 -l8
[0.515s] DEBUG:colcon.colcon_core.event_handler.log_command:Invoking command in '/home/orangepi/Robot_Project/AMR_Robot/amr_robot/build/amr_sim_pkg': CMAKE_PREFIX_PATH=${CMAKE_PREFIX_PATH}:/opt/ros/humble /usr/bin/cmake --install /home/orangepi/Robot_Project/AMR_Robot/amr_robot/build/amr_sim_pkg
[0.585s] DEBUG:colcon.colcon_core.event_handler.log_command:Invoked command in '/home/orangepi/Robot_Project/AMR_Robot/amr_robot/build/rf2o_laser_odometry' returned '0': CMAKE_PREFIX_PATH=${CMAKE_PREFIX_PATH}:/opt/ros/humble /usr/bin/cmake --build /home/orangepi/Robot_Project/AMR_Robot/amr_robot/build/rf2o_laser_odometry -- -j8 -l8
[0.590s] DEBUG:colcon.colcon_core.event_handler.log_command:Invoking command in '/home/orangepi/Robot_Project/AMR_Robot/amr_robot/build/rf2o_laser_odometry': CMAKE_PREFIX_PATH=${CMAKE_PREFIX_PATH}:/opt/ros/humble /usr/bin/cmake --install /home/orangepi/Robot_Project/AMR_Robot/amr_robot/build/rf2o_laser_odometry
[0.595s] DEBUG:colcon.colcon_core.event_handler.log_command:Invoked command in '/home/orangepi/Robot_Project/AMR_Robot/amr_robot/build/csm' returned '0': CMAKE_PREFIX_PATH=${CMAKE_PREFIX_PATH}:/opt/ros/humble /usr/bin/cmake --build /home/orangepi/Robot_Project/AMR_Robot/amr_robot/build/csm -- -j8 -l8
[0.600s] DEBUG:colcon.colcon_core.event_handler.log_command:Invoking command in '/home/orangepi/Robot_Project/AMR_Robot/amr_robot/build/csm': CMAKE_PREFIX_PATH=${CMAKE_PREFIX_PATH}:/opt/ros/humble /usr/bin/cmake --install /home/orangepi/Robot_Project/AMR_Robot/amr_robot/build/csm
[0.616s] Level 1:colcon.colcon_core.environment:create_environment_scripts_only(amr_sim_pkg)
[0.618s] DEBUG:colcon.colcon_core.event_handler.log_command:Invoked command in '/home/orangepi/Robot_Project/AMR_Robot/amr_robot/build/amr_sim_pkg' returned '0': CMAKE_PREFIX_PATH=${CMAKE_PREFIX_PATH}:/opt/ros/humble /usr/bin/cmake --install /home/orangepi/Robot_Project/AMR_Robot/amr_robot/build/amr_sim_pkg
[0.626s] Level 1:colcon.colcon_core.environment:checking '/home/orangepi/Robot_Project/AMR_Robot/amr_robot/install/amr_sim_pkg' for CMake module files
[0.627s] Level 1:colcon.colcon_core.environment:checking '/home/orangepi/Robot_Project/AMR_Robot/amr_robot/install/amr_sim_pkg' for CMake config files
[0.627s] Level 1:colcon.colcon_core.shell:create_environment_hook('amr_sim_pkg', 'cmake_prefix_path')
[0.628s] INFO:colcon.colcon_core.shell:Creating environment hook '/home/orangepi/Robot_Project/AMR_Robot/amr_robot/install/amr_sim_pkg/share/amr_sim_pkg/hook/cmake_prefix_path.ps1'
[0.632s] INFO:colcon.colcon_core.shell:Creating environment descriptor '/home/orangepi/Robot_Project/AMR_Robot/amr_robot/install/amr_sim_pkg/share/amr_sim_pkg/hook/cmake_prefix_path.dsv'
[0.633s] INFO:colcon.colcon_core.shell:Creating environment hook '/home/orangepi/Robot_Project/AMR_Robot/amr_robot/install/amr_sim_pkg/share/amr_sim_pkg/hook/cmake_prefix_path.sh'
[0.636s] Level 1:colcon.colcon_core.environment:checking '/home/orangepi/Robot_Project/AMR_Robot/amr_robot/install/amr_sim_pkg/lib'
[0.637s] Level 1:colcon.colcon_core.environment:checking '/home/orangepi/Robot_Project/AMR_Robot/amr_robot/install/amr_sim_pkg/bin'
[0.638s] Level 1:colcon.colcon_core.environment:checking '/home/orangepi/Robot_Project/AMR_Robot/amr_robot/install/amr_sim_pkg/lib/pkgconfig/amr_sim_pkg.pc'
[0.645s] Level 1:colcon.colcon_core.environment:checking '/home/orangepi/Robot_Project/AMR_Robot/amr_robot/install/amr_sim_pkg/lib/python3.10/site-packages'
[0.646s] Level 1:colcon.colcon_core.environment:checking '/home/orangepi/Robot_Project/AMR_Robot/amr_robot/install/amr_sim_pkg/bin'
[0.646s] INFO:colcon.colcon_core.shell:Creating package script '/home/orangepi/Robot_Project/AMR_Robot/amr_robot/install/amr_sim_pkg/share/amr_sim_pkg/package.ps1'
[0.650s] INFO:colcon.colcon_core.shell:Creating package descriptor '/home/orangepi/Robot_Project/AMR_Robot/amr_robot/install/amr_sim_pkg/share/amr_sim_pkg/package.dsv'
[0.651s] INFO:colcon.colcon_core.shell:Creating package script '/home/orangepi/Robot_Project/AMR_Robot/amr_robot/install/amr_sim_pkg/share/amr_sim_pkg/package.sh'
[0.653s] INFO:colcon.colcon_core.shell:Creating package script '/home/orangepi/Robot_Project/AMR_Robot/amr_robot/install/amr_sim_pkg/share/amr_sim_pkg/package.bash'
[0.655s] INFO:colcon.colcon_core.shell:Creating package script '/home/orangepi/Robot_Project/AMR_Robot/amr_robot/install/amr_sim_pkg/share/amr_sim_pkg/package.zsh'
[0.657s] Level 1:colcon.colcon_core.environment:create_file_with_runtime_dependencies(/home/orangepi/Robot_Project/AMR_Robot/amr_robot/install/amr_sim_pkg/share/colcon-core/packages/amr_sim_pkg)
[0.658s] Level 1:colcon.colcon_core.environment:create_environment_scripts_only(amr_sim_pkg)
[0.682s] Level 1:colcon.colcon_core.environment:checking '/home/orangepi/Robot_Project/AMR_Robot/amr_robot/install/amr_sim_pkg' for CMake module files
[0.683s] Level 1:colcon.colcon_core.environment:checking '/home/orangepi/Robot_Project/AMR_Robot/amr_robot/install/amr_sim_pkg' for CMake config files
[0.684s] Level 1:colcon.colcon_core.shell:create_environment_hook('amr_sim_pkg', 'cmake_prefix_path')
[0.684s] INFO:colcon.colcon_core.shell:Creating environment hook '/home/orangepi/Robot_Project/AMR_Robot/amr_robot/install/amr_sim_pkg/share/amr_sim_pkg/hook/cmake_prefix_path.ps1'
[0.685s] INFO:colcon.colcon_core.shell:Creating environment descriptor '/home/orangepi/Robot_Project/AMR_Robot/amr_robot/install/amr_sim_pkg/share/amr_sim_pkg/hook/cmake_prefix_path.dsv'
[0.686s] INFO:colcon.colcon_core.shell:Creating environment hook '/home/orangepi/Robot_Project/AMR_Robot/amr_robot/install/amr_sim_pkg/share/amr_sim_pkg/hook/cmake_prefix_path.sh'
[0.687s] Level 1:colcon.colcon_core.environment:checking '/home/orangepi/Robot_Project/AMR_Robot/amr_robot/install/amr_sim_pkg/lib'
[0.687s] Level 1:colcon.colcon_core.environment:checking '/home/orangepi/Robot_Project/AMR_Robot/amr_robot/install/amr_sim_pkg/bin'
[0.687s] Level 1:colcon.colcon_core.environment:checking '/home/orangepi/Robot_Project/AMR_Robot/amr_robot/install/amr_sim_pkg/lib/pkgconfig/amr_sim_pkg.pc'
[0.687s] Level 1:colcon.colcon_core.environment:checking '/home/orangepi/Robot_Project/AMR_Robot/amr_robot/install/amr_sim_pkg/lib/python3.10/site-packages'
[0.688s] Level 1:colcon.colcon_core.environment:checking '/home/orangepi/Robot_Project/AMR_Robot/amr_robot/install/amr_sim_pkg/bin'
[0.688s] INFO:colcon.colcon_core.shell:Creating package script '/home/orangepi/Robot_Project/AMR_Robot/amr_robot/install/amr_sim_pkg/share/amr_sim_pkg/package.ps1'
[0.689s] INFO:colcon.colcon_core.shell:Creating package descriptor '/home/orangepi/Robot_Project/AMR_Robot/amr_robot/install/amr_sim_pkg/share/amr_sim_pkg/package.dsv'
[0.691s] INFO:colcon.colcon_core.shell:Creating package script '/home/orangepi/Robot_Project/AMR_Robot/amr_robot/install/amr_sim_pkg/share/amr_sim_pkg/package.sh'
[0.692s] INFO:colcon.colcon_core.shell:Creating package script '/home/orangepi/Robot_Project/AMR_Robot/amr_robot/install/amr_sim_pkg/share/amr_sim_pkg/package.bash'
[0.693s] INFO:colcon.colcon_core.shell:Creating package script '/home/orangepi/Robot_Project/AMR_Robot/amr_robot/install/amr_sim_pkg/share/amr_sim_pkg/package.zsh'
[0.694s] Level 1:colcon.colcon_core.environment:create_file_with_runtime_dependencies(/home/orangepi/Robot_Project/AMR_Robot/amr_robot/install/amr_sim_pkg/share/colcon-core/packages/amr_sim_pkg)
[0.697s] DEBUG:colcon.colcon_core.event_handler.log_command:Invoked command in '/home/orangepi/Robot_Project/AMR_Robot/amr_robot/build/sllidar_ros2' returned '0': CMAKE_PREFIX_PATH=${CMAKE_PREFIX_PATH}:/opt/ros/humble /usr/bin/cmake --build /home/orangepi/Robot_Project/AMR_Robot/amr_robot/build/sllidar_ros2 -- -j8 -l8
[0.699s] DEBUG:colcon.colcon_core.event_handler.log_command:Invoking command in '/home/orangepi/Robot_Project/AMR_Robot/amr_robot/build/sllidar_ros2': CMAKE_PREFIX_PATH=${CMAKE_PREFIX_PATH}:/opt/ros/humble /usr/bin/cmake --install /home/orangepi/Robot_Project/AMR_Robot/amr_robot/build/sllidar_ros2
[0.707s] Level 1:colcon.colcon_core.environment:create_environment_scripts_only(rf2o_laser_odometry)
[0.708s] Level 1:colcon.colcon_core.environment:checking '/home/orangepi/Robot_Project/AMR_Robot/amr_robot/install/rf2o_laser_odometry' for CMake module files
[0.709s] DEBUG:colcon.colcon_core.event_handler.log_command:Invoked command in '/home/orangepi/Robot_Project/AMR_Robot/amr_robot/build/rf2o_laser_odometry' returned '0': CMAKE_PREFIX_PATH=${CMAKE_PREFIX_PATH}:/opt/ros/humble /usr/bin/cmake --install /home/orangepi/Robot_Project/AMR_Robot/amr_robot/build/rf2o_laser_odometry
[0.713s] Level 1:colcon.colcon_core.environment:checking '/home/orangepi/Robot_Project/AMR_Robot/amr_robot/install/rf2o_laser_odometry' for CMake config files
[0.722s] Level 1:colcon.colcon_core.shell:create_environment_hook('rf2o_laser_odometry', 'cmake_prefix_path')
[0.722s] INFO:colcon.colcon_core.shell:Creating environment hook '/home/orangepi/Robot_Project/AMR_Robot/amr_robot/install/rf2o_laser_odometry/share/rf2o_laser_odometry/hook/cmake_prefix_path.ps1'
[0.723s] INFO:colcon.colcon_core.shell:Creating environment descriptor '/home/orangepi/Robot_Project/AMR_Robot/amr_robot/install/rf2o_laser_odometry/share/rf2o_laser_odometry/hook/cmake_prefix_path.dsv'
[0.724s] INFO:colcon.colcon_core.shell:Creating environment hook '/home/orangepi/Robot_Project/AMR_Robot/amr_robot/install/rf2o_laser_odometry/share/rf2o_laser_odometry/hook/cmake_prefix_path.sh'
[0.725s] Level 1:colcon.colcon_core.environment:checking '/home/orangepi/Robot_Project/AMR_Robot/amr_robot/install/rf2o_laser_odometry/lib'
[0.725s] Level 1:colcon.colcon_core.environment:checking '/home/orangepi/Robot_Project/AMR_Robot/amr_robot/install/rf2o_laser_odometry/bin'
[0.725s] Level 1:colcon.colcon_core.environment:checking '/home/orangepi/Robot_Project/AMR_Robot/amr_robot/install/rf2o_laser_odometry/lib/pkgconfig/rf2o_laser_odometry.pc'
[0.725s] Level 1:colcon.colcon_core.environment:checking '/home/orangepi/Robot_Project/AMR_Robot/amr_robot/install/rf2o_laser_odometry/lib/python3.10/site-packages'
[0.726s] Level 1:colcon.colcon_core.environment:checking '/home/orangepi/Robot_Project/AMR_Robot/amr_robot/install/rf2o_laser_odometry/bin'
[0.726s] INFO:colcon.colcon_core.shell:Creating package script '/home/orangepi/Robot_Project/AMR_Robot/amr_robot/install/rf2o_laser_odometry/share/rf2o_laser_odometry/package.ps1'
[0.728s] INFO:colcon.colcon_core.shell:Creating package descriptor '/home/orangepi/Robot_Project/AMR_Robot/amr_robot/install/rf2o_laser_odometry/share/rf2o_laser_odometry/package.dsv'
[0.728s] INFO:colcon.colcon_core.shell:Creating package script '/home/orangepi/Robot_Project/AMR_Robot/amr_robot/install/rf2o_laser_odometry/share/rf2o_laser_odometry/package.sh'
[0.729s] INFO:colcon.colcon_core.shell:Creating package script '/home/orangepi/Robot_Project/AMR_Robot/amr_robot/install/rf2o_laser_odometry/share/rf2o_laser_odometry/package.bash'
[0.730s] INFO:colcon.colcon_core.shell:Creating package script '/home/orangepi/Robot_Project/AMR_Robot/amr_robot/install/rf2o_laser_odometry/share/rf2o_laser_odometry/package.zsh'
[0.730s] Level 1:colcon.colcon_core.environment:create_file_with_runtime_dependencies(/home/orangepi/Robot_Project/AMR_Robot/amr_robot/install/rf2o_laser_odometry/share/colcon-core/packages/rf2o_laser_odometry)
[0.731s] Level 1:colcon.colcon_core.environment:create_environment_scripts_only(rf2o_laser_odometry)
[0.732s] Level 1:colcon.colcon_core.environment:checking '/home/orangepi/Robot_Project/AMR_Robot/amr_robot/install/rf2o_laser_odometry' for CMake module files
[0.732s] Level 1:colcon.colcon_core.environment:checking '/home/orangepi/Robot_Project/AMR_Robot/amr_robot/install/rf2o_laser_odometry' for CMake config files
[0.733s] Level 1:colcon.colcon_core.shell:create_environment_hook('rf2o_laser_odometry', 'cmake_prefix_path')
[0.733s] INFO:colcon.colcon_core.shell:Creating environment hook '/home/orangepi/Robot_Project/AMR_Robot/amr_robot/install/rf2o_laser_odometry/share/rf2o_laser_odometry/hook/cmake_prefix_path.ps1'
[0.734s] INFO:colcon.colcon_core.shell:Creating environment descriptor '/home/orangepi/Robot_Project/AMR_Robot/amr_robot/install/rf2o_laser_odometry/share/rf2o_laser_odometry/hook/cmake_prefix_path.dsv'
[0.734s] INFO:colcon.colcon_core.shell:Creating environment hook '/home/orangepi/Robot_Project/AMR_Robot/amr_robot/install/rf2o_laser_odometry/share/rf2o_laser_odometry/hook/cmake_prefix_path.sh'
[0.735s] Level 1:colcon.colcon_core.environment:checking '/home/orangepi/Robot_Project/AMR_Robot/amr_robot/install/rf2o_laser_odometry/lib'
[0.736s] Level 1:colcon.colcon_core.environment:checking '/home/orangepi/Robot_Project/AMR_Robot/amr_robot/install/rf2o_laser_odometry/bin'
[0.736s] Level 1:colcon.colcon_core.environment:checking '/home/orangepi/Robot_Project/AMR_Robot/amr_robot/install/rf2o_laser_odometry/lib/pkgconfig/rf2o_laser_odometry.pc'
[0.736s] Level 1:colcon.colcon_core.environment:checking '/home/orangepi/Robot_Project/AMR_Robot/amr_robot/install/rf2o_laser_odometry/lib/python3.10/site-packages'
[0.736s] Level 1:colcon.colcon_core.environment:checking '/home/orangepi/Robot_Project/AMR_Robot/amr_robot/install/rf2o_laser_odometry/bin'
[0.737s] INFO:colcon.colcon_core.shell:Creating package script '/home/orangepi/Robot_Project/AMR_Robot/amr_robot/install/rf2o_laser_odometry/share/rf2o_laser_odometry/package.ps1'
[0.738s] INFO:colcon.colcon_core.shell:Creating package descriptor '/home/orangepi/Robot_Project/AMR_Robot/amr_robot/install/rf2o_laser_odometry/share/rf2o_laser_odometry/package.dsv'
[0.739s] INFO:colcon.colcon_core.shell:Creating package script '/home/orangepi/Robot_Project/AMR_Robot/amr_robot/install/rf2o_laser_odometry/share/rf2o_laser_odometry/package.sh'
[0.739s] INFO:colcon.colcon_core.shell:Creating package script '/home/orangepi/Robot_Project/AMR_Robot/amr_robot/install/rf2o_laser_odometry/share/rf2o_laser_odometry/package.bash'
[0.740s] INFO:colcon.colcon_core.shell:Creating package script '/home/orangepi/Robot_Project/AMR_Robot/amr_robot/install/rf2o_laser_odometry/share/rf2o_laser_odometry/package.zsh'
[0.741s] Level 1:colcon.colcon_core.environment:create_file_with_runtime_dependencies(/home/orangepi/Robot_Project/AMR_Robot/amr_robot/install/rf2o_laser_odometry/share/colcon-core/packages/rf2o_laser_odometry)
[0.741s] Level 1:colcon.colcon_core.environment:create_environment_scripts_only(csm)
[0.742s] Level 1:colcon.colcon_core.environment:checking '/home/orangepi/Robot_Project/AMR_Robot/amr_robot/install/csm' for CMake module files
[0.745s] DEBUG:colcon.colcon_core.event_handler.log_command:Invoked command in '/home/orangepi/Robot_Project/AMR_Robot/amr_robot/build/csm' returned '0': CMAKE_PREFIX_PATH=${CMAKE_PREFIX_PATH}:/opt/ros/humble /usr/bin/cmake --install /home/orangepi/Robot_Project/AMR_Robot/amr_robot/build/csm
[0.746s] Level 1:colcon.colcon_core.environment:checking '/home/orangepi/Robot_Project/AMR_Robot/amr_robot/install/csm' for CMake config files
[0.749s] Level 1:colcon.colcon_core.shell:create_environment_hook('csm', 'cmake_prefix_path')
[0.750s] INFO:colcon.colcon_core.shell:Creating environment hook '/home/orangepi/Robot_Project/AMR_Robot/amr_robot/install/csm/share/csm/hook/cmake_prefix_path.ps1'
[0.751s] INFO:colcon.colcon_core.shell:Creating environment descriptor '/home/orangepi/Robot_Project/AMR_Robot/amr_robot/install/csm/share/csm/hook/cmake_prefix_path.dsv'
[0.752s] INFO:colcon.colcon_core.shell:Creating environment hook '/home/orangepi/Robot_Project/AMR_Robot/amr_robot/install/csm/share/csm/hook/cmake_prefix_path.sh'
[0.754s] Level 1:colcon.colcon_core.environment:checking '/home/orangepi/Robot_Project/AMR_Robot/amr_robot/install/csm/lib'
[0.755s] Level 1:colcon.colcon_core.shell:create_environment_hook('csm', 'ld_library_path_lib')
[0.756s] INFO:colcon.colcon_core.shell:Creating environment hook '/home/orangepi/Robot_Project/AMR_Robot/amr_robot/install/csm/share/csm/hook/ld_library_path_lib.ps1'
[0.757s] INFO:colcon.colcon_core.shell:Creating environment descriptor '/home/orangepi/Robot_Project/AMR_Robot/amr_robot/install/csm/share/csm/hook/ld_library_path_lib.dsv'
[0.758s] INFO:colcon.colcon_core.shell:Creating environment hook '/home/orangepi/Robot_Project/AMR_Robot/amr_robot/install/csm/share/csm/hook/ld_library_path_lib.sh'
[0.760s] Level 1:colcon.colcon_core.environment:checking '/home/orangepi/Robot_Project/AMR_Robot/amr_robot/install/csm/bin'
[0.760s] Level 1:colcon.colcon_core.environment:checking '/home/orangepi/Robot_Project/AMR_Robot/amr_robot/install/csm/lib/pkgconfig/csm.pc'
[0.760s] Level 1:colcon.colcon_core.environment:checking '/home/orangepi/Robot_Project/AMR_Robot/amr_robot/install/csm/lib/python3.10/site-packages'
[0.761s] Level 1:colcon.colcon_core.environment:checking '/home/orangepi/Robot_Project/AMR_Robot/amr_robot/install/csm/bin'
[0.762s] INFO:colcon.colcon_core.shell:Creating package script '/home/orangepi/Robot_Project/AMR_Robot/amr_robot/install/csm/share/csm/package.ps1'
[0.763s] INFO:colcon.colcon_core.shell:Creating package descriptor '/home/orangepi/Robot_Project/AMR_Robot/amr_robot/install/csm/share/csm/package.dsv'
[0.764s] INFO:colcon.colcon_core.shell:Creating package script '/home/orangepi/Robot_Project/AMR_Robot/amr_robot/install/csm/share/csm/package.sh'
[0.765s] INFO:colcon.colcon_core.shell:Creating package script '/home/orangepi/Robot_Project/AMR_Robot/amr_robot/install/csm/share/csm/package.bash'
[0.765s] INFO:colcon.colcon_core.shell:Creating package script '/home/orangepi/Robot_Project/AMR_Robot/amr_robot/install/csm/share/csm/package.zsh'
[0.766s] Level 1:colcon.colcon_core.environment:create_file_with_runtime_dependencies(/home/orangepi/Robot_Project/AMR_Robot/amr_robot/install/csm/share/colcon-core/packages/csm)
[0.767s] Level 1:colcon.colcon_core.environment:create_environment_scripts_only(csm)
[0.767s] Level 1:colcon.colcon_core.environment:checking '/home/orangepi/Robot_Project/AMR_Robot/amr_robot/install/csm' for CMake module files
[0.768s] Level 1:colcon.colcon_core.environment:checking '/home/orangepi/Robot_Project/AMR_Robot/amr_robot/install/csm' for CMake config files
[0.769s] Level 1:colcon.colcon_core.shell:create_environment_hook('csm', 'cmake_prefix_path')
[0.769s] INFO:colcon.colcon_core.shell:Creating environment hook '/home/orangepi/Robot_Project/AMR_Robot/amr_robot/install/csm/share/csm/hook/cmake_prefix_path.ps1'
[0.769s] INFO:colcon.colcon_core.shell:Creating environment descriptor '/home/orangepi/Robot_Project/AMR_Robot/amr_robot/install/csm/share/csm/hook/cmake_prefix_path.dsv'
[0.770s] INFO:colcon.colcon_core.shell:Creating environment hook '/home/orangepi/Robot_Project/AMR_Robot/amr_robot/install/csm/share/csm/hook/cmake_prefix_path.sh'
[0.771s] Level 1:colcon.colcon_core.environment:checking '/home/orangepi/Robot_Project/AMR_Robot/amr_robot/install/csm/lib'
[0.771s] Level 1:colcon.colcon_core.shell:create_environment_hook('csm', 'ld_library_path_lib')
[0.771s] INFO:colcon.colcon_core.shell:Creating environment hook '/home/orangepi/Robot_Project/AMR_Robot/amr_robot/install/csm/share/csm/hook/ld_library_path_lib.ps1'
[0.772s] INFO:colcon.colcon_core.shell:Creating environment descriptor '/home/orangepi/Robot_Project/AMR_Robot/amr_robot/install/csm/share/csm/hook/ld_library_path_lib.dsv'
[0.772s] INFO:colcon.colcon_core.shell:Creating environment hook '/home/orangepi/Robot_Project/AMR_Robot/amr_robot/install/csm/share/csm/hook/ld_library_path_lib.sh'
[0.773s] Level 1:colcon.colcon_core.environment:checking '/home/orangepi/Robot_Project/AMR_Robot/amr_robot/install/csm/bin'
[0.773s] Level 1:colcon.colcon_core.environment:checking '/home/orangepi/Robot_Project/AMR_Robot/amr_robot/install/csm/lib/pkgconfig/csm.pc'
[0.773s] Level 1:colcon.colcon_core.environment:checking '/home/orangepi/Robot_Project/AMR_Robot/amr_robot/install/csm/lib/python3.10/site-packages'
[0.774s] Level 1:colcon.colcon_core.environment:checking '/home/orangepi/Robot_Project/AMR_Robot/amr_robot/install/csm/bin'
[0.774s] INFO:colcon.colcon_core.shell:Creating package script '/home/orangepi/Robot_Project/AMR_Robot/amr_robot/install/csm/share/csm/package.ps1'
[0.775s] INFO:colcon.colcon_core.shell:Creating package descriptor '/home/orangepi/Robot_Project/AMR_Robot/amr_robot/install/csm/share/csm/package.dsv'
[0.776s] INFO:colcon.colcon_core.shell:Creating package script '/home/orangepi/Robot_Project/AMR_Robot/amr_robot/install/csm/share/csm/package.sh'
[0.777s] INFO:colcon.colcon_core.shell:Creating package script '/home/orangepi/Robot_Project/AMR_Robot/amr_robot/install/csm/share/csm/package.bash'
[0.777s] INFO:colcon.colcon_core.shell:Creating package script '/home/orangepi/Robot_Project/AMR_Robot/amr_robot/install/csm/share/csm/package.zsh'
[0.778s] Level 1:colcon.colcon_core.environment:create_file_with_runtime_dependencies(/home/orangepi/Robot_Project/AMR_Robot/amr_robot/install/csm/share/colcon-core/packages/csm)
[0.779s] INFO:colcon.colcon_ros.task.ament_cmake.build:Building ROS package in '/home/orangepi/Robot_Project/AMR_Robot/amr_robot/src/plicp_map_matcher' with build type 'ament_cmake'
[0.779s] INFO:colcon.colcon_cmake.task.cmake.build:Building CMake package in '/home/orangepi/Robot_Project/AMR_Robot/amr_robot/src/plicp_map_matcher'
[0.779s] INFO:colcon.colcon_core.shell:Skip shell extension 'powershell' for command environment: Not usable outside of PowerShell
[0.779s] DEBUG:colcon.colcon_core.shell:Skip shell extension 'dsv' for command environment
[0.786s] INFO:colcon.colcon_ros.task.ament_cmake.build:Building ROS package in '/home/orangepi/Robot_Project/AMR_Robot/amr_robot/src/ros2_laser_scan_matcher' with build type 'ament_cmake'
[0.786s] INFO:colcon.colcon_cmake.task.cmake.build:Building CMake package in '/home/orangepi/Robot_Project/AMR_Robot/amr_robot/src/ros2_laser_scan_matcher'
[0.787s] INFO:colcon.colcon_core.shell:Skip shell extension 'powershell' for command environment: Not usable outside of PowerShell
[0.787s] DEBUG:colcon.colcon_core.shell:Skip shell extension 'dsv' for command environment
[0.794s] Level 1:colcon.colcon_core.environment:create_environment_scripts_only(sllidar_ros2)
[0.795s] Level 1:colcon.colcon_core.environment:checking '/home/orangepi/Robot_Project/AMR_Robot/amr_robot/install/sllidar_ros2' for CMake module files
[0.796s] DEBUG:colcon.colcon_core.event_handler.log_command:Invoked command in '/home/orangepi/Robot_Project/AMR_Robot/amr_robot/build/sllidar_ros2' returned '0': CMAKE_PREFIX_PATH=${CMAKE_PREFIX_PATH}:/opt/ros/humble /usr/bin/cmake --install /home/orangepi/Robot_Project/AMR_Robot/amr_robot/build/sllidar_ros2
[0.797s] Level 1:colcon.colcon_core.environment:checking '/home/orangepi/Robot_Project/AMR_Robot/amr_robot/install/sllidar_ros2' for CMake config files
[0.797s] Level 1:colcon.colcon_core.shell:create_environment_hook('sllidar_ros2', 'cmake_prefix_path')
[0.798s] INFO:colcon.colcon_core.shell:Creating environment hook '/home/orangepi/Robot_Project/AMR_Robot/amr_robot/install/sllidar_ros2/share/sllidar_ros2/hook/cmake_prefix_path.ps1'
[0.799s] INFO:colcon.colcon_core.shell:Creating environment descriptor '/home/orangepi/Robot_Project/AMR_Robot/amr_robot/install/sllidar_ros2/share/sllidar_ros2/hook/cmake_prefix_path.dsv'
[0.799s] INFO:colcon.colcon_core.shell:Creating environment hook '/home/orangepi/Robot_Project/AMR_Robot/amr_robot/install/sllidar_ros2/share/sllidar_ros2/hook/cmake_prefix_path.sh'
[0.800s] Level 1:colcon.colcon_core.environment:checking '/home/orangepi/Robot_Project/AMR_Robot/amr_robot/install/sllidar_ros2/lib'
[0.800s] Level 1:colcon.colcon_core.environment:checking '/home/orangepi/Robot_Project/AMR_Robot/amr_robot/install/sllidar_ros2/bin'
[0.800s] Level 1:colcon.colcon_core.environment:checking '/home/orangepi/Robot_Project/AMR_Robot/amr_robot/install/sllidar_ros2/lib/pkgconfig/sllidar_ros2.pc'
[0.801s] Level 1:colcon.colcon_core.environment:checking '/home/orangepi/Robot_Project/AMR_Robot/amr_robot/install/sllidar_ros2/lib/python3.10/site-packages'
[0.801s] Level 1:colcon.colcon_core.environment:checking '/home/orangepi/Robot_Project/AMR_Robot/amr_robot/install/sllidar_ros2/bin'
[0.802s] INFO:colcon.colcon_core.shell:Creating package script '/home/orangepi/Robot_Project/AMR_Robot/amr_robot/install/sllidar_ros2/share/sllidar_ros2/package.ps1'
[0.803s] INFO:colcon.colcon_core.shell:Creating package descriptor '/home/orangepi/Robot_Project/AMR_Robot/amr_robot/install/sllidar_ros2/share/sllidar_ros2/package.dsv'
[0.803s] INFO:colcon.colcon_core.shell:Creating package script '/home/orangepi/Robot_Project/AMR_Robot/amr_robot/install/sllidar_ros2/share/sllidar_ros2/package.sh'
[0.804s] INFO:colcon.colcon_core.shell:Creating package script '/home/orangepi/Robot_Project/AMR_Robot/amr_robot/install/sllidar_ros2/share/sllidar_ros2/package.bash'
[0.805s] INFO:colcon.colcon_core.shell:Creating package script '/home/orangepi/Robot_Project/AMR_Robot/amr_robot/install/sllidar_ros2/share/sllidar_ros2/package.zsh'
[0.805s] Level 1:colcon.colcon_core.environment:create_file_with_runtime_dependencies(/home/orangepi/Robot_Project/AMR_Robot/amr_robot/install/sllidar_ros2/share/colcon-core/packages/sllidar_ros2)
[0.806s] Level 1:colcon.colcon_core.environment:create_environment_scripts_only(sllidar_ros2)
[0.807s] Level 1:colcon.colcon_core.environment:checking '/home/orangepi/Robot_Project/AMR_Robot/amr_robot/install/sllidar_ros2' for CMake module files
[0.807s] Level 1:colcon.colcon_core.environment:checking '/home/orangepi/Robot_Project/AMR_Robot/amr_robot/install/sllidar_ros2' for CMake config files
[0.808s] Level 1:colcon.colcon_core.shell:create_environment_hook('sllidar_ros2', 'cmake_prefix_path')
[0.808s] INFO:colcon.colcon_core.shell:Creating environment hook '/home/orangepi/Robot_Project/AMR_Robot/amr_robot/install/sllidar_ros2/share/sllidar_ros2/hook/cmake_prefix_path.ps1'
[0.809s] INFO:colcon.colcon_core.shell:Creating environment descriptor '/home/orangepi/Robot_Project/AMR_Robot/amr_robot/install/sllidar_ros2/share/sllidar_ros2/hook/cmake_prefix_path.dsv'
[0.810s] INFO:colcon.colcon_core.shell:Creating environment hook '/home/orangepi/Robot_Project/AMR_Robot/amr_robot/install/sllidar_ros2/share/sllidar_ros2/hook/cmake_prefix_path.sh'
[0.811s] Level 1:colcon.colcon_core.environment:checking '/home/orangepi/Robot_Project/AMR_Robot/amr_robot/install/sllidar_ros2/lib'
[0.811s] Level 1:colcon.colcon_core.environment:checking '/home/orangepi/Robot_Project/AMR_Robot/amr_robot/install/sllidar_ros2/bin'
[0.811s] Level 1:colcon.colcon_core.environment:checking '/home/orangepi/Robot_Project/AMR_Robot/amr_robot/install/sllidar_ros2/lib/pkgconfig/sllidar_ros2.pc'
[0.812s] Level 1:colcon.colcon_core.environment:checking '/home/orangepi/Robot_Project/AMR_Robot/amr_robot/install/sllidar_ros2/lib/python3.10/site-packages'
[0.812s] Level 1:colcon.colcon_core.environment:checking '/home/orangepi/Robot_Project/AMR_Robot/amr_robot/install/sllidar_ros2/bin'
[0.813s] INFO:colcon.colcon_core.shell:Creating package script '/home/orangepi/Robot_Project/AMR_Robot/amr_robot/install/sllidar_ros2/share/sllidar_ros2/package.ps1'
[0.814s] INFO:colcon.colcon_core.shell:Creating package descriptor '/home/orangepi/Robot_Project/AMR_Robot/amr_robot/install/sllidar_ros2/share/sllidar_ros2/package.dsv'
[0.815s] INFO:colcon.colcon_core.shell:Creating package script '/home/orangepi/Robot_Project/AMR_Robot/amr_robot/install/sllidar_ros2/share/sllidar_ros2/package.sh'
[0.815s] INFO:colcon.colcon_core.shell:Creating package script '/home/orangepi/Robot_Project/AMR_Robot/amr_robot/install/sllidar_ros2/share/sllidar_ros2/package.bash'
[0.816s] INFO:colcon.colcon_core.shell:Creating package script '/home/orangepi/Robot_Project/AMR_Robot/amr_robot/install/sllidar_ros2/share/sllidar_ros2/package.zsh'
[0.817s] Level 1:colcon.colcon_core.environment:create_file_with_runtime_dependencies(/home/orangepi/Robot_Project/AMR_Robot/amr_robot/install/sllidar_ros2/share/colcon-core/packages/sllidar_ros2)
[0.827s] DEBUG:colcon.colcon_core.event_handler.log_command:Invoking command in '/home/orangepi/Robot_Project/AMR_Robot/amr_robot/build/plicp_map_matcher': CMAKE_PREFIX_PATH=/home/orangepi/Robot_Project/AMR_Robot/amr_robot/install/csm:/home/orangepi/Robot_Project/AMR_Robot/amr_robot/install/sllidar_ros2:/home/orangepi/Robot_Project/AMR_Robot/amr_robot/install/ros2_laser_scan_matcher:/home/orangepi/Robot_Project/AMR_Robot/amr_robot/install/rf2o_laser_odometry:/home/orangepi/Robot_Project/AMR_Robot/amr_robot/install/plicp_map_matcher:/home/orangepi/Robot_Project/AMR_Robot/amr_robot/install/laser_filters:/home/orangepi/Robot_Project/AMR_Robot/amr_robot/install/amr_sim_pkg:/home/orangepi/Robot_Project/AMR_Robot/amr_robot/install/amr_reality_pkg:/opt/ros/humble LD_LIBRARY_PATH=/home/orangepi/Robot_Project/AMR_Robot/amr_robot/install/csm/lib:/home/orangepi/Robot_Project/AMR_Robot/amr_robot/install/laser_filters/lib:/opt/ros/humble/opt/rviz_ogre_vendor/lib:/opt/ros/humble/lib/aarch64-linux-gnu:/opt/ros/humble/lib /usr/bin/cmake --build /home/orangepi/Robot_Project/AMR_Robot/amr_robot/build/plicp_map_matcher -- -j8 -l8
[0.850s] DEBUG:colcon.colcon_core.event_handler.log_command:Invoking command in '/home/orangepi/Robot_Project/AMR_Robot/amr_robot/build/ros2_laser_scan_matcher': CMAKE_PREFIX_PATH=/home/orangepi/Robot_Project/AMR_Robot/amr_robot/install/csm:/home/orangepi/Robot_Project/AMR_Robot/amr_robot/install/sllidar_ros2:/home/orangepi/Robot_Project/AMR_Robot/amr_robot/install/ros2_laser_scan_matcher:/home/orangepi/Robot_Project/AMR_Robot/amr_robot/install/rf2o_laser_odometry:/home/orangepi/Robot_Project/AMR_Robot/amr_robot/install/plicp_map_matcher:/home/orangepi/Robot_Project/AMR_Robot/amr_robot/install/laser_filters:/home/orangepi/Robot_Project/AMR_Robot/amr_robot/install/amr_sim_pkg:/home/orangepi/Robot_Project/AMR_Robot/amr_robot/install/amr_reality_pkg:/opt/ros/humble LD_LIBRARY_PATH=/home/orangepi/Robot_Project/AMR_Robot/amr_robot/install/csm/lib:/home/orangepi/Robot_Project/AMR_Robot/amr_robot/install/laser_filters/lib:/opt/ros/humble/opt/rviz_ogre_vendor/lib:/opt/ros/humble/lib/aarch64-linux-gnu:/opt/ros/humble/lib /usr/bin/cmake --build /home/orangepi/Robot_Project/AMR_Robot/amr_robot/build/ros2_laser_scan_matcher -- -j8 -l8
[0.851s] DEBUG:colcon.colcon_core.event_handler.log_command:Invoked command in '/home/orangepi/Robot_Project/AMR_Robot/amr_robot/build/laser_filters' returned '0': CMAKE_PREFIX_PATH=${CMAKE_PREFIX_PATH}:/opt/ros/humble /usr/bin/cmake --build /home/orangepi/Robot_Project/AMR_Robot/amr_robot/build/laser_filters -- -j8 -l8
[0.853s] DEBUG:colcon.colcon_core.event_handler.log_command:Invoking command in '/home/orangepi/Robot_Project/AMR_Robot/amr_robot/build/laser_filters': CMAKE_PREFIX_PATH=${CMAKE_PREFIX_PATH}:/opt/ros/humble /usr/bin/cmake --install /home/orangepi/Robot_Project/AMR_Robot/amr_robot/build/laser_filters
[0.897s] Level 1:colcon.colcon_core.environment:create_environment_scripts_only(laser_filters)
[0.898s] Level 1:colcon.colcon_core.environment:checking '/home/orangepi/Robot_Project/AMR_Robot/amr_robot/install/laser_filters' for CMake module files
[0.898s] DEBUG:colcon.colcon_core.event_handler.log_command:Invoked command in '/home/orangepi/Robot_Project/AMR_Robot/amr_robot/build/laser_filters' returned '0': CMAKE_PREFIX_PATH=${CMAKE_PREFIX_PATH}:/opt/ros/humble /usr/bin/cmake --install /home/orangepi/Robot_Project/AMR_Robot/amr_robot/build/laser_filters
[0.899s] Level 1:colcon.colcon_core.environment:checking '/home/orangepi/Robot_Project/AMR_Robot/amr_robot/install/laser_filters' for CMake config files
[0.900s] Level 1:colcon.colcon_core.shell:create_environment_hook('laser_filters', 'cmake_prefix_path')
[0.901s] INFO:colcon.colcon_core.shell:Creating environment hook '/home/orangepi/Robot_Project/AMR_Robot/amr_robot/install/laser_filters/share/laser_filters/hook/cmake_prefix_path.ps1'
[0.902s] INFO:colcon.colcon_core.shell:Creating environment descriptor '/home/orangepi/Robot_Project/AMR_Robot/amr_robot/install/laser_filters/share/laser_filters/hook/cmake_prefix_path.dsv'
[0.902s] INFO:colcon.colcon_core.shell:Creating environment hook '/home/orangepi/Robot_Project/AMR_Robot/amr_robot/install/laser_filters/share/laser_filters/hook/cmake_prefix_path.sh'
[0.904s] Level 1:colcon.colcon_core.environment:checking '/home/orangepi/Robot_Project/AMR_Robot/amr_robot/install/laser_filters/lib'
[0.904s] Level 1:colcon.colcon_core.shell:create_environment_hook('laser_filters', 'ld_library_path_lib')
[0.904s] INFO:colcon.colcon_core.shell:Creating environment hook '/home/orangepi/Robot_Project/AMR_Robot/amr_robot/install/laser_filters/share/laser_filters/hook/ld_library_path_lib.ps1'
[0.905s] INFO:colcon.colcon_core.shell:Creating environment descriptor '/home/orangepi/Robot_Project/AMR_Robot/amr_robot/install/laser_filters/share/laser_filters/hook/ld_library_path_lib.dsv'
[0.906s] INFO:colcon.colcon_core.shell:Creating environment hook '/home/orangepi/Robot_Project/AMR_Robot/amr_robot/install/laser_filters/share/laser_filters/hook/ld_library_path_lib.sh'
[0.907s] Level 1:colcon.colcon_core.environment:checking '/home/orangepi/Robot_Project/AMR_Robot/amr_robot/install/laser_filters/bin'
[0.907s] Level 1:colcon.colcon_core.environment:checking '/home/orangepi/Robot_Project/AMR_Robot/amr_robot/install/laser_filters/lib/pkgconfig/laser_filters.pc'
[0.908s] Level 1:colcon.colcon_core.environment:checking '/home/orangepi/Robot_Project/AMR_Robot/amr_robot/install/laser_filters/lib/python3.10/site-packages'
[0.908s] Level 1:colcon.colcon_core.environment:checking '/home/orangepi/Robot_Project/AMR_Robot/amr_robot/install/laser_filters/bin'
[0.909s] INFO:colcon.colcon_core.shell:Creating package script '/home/orangepi/Robot_Project/AMR_Robot/amr_robot/install/laser_filters/share/laser_filters/package.ps1'
[0.910s] INFO:colcon.colcon_core.shell:Creating package descriptor '/home/orangepi/Robot_Project/AMR_Robot/amr_robot/install/laser_filters/share/laser_filters/package.dsv'
[0.911s] INFO:colcon.colcon_core.shell:Creating package script '/home/orangepi/Robot_Project/AMR_Robot/amr_robot/install/laser_filters/share/laser_filters/package.sh'
[0.912s] INFO:colcon.colcon_core.shell:Creating package script '/home/orangepi/Robot_Project/AMR_Robot/amr_robot/install/laser_filters/share/laser_filters/package.bash'
[0.913s] INFO:colcon.colcon_core.shell:Creating package script '/home/orangepi/Robot_Project/AMR_Robot/amr_robot/install/laser_filters/share/laser_filters/package.zsh'
[0.914s] Level 1:colcon.colcon_core.environment:create_file_with_runtime_dependencies(/home/orangepi/Robot_Project/AMR_Robot/amr_robot/install/laser_filters/share/colcon-core/packages/laser_filters)
[0.916s] Level 1:colcon.colcon_core.environment:create_environment_scripts_only(laser_filters)
[0.917s] Level 1:colcon.colcon_core.environment:checking '/home/orangepi/Robot_Project/AMR_Robot/amr_robot/install/laser_filters' for CMake module files
[0.918s] Level 1:colcon.colcon_core.environment:checking '/home/orangepi/Robot_Project/AMR_Robot/amr_robot/install/laser_filters' for CMake config files
[0.919s] Level 1:colcon.colcon_core.shell:create_environment_hook('laser_filters', 'cmake_prefix_path')
[0.919s] INFO:colcon.colcon_core.shell:Creating environment hook '/home/orangepi/Robot_Project/AMR_Robot/amr_robot/install/laser_filters/share/laser_filters/hook/cmake_prefix_path.ps1'
[0.920s] INFO:colcon.colcon_core.shell:Creating environment descriptor '/home/orangepi/Robot_Project/AMR_Robot/amr_robot/install/laser_filters/share/laser_filters/hook/cmake_prefix_path.dsv'
[0.921s] INFO:colcon.colcon_core.shell:Creating environment hook '/home/orangepi/Robot_Project/AMR_Robot/amr_robot/install/laser_filters/share/laser_filters/hook/cmake_prefix_path.sh'
[0.923s] Level 1:colcon.colcon_core.environment:checking '/home/orangepi/Robot_Project/AMR_Robot/amr_robot/install/laser_filters/lib'
[0.924s] Level 1:colcon.colcon_core.shell:create_environment_hook('laser_filters', 'ld_library_path_lib')
[0.925s] INFO:colcon.colcon_core.shell:Creating environment hook '/home/orangepi/Robot_Project/AMR_Robot/amr_robot/install/laser_filters/share/laser_filters/hook/ld_library_path_lib.ps1'
[0.926s] INFO:colcon.colcon_core.shell:Creating environment descriptor '/home/orangepi/Robot_Project/AMR_Robot/amr_robot/install/laser_filters/share/laser_filters/hook/ld_library_path_lib.dsv'
[0.927s] INFO:colcon.colcon_core.shell:Creating environment hook '/home/orangepi/Robot_Project/AMR_Robot/amr_robot/install/laser_filters/share/laser_filters/hook/ld_library_path_lib.sh'
[0.928s] Level 1:colcon.colcon_core.environment:checking '/home/orangepi/Robot_Project/AMR_Robot/amr_robot/install/laser_filters/bin'
[0.928s] Level 1:colcon.colcon_core.environment:checking '/home/orangepi/Robot_Project/AMR_Robot/amr_robot/install/laser_filters/lib/pkgconfig/laser_filters.pc'
[0.929s] Level 1:colcon.colcon_core.environment:checking '/home/orangepi/Robot_Project/AMR_Robot/amr_robot/install/laser_filters/lib/python3.10/site-packages'
[0.929s] Level 1:colcon.colcon_core.environment:checking '/home/orangepi/Robot_Project/AMR_Robot/amr_robot/install/laser_filters/bin'
[0.930s] INFO:colcon.colcon_core.shell:Creating package script '/home/orangepi/Robot_Project/AMR_Robot/amr_robot/install/laser_filters/share/laser_filters/package.ps1'
[0.932s] INFO:colcon.colcon_core.shell:Creating package descriptor '/home/orangepi/Robot_Project/AMR_Robot/amr_robot/install/laser_filters/share/laser_filters/package.dsv'
[0.933s] INFO:colcon.colcon_core.shell:Creating package script '/home/orangepi/Robot_Project/AMR_Robot/amr_robot/install/laser_filters/share/laser_filters/package.sh'
[0.934s] INFO:colcon.colcon_core.shell:Creating package script '/home/orangepi/Robot_Project/AMR_Robot/amr_robot/install/laser_filters/share/laser_filters/package.bash'
[0.935s] INFO:colcon.colcon_core.shell:Creating package script '/home/orangepi/Robot_Project/AMR_Robot/amr_robot/install/laser_filters/share/laser_filters/package.zsh'
[0.935s] Level 1:colcon.colcon_core.environment:create_file_with_runtime_dependencies(/home/orangepi/Robot_Project/AMR_Robot/amr_robot/install/laser_filters/share/colcon-core/packages/laser_filters)
[1.027s] DEBUG:colcon.colcon_core.event_handler.log_command:Invoked command in '/home/orangepi/Robot_Project/AMR_Robot/amr_robot/build/ros2_laser_scan_matcher' returned '0': CMAKE_PREFIX_PATH=/home/orangepi/Robot_Project/AMR_Robot/amr_robot/install/csm:/home/orangepi/Robot_Project/AMR_Robot/amr_robot/install/sllidar_ros2:/home/orangepi/Robot_Project/AMR_Robot/amr_robot/install/ros2_laser_scan_matcher:/home/orangepi/Robot_Project/AMR_Robot/amr_robot/install/rf2o_laser_odometry:/home/orangepi/Robot_Project/AMR_Robot/amr_robot/install/plicp_map_matcher:/home/orangepi/Robot_Project/AMR_Robot/amr_robot/install/laser_filters:/home/orangepi/Robot_Project/AMR_Robot/amr_robot/install/amr_sim_pkg:/home/orangepi/Robot_Project/AMR_Robot/amr_robot/install/amr_reality_pkg:/opt/ros/humble LD_LIBRARY_PATH=/home/orangepi/Robot_Project/AMR_Robot/amr_robot/install/csm/lib:/home/orangepi/Robot_Project/AMR_Robot/amr_robot/install/laser_filters/lib:/opt/ros/humble/opt/rviz_ogre_vendor/lib:/opt/ros/humble/lib/aarch64-linux-gnu:/opt/ros/humble/lib /usr/bin/cmake --build /home/orangepi/Robot_Project/AMR_Robot/amr_robot/build/ros2_laser_scan_matcher -- -j8 -l8
[1.031s] DEBUG:colcon.colcon_core.event_handler.log_command:Invoking command in '/home/orangepi/Robot_Project/AMR_Robot/amr_robot/build/ros2_laser_scan_matcher': CMAKE_PREFIX_PATH=/home/orangepi/Robot_Project/AMR_Robot/amr_robot/install/csm:/home/orangepi/Robot_Project/AMR_Robot/amr_robot/install/sllidar_ros2:/home/orangepi/Robot_Project/AMR_Robot/amr_robot/install/ros2_laser_scan_matcher:/home/orangepi/Robot_Project/AMR_Robot/amr_robot/install/rf2o_laser_odometry:/home/orangepi/Robot_Project/AMR_Robot/amr_robot/install/plicp_map_matcher:/home/orangepi/Robot_Project/AMR_Robot/amr_robot/install/laser_filters:/home/orangepi/Robot_Project/AMR_Robot/amr_robot/install/amr_sim_pkg:/home/orangepi/Robot_Project/AMR_Robot/amr_robot/install/amr_reality_pkg:/opt/ros/humble LD_LIBRARY_PATH=/home/orangepi/Robot_Project/AMR_Robot/amr_robot/install/csm/lib:/home/orangepi/Robot_Project/AMR_Robot/amr_robot/install/laser_filters/lib:/opt/ros/humble/opt/rviz_ogre_vendor/lib:/opt/ros/humble/lib/aarch64-linux-gnu:/opt/ros/humble/lib /usr/bin/cmake --install /home/orangepi/Robot_Project/AMR_Robot/amr_robot/build/ros2_laser_scan_matcher
[1.103s] Level 1:colcon.colcon_core.environment:create_environment_scripts_only(ros2_laser_scan_matcher)
[1.105s] Level 1:colcon.colcon_core.environment:checking '/home/orangepi/Robot_Project/AMR_Robot/amr_robot/install/ros2_laser_scan_matcher' for CMake module files
[1.106s] DEBUG:colcon.colcon_core.event_handler.log_command:Invoked command in '/home/orangepi/Robot_Project/AMR_Robot/amr_robot/build/ros2_laser_scan_matcher' returned '0': CMAKE_PREFIX_PATH=/home/orangepi/Robot_Project/AMR_Robot/amr_robot/install/csm:/home/orangepi/Robot_Project/AMR_Robot/amr_robot/install/sllidar_ros2:/home/orangepi/Robot_Project/AMR_Robot/amr_robot/install/ros2_laser_scan_matcher:/home/orangepi/Robot_Project/AMR_Robot/amr_robot/install/rf2o_laser_odometry:/home/orangepi/Robot_Project/AMR_Robot/amr_robot/install/plicp_map_matcher:/home/orangepi/Robot_Project/AMR_Robot/amr_robot/install/laser_filters:/home/orangepi/Robot_Project/AMR_Robot/amr_robot/install/amr_sim_pkg:/home/orangepi/Robot_Project/AMR_Robot/amr_robot/install/amr_reality_pkg:/opt/ros/humble LD_LIBRARY_PATH=/home/orangepi/Robot_Project/AMR_Robot/amr_robot/install/csm/lib:/home/orangepi/Robot_Project/AMR_Robot/amr_robot/install/laser_filters/lib:/opt/ros/humble/opt/rviz_ogre_vendor/lib:/opt/ros/humble/lib/aarch64-linux-gnu:/opt/ros/humble/lib /usr/bin/cmake --install /home/orangepi/Robot_Project/AMR_Robot/amr_robot/build/ros2_laser_scan_matcher
[1.107s] Level 1:colcon.colcon_core.environment:checking '/home/orangepi/Robot_Project/AMR_Robot/amr_robot/install/ros2_laser_scan_matcher' for CMake config files
[1.108s] Level 1:colcon.colcon_core.shell:create_environment_hook('ros2_laser_scan_matcher', 'cmake_prefix_path')
[1.108s] INFO:colcon.colcon_core.shell:Creating environment hook '/home/orangepi/Robot_Project/AMR_Robot/amr_robot/install/ros2_laser_scan_matcher/share/ros2_laser_scan_matcher/hook/cmake_prefix_path.ps1'
[1.109s] INFO:colcon.colcon_core.shell:Creating environment descriptor '/home/orangepi/Robot_Project/AMR_Robot/amr_robot/install/ros2_laser_scan_matcher/share/ros2_laser_scan_matcher/hook/cmake_prefix_path.dsv'
[1.110s] INFO:colcon.colcon_core.shell:Creating environment hook '/home/orangepi/Robot_Project/AMR_Robot/amr_robot/install/ros2_laser_scan_matcher/share/ros2_laser_scan_matcher/hook/cmake_prefix_path.sh'
[1.111s] Level 1:colcon.colcon_core.environment:checking '/home/orangepi/Robot_Project/AMR_Robot/amr_robot/install/ros2_laser_scan_matcher/lib'
[1.112s] Level 1:colcon.colcon_core.environment:checking '/home/orangepi/Robot_Project/AMR_Robot/amr_robot/install/ros2_laser_scan_matcher/bin'
[1.112s] Level 1:colcon.colcon_core.environment:checking '/home/orangepi/Robot_Project/AMR_Robot/amr_robot/install/ros2_laser_scan_matcher/lib/pkgconfig/ros2_laser_scan_matcher.pc'
[1.112s] Level 1:colcon.colcon_core.environment:checking '/home/orangepi/Robot_Project/AMR_Robot/amr_robot/install/ros2_laser_scan_matcher/lib/python3.10/site-packages'
[1.113s] Level 1:colcon.colcon_core.environment:checking '/home/orangepi/Robot_Project/AMR_Robot/amr_robot/install/ros2_laser_scan_matcher/bin'
[1.113s] INFO:colcon.colcon_core.shell:Creating package script '/home/orangepi/Robot_Project/AMR_Robot/amr_robot/install/ros2_laser_scan_matcher/share/ros2_laser_scan_matcher/package.ps1'
[1.114s] INFO:colcon.colcon_core.shell:Creating package descriptor '/home/orangepi/Robot_Project/AMR_Robot/amr_robot/install/ros2_laser_scan_matcher/share/ros2_laser_scan_matcher/package.dsv'
[1.115s] INFO:colcon.colcon_core.shell:Creating package script '/home/orangepi/Robot_Project/AMR_Robot/amr_robot/install/ros2_laser_scan_matcher/share/ros2_laser_scan_matcher/package.sh'
[1.116s] INFO:colcon.colcon_core.shell:Creating package script '/home/orangepi/Robot_Project/AMR_Robot/amr_robot/install/ros2_laser_scan_matcher/share/ros2_laser_scan_matcher/package.bash'
[1.116s] INFO:colcon.colcon_core.shell:Creating package script '/home/orangepi/Robot_Project/AMR_Robot/amr_robot/install/ros2_laser_scan_matcher/share/ros2_laser_scan_matcher/package.zsh'
[1.117s] Level 1:colcon.colcon_core.environment:create_file_with_runtime_dependencies(/home/orangepi/Robot_Project/AMR_Robot/amr_robot/install/ros2_laser_scan_matcher/share/colcon-core/packages/ros2_laser_scan_matcher)
[1.118s] Level 1:colcon.colcon_core.environment:create_environment_scripts_only(ros2_laser_scan_matcher)
[1.118s] Level 1:colcon.colcon_core.environment:checking '/home/orangepi/Robot_Project/AMR_Robot/amr_robot/install/ros2_laser_scan_matcher' for CMake module files
[1.119s] Level 1:colcon.colcon_core.environment:checking '/home/orangepi/Robot_Project/AMR_Robot/amr_robot/install/ros2_laser_scan_matcher' for CMake config files
[1.119s] Level 1:colcon.colcon_core.shell:create_environment_hook('ros2_laser_scan_matcher', 'cmake_prefix_path')
[1.120s] INFO:colcon.colcon_core.shell:Creating environment hook '/home/orangepi/Robot_Project/AMR_Robot/amr_robot/install/ros2_laser_scan_matcher/share/ros2_laser_scan_matcher/hook/cmake_prefix_path.ps1'
[1.120s] INFO:colcon.colcon_core.shell:Creating environment descriptor '/home/orangepi/Robot_Project/AMR_Robot/amr_robot/install/ros2_laser_scan_matcher/share/ros2_laser_scan_matcher/hook/cmake_prefix_path.dsv'
[1.121s] INFO:colcon.colcon_core.shell:Creating environment hook '/home/orangepi/Robot_Project/AMR_Robot/amr_robot/install/ros2_laser_scan_matcher/share/ros2_laser_scan_matcher/hook/cmake_prefix_path.sh'
[1.122s] Level 1:colcon.colcon_core.environment:checking '/home/orangepi/Robot_Project/AMR_Robot/amr_robot/install/ros2_laser_scan_matcher/lib'
[1.122s] Level 1:colcon.colcon_core.environment:checking '/home/orangepi/Robot_Project/AMR_Robot/amr_robot/install/ros2_laser_scan_matcher/bin'
[1.122s] Level 1:colcon.colcon_core.environment:checking '/home/orangepi/Robot_Project/AMR_Robot/amr_robot/install/ros2_laser_scan_matcher/lib/pkgconfig/ros2_laser_scan_matcher.pc'
[1.123s] Level 1:colcon.colcon_core.environment:checking '/home/orangepi/Robot_Project/AMR_Robot/amr_robot/install/ros2_laser_scan_matcher/lib/python3.10/site-packages'
[1.123s] Level 1:colcon.colcon_core.environment:checking '/home/orangepi/Robot_Project/AMR_Robot/amr_robot/install/ros2_laser_scan_matcher/bin'
[1.124s] INFO:colcon.colcon_core.shell:Creating package script '/home/orangepi/Robot_Project/AMR_Robot/amr_robot/install/ros2_laser_scan_matcher/share/ros2_laser_scan_matcher/package.ps1'
[1.125s] INFO:colcon.colcon_core.shell:Creating package descriptor '/home/orangepi/Robot_Project/AMR_Robot/amr_robot/install/ros2_laser_scan_matcher/share/ros2_laser_scan_matcher/package.dsv'
[1.126s] INFO:colcon.colcon_core.shell:Creating package script '/home/orangepi/Robot_Project/AMR_Robot/amr_robot/install/ros2_laser_scan_matcher/share/ros2_laser_scan_matcher/package.sh'
[1.126s] INFO:colcon.colcon_core.shell:Creating package script '/home/orangepi/Robot_Project/AMR_Robot/amr_robot/install/ros2_laser_scan_matcher/share/ros2_laser_scan_matcher/package.bash'
[1.127s] INFO:colcon.colcon_core.shell:Creating package script '/home/orangepi/Robot_Project/AMR_Robot/amr_robot/install/ros2_laser_scan_matcher/share/ros2_laser_scan_matcher/package.zsh'
[1.128s] Level 1:colcon.colcon_core.environment:create_file_with_runtime_dependencies(/home/orangepi/Robot_Project/AMR_Robot/amr_robot/install/ros2_laser_scan_matcher/share/colcon-core/packages/ros2_laser_scan_matcher)
[1.878s] DEBUG:colcon.colcon_core.event_handler.log_command:Invoked command in '/home/orangepi/Robot_Project/AMR_Robot/amr_robot/build/amr_reality_pkg' returned '0': CMAKE_PREFIX_PATH=${CMAKE_PREFIX_PATH}:/opt/ros/humble /usr/bin/cmake --build /home/orangepi/Robot_Project/AMR_Robot/amr_robot/build/amr_reality_pkg -- -j8 -l8
[1.884s] DEBUG:colcon.colcon_core.event_handler.log_command:Invoking command in '/home/orangepi/Robot_Project/AMR_Robot/amr_robot/build/amr_reality_pkg': CMAKE_PREFIX_PATH=${CMAKE_PREFIX_PATH}:/opt/ros/humble /usr/bin/cmake --install /home/orangepi/Robot_Project/AMR_Robot/amr_robot/build/amr_reality_pkg
[2.133s] Level 1:colcon.colcon_core.environment:create_environment_scripts_only(amr_reality_pkg)
[2.135s] Level 1:colcon.colcon_core.environment:checking '/home/orangepi/Robot_Project/AMR_Robot/amr_robot/install/amr_reality_pkg' for CMake module files
[2.136s] DEBUG:colcon.colcon_core.event_handler.log_command:Invoked command in '/home/orangepi/Robot_Project/AMR_Robot/amr_robot/build/amr_reality_pkg' returned '0': CMAKE_PREFIX_PATH=${CMAKE_PREFIX_PATH}:/opt/ros/humble /usr/bin/cmake --install /home/orangepi/Robot_Project/AMR_Robot/amr_robot/build/amr_reality_pkg
[2.137s] Level 1:colcon.colcon_core.environment:checking '/home/orangepi/Robot_Project/AMR_Robot/amr_robot/install/amr_reality_pkg' for CMake config files
[2.138s] Level 1:colcon.colcon_core.shell:create_environment_hook('amr_reality_pkg', 'cmake_prefix_path')
[2.138s] INFO:colcon.colcon_core.shell:Creating environment hook '/home/orangepi/Robot_Project/AMR_Robot/amr_robot/install/amr_reality_pkg/share/amr_reality_pkg/hook/cmake_prefix_path.ps1'
[2.139s] INFO:colcon.colcon_core.shell:Creating environment descriptor '/home/orangepi/Robot_Project/AMR_Robot/amr_robot/install/amr_reality_pkg/share/amr_reality_pkg/hook/cmake_prefix_path.dsv'
[2.140s] INFO:colcon.colcon_core.shell:Creating environment hook '/home/orangepi/Robot_Project/AMR_Robot/amr_robot/install/amr_reality_pkg/share/amr_reality_pkg/hook/cmake_prefix_path.sh'
[2.142s] Level 1:colcon.colcon_core.environment:checking '/home/orangepi/Robot_Project/AMR_Robot/amr_robot/install/amr_reality_pkg/lib'
[2.142s] Level 1:colcon.colcon_core.environment:checking '/home/orangepi/Robot_Project/AMR_Robot/amr_robot/install/amr_reality_pkg/bin'
[2.142s] Level 1:colcon.colcon_core.environment:checking '/home/orangepi/Robot_Project/AMR_Robot/amr_robot/install/amr_reality_pkg/lib/pkgconfig/amr_reality_pkg.pc'
[2.142s] Level 1:colcon.colcon_core.environment:checking '/home/orangepi/Robot_Project/AMR_Robot/amr_robot/install/amr_reality_pkg/lib/python3.10/site-packages'
[2.143s] Level 1:colcon.colcon_core.environment:checking '/home/orangepi/Robot_Project/AMR_Robot/amr_robot/install/amr_reality_pkg/bin'
[2.144s] INFO:colcon.colcon_core.shell:Creating package script '/home/orangepi/Robot_Project/AMR_Robot/amr_robot/install/amr_reality_pkg/share/amr_reality_pkg/package.ps1'
[2.145s] INFO:colcon.colcon_core.shell:Creating package descriptor '/home/orangepi/Robot_Project/AMR_Robot/amr_robot/install/amr_reality_pkg/share/amr_reality_pkg/package.dsv'
[2.145s] INFO:colcon.colcon_core.shell:Creating package script '/home/orangepi/Robot_Project/AMR_Robot/amr_robot/install/amr_reality_pkg/share/amr_reality_pkg/package.sh'
[2.146s] INFO:colcon.colcon_core.shell:Creating package script '/home/orangepi/Robot_Project/AMR_Robot/amr_robot/install/amr_reality_pkg/share/amr_reality_pkg/package.bash'
[2.147s] INFO:colcon.colcon_core.shell:Creating package script '/home/orangepi/Robot_Project/AMR_Robot/amr_robot/install/amr_reality_pkg/share/amr_reality_pkg/package.zsh'
[2.147s] Level 1:colcon.colcon_core.environment:create_file_with_runtime_dependencies(/home/orangepi/Robot_Project/AMR_Robot/amr_robot/install/amr_reality_pkg/share/colcon-core/packages/amr_reality_pkg)
[2.148s] Level 1:colcon.colcon_core.environment:create_environment_scripts_only(amr_reality_pkg)
[2.149s] Level 1:colcon.colcon_core.environment:checking '/home/orangepi/Robot_Project/AMR_Robot/amr_robot/install/amr_reality_pkg' for CMake module files
[2.149s] Level 1:colcon.colcon_core.environment:checking '/home/orangepi/Robot_Project/AMR_Robot/amr_robot/install/amr_reality_pkg' for CMake config files
[2.150s] Level 1:colcon.colcon_core.shell:create_environment_hook('amr_reality_pkg', 'cmake_prefix_path')
[2.150s] INFO:colcon.colcon_core.shell:Creating environment hook '/home/orangepi/Robot_Project/AMR_Robot/amr_robot/install/amr_reality_pkg/share/amr_reality_pkg/hook/cmake_prefix_path.ps1'
[2.151s] INFO:colcon.colcon_core.shell:Creating environment descriptor '/home/orangepi/Robot_Project/AMR_Robot/amr_robot/install/amr_reality_pkg/share/amr_reality_pkg/hook/cmake_prefix_path.dsv'
[2.151s] INFO:colcon.colcon_core.shell:Creating environment hook '/home/orangepi/Robot_Project/AMR_Robot/amr_robot/install/amr_reality_pkg/share/amr_reality_pkg/hook/cmake_prefix_path.sh'
[2.152s] Level 1:colcon.colcon_core.environment:checking '/home/orangepi/Robot_Project/AMR_Robot/amr_robot/install/amr_reality_pkg/lib'
[2.152s] Level 1:colcon.colcon_core.environment:checking '/home/orangepi/Robot_Project/AMR_Robot/amr_robot/install/amr_reality_pkg/bin'
[2.152s] Level 1:colcon.colcon_core.environment:checking '/home/orangepi/Robot_Project/AMR_Robot/amr_robot/install/amr_reality_pkg/lib/pkgconfig/amr_reality_pkg.pc'
[2.153s] Level 1:colcon.colcon_core.environment:checking '/home/orangepi/Robot_Project/AMR_Robot/amr_robot/install/amr_reality_pkg/lib/python3.10/site-packages'
[2.153s] Level 1:colcon.colcon_core.environment:checking '/home/orangepi/Robot_Project/AMR_Robot/amr_robot/install/amr_reality_pkg/bin'
[2.154s] INFO:colcon.colcon_core.shell:Creating package script '/home/orangepi/Robot_Project/AMR_Robot/amr_robot/install/amr_reality_pkg/share/amr_reality_pkg/package.ps1'
[2.155s] INFO:colcon.colcon_core.shell:Creating package descriptor '/home/orangepi/Robot_Project/AMR_Robot/amr_robot/install/amr_reality_pkg/share/amr_reality_pkg/package.dsv'
[2.155s] INFO:colcon.colcon_core.shell:Creating package script '/home/orangepi/Robot_Project/AMR_Robot/amr_robot/install/amr_reality_pkg/share/amr_reality_pkg/package.sh'
[2.156s] INFO:colcon.colcon_core.shell:Creating package script '/home/orangepi/Robot_Project/AMR_Robot/amr_robot/install/amr_reality_pkg/share/amr_reality_pkg/package.bash'
[2.156s] INFO:colcon.colcon_core.shell:Creating package script '/home/orangepi/Robot_Project/AMR_Robot/amr_robot/install/amr_reality_pkg/share/amr_reality_pkg/package.zsh'
[2.157s] Level 1:colcon.colcon_core.environment:create_file_with_runtime_dependencies(/home/orangepi/Robot_Project/AMR_Robot/amr_robot/install/amr_reality_pkg/share/colcon-core/packages/amr_reality_pkg)
[30.621s] DEBUG:colcon.colcon_core.event_handler.log_command:Invoked command in '/home/orangepi/Robot_Project/AMR_Robot/amr_robot/build/plicp_map_matcher' returned '0': CMAKE_PREFIX_PATH=/home/orangepi/Robot_Project/AMR_Robot/amr_robot/install/csm:/home/orangepi/Robot_Project/AMR_Robot/amr_robot/install/sllidar_ros2:/home/orangepi/Robot_Project/AMR_Robot/amr_robot/install/ros2_laser_scan_matcher:/home/orangepi/Robot_Project/AMR_Robot/amr_robot/install/rf2o_laser_odometry:/home/orangepi/Robot_Project/AMR_Robot/amr_robot/install/plicp_map_matcher:/home/orangepi/Robot_Project/AMR_Robot/amr_robot/install/laser_filters:/home/orangepi/Robot_Project/AMR_Robot/amr_robot/install/amr_sim_pkg:/home/orangepi/Robot_Project/AMR_Robot/amr_robot/install/amr_reality_pkg:/opt/ros/humble LD_LIBRARY_PATH=/home/orangepi/Robot_Project/AMR_Robot/amr_robot/install/csm/lib:/home/orangepi/Robot_Project/AMR_Robot/amr_robot/install/laser_filters/lib:/opt/ros/humble/opt/rviz_ogre_vendor/lib:/opt/ros/humble/lib/aarch64-linux-gnu:/opt/ros/humble/lib /usr/bin/cmake --build /home/orangepi/Robot_Project/AMR_Robot/amr_robot/build/plicp_map_matcher -- -j8 -l8
[30.626s] DEBUG:colcon.colcon_core.event_handler.log_command:Invoking command in '/home/orangepi/Robot_Project/AMR_Robot/amr_robot/build/plicp_map_matcher': CMAKE_PREFIX_PATH=/home/orangepi/Robot_Project/AMR_Robot/amr_robot/install/csm:/home/orangepi/Robot_Project/AMR_Robot/amr_robot/install/sllidar_ros2:/home/orangepi/Robot_Project/AMR_Robot/amr_robot/install/ros2_laser_scan_matcher:/home/orangepi/Robot_Project/AMR_Robot/amr_robot/install/rf2o_laser_odometry:/home/orangepi/Robot_Project/AMR_Robot/amr_robot/install/plicp_map_matcher:/home/orangepi/Robot_Project/AMR_Robot/amr_robot/install/laser_filters:/home/orangepi/Robot_Project/AMR_Robot/amr_robot/install/amr_sim_pkg:/home/orangepi/Robot_Project/AMR_Robot/amr_robot/install/amr_reality_pkg:/opt/ros/humble LD_LIBRARY_PATH=/home/orangepi/Robot_Project/AMR_Robot/amr_robot/install/csm/lib:/home/orangepi/Robot_Project/AMR_Robot/amr_robot/install/laser_filters/lib:/opt/ros/humble/opt/rviz_ogre_vendor/lib:/opt/ros/humble/lib/aarch64-linux-gnu:/opt/ros/humble/lib /usr/bin/cmake --install /home/orangepi/Robot_Project/AMR_Robot/amr_robot/build/plicp_map_matcher
[30.686s] Level 1:colcon.colcon_core.environment:create_environment_scripts_only(plicp_map_matcher)
[30.687s] Level 1:colcon.colcon_core.environment:checking '/home/orangepi/Robot_Project/AMR_Robot/amr_robot/install/plicp_map_matcher' for CMake module files
[30.689s] DEBUG:colcon.colcon_core.event_handler.log_command:Invoked command in '/home/orangepi/Robot_Project/AMR_Robot/amr_robot/build/plicp_map_matcher' returned '0': CMAKE_PREFIX_PATH=/home/orangepi/Robot_Project/AMR_Robot/amr_robot/install/csm:/home/orangepi/Robot_Project/AMR_Robot/amr_robot/install/sllidar_ros2:/home/orangepi/Robot_Project/AMR_Robot/amr_robot/install/ros2_laser_scan_matcher:/home/orangepi/Robot_Project/AMR_Robot/amr_robot/install/rf2o_laser_odometry:/home/orangepi/Robot_Project/AMR_Robot/amr_robot/install/plicp_map_matcher:/home/orangepi/Robot_Project/AMR_Robot/amr_robot/install/laser_filters:/home/orangepi/Robot_Project/AMR_Robot/amr_robot/install/amr_sim_pkg:/home/orangepi/Robot_Project/AMR_Robot/amr_robot/install/amr_reality_pkg:/opt/ros/humble LD_LIBRARY_PATH=/home/orangepi/Robot_Project/AMR_Robot/amr_robot/install/csm/lib:/home/orangepi/Robot_Project/AMR_Robot/amr_robot/install/laser_filters/lib:/opt/ros/humble/opt/rviz_ogre_vendor/lib:/opt/ros/humble/lib/aarch64-linux-gnu:/opt/ros/humble/lib /usr/bin/cmake --install /home/orangepi/Robot_Project/AMR_Robot/amr_robot/build/plicp_map_matcher
[30.692s] Level 1:colcon.colcon_core.environment:checking '/home/orangepi/Robot_Project/AMR_Robot/amr_robot/install/plicp_map_matcher' for CMake config files
[30.693s] Level 1:colcon.colcon_core.shell:create_environment_hook('plicp_map_matcher', 'cmake_prefix_path')
[30.694s] INFO:colcon.colcon_core.shell:Creating environment hook '/home/orangepi/Robot_Project/AMR_Robot/amr_robot/install/plicp_map_matcher/share/plicp_map_matcher/hook/cmake_prefix_path.ps1'
[30.696s] INFO:colcon.colcon_core.shell:Creating environment descriptor '/home/orangepi/Robot_Project/AMR_Robot/amr_robot/install/plicp_map_matcher/share/plicp_map_matcher/hook/cmake_prefix_path.dsv'
[30.697s] INFO:colcon.colcon_core.shell:Creating environment hook '/home/orangepi/Robot_Project/AMR_Robot/amr_robot/install/plicp_map_matcher/share/plicp_map_matcher/hook/cmake_prefix_path.sh'
[30.700s] Level 1:colcon.colcon_core.environment:checking '/home/orangepi/Robot_Project/AMR_Robot/amr_robot/install/plicp_map_matcher/lib'
[30.700s] Level 1:colcon.colcon_core.environment:checking '/home/orangepi/Robot_Project/AMR_Robot/amr_robot/install/plicp_map_matcher/bin'
[30.700s] Level 1:colcon.colcon_core.environment:checking '/home/orangepi/Robot_Project/AMR_Robot/amr_robot/install/plicp_map_matcher/lib/pkgconfig/plicp_map_matcher.pc'
[30.701s] Level 1:colcon.colcon_core.environment:checking '/home/orangepi/Robot_Project/AMR_Robot/amr_robot/install/plicp_map_matcher/lib/python3.10/site-packages'
[30.703s] Level 1:colcon.colcon_core.environment:checking '/home/orangepi/Robot_Project/AMR_Robot/amr_robot/install/plicp_map_matcher/bin'
[30.704s] INFO:colcon.colcon_core.shell:Creating package script '/home/orangepi/Robot_Project/AMR_Robot/amr_robot/install/plicp_map_matcher/share/plicp_map_matcher/package.ps1'
[30.706s] INFO:colcon.colcon_core.shell:Creating package descriptor '/home/orangepi/Robot_Project/AMR_Robot/amr_robot/install/plicp_map_matcher/share/plicp_map_matcher/package.dsv'
[30.708s] INFO:colcon.colcon_core.shell:Creating package script '/home/orangepi/Robot_Project/AMR_Robot/amr_robot/install/plicp_map_matcher/share/plicp_map_matcher/package.sh'
[30.710s] INFO:colcon.colcon_core.shell:Creating package script '/home/orangepi/Robot_Project/AMR_Robot/amr_robot/install/plicp_map_matcher/share/plicp_map_matcher/package.bash'
[30.711s] INFO:colcon.colcon_core.shell:Creating package script '/home/orangepi/Robot_Project/AMR_Robot/amr_robot/install/plicp_map_matcher/share/plicp_map_matcher/package.zsh'
[30.712s] Level 1:colcon.colcon_core.environment:create_file_with_runtime_dependencies(/home/orangepi/Robot_Project/AMR_Robot/amr_robot/install/plicp_map_matcher/share/colcon-core/packages/plicp_map_matcher)
[30.715s] Level 1:colcon.colcon_core.environment:create_environment_scripts_only(plicp_map_matcher)
[30.716s] Level 1:colcon.colcon_core.environment:checking '/home/orangepi/Robot_Project/AMR_Robot/amr_robot/install/plicp_map_matcher' for CMake module files
[30.719s] Level 1:colcon.colcon_core.environment:checking '/home/orangepi/Robot_Project/AMR_Robot/amr_robot/install/plicp_map_matcher' for CMake config files
[30.721s] Level 1:colcon.colcon_core.shell:create_environment_hook('plicp_map_matcher', 'cmake_prefix_path')
[30.722s] INFO:colcon.colcon_core.shell:Creating environment hook '/home/orangepi/Robot_Project/AMR_Robot/amr_robot/install/plicp_map_matcher/share/plicp_map_matcher/hook/cmake_prefix_path.ps1'
[30.724s] INFO:colcon.colcon_core.shell:Creating environment descriptor '/home/orangepi/Robot_Project/AMR_Robot/amr_robot/install/plicp_map_matcher/share/plicp_map_matcher/hook/cmake_prefix_path.dsv'
[30.726s] INFO:colcon.colcon_core.shell:Creating environment hook '/home/orangepi/Robot_Project/AMR_Robot/amr_robot/install/plicp_map_matcher/share/plicp_map_matcher/hook/cmake_prefix_path.sh'
[30.728s] Level 1:colcon.colcon_core.environment:checking '/home/orangepi/Robot_Project/AMR_Robot/amr_robot/install/plicp_map_matcher/lib'
[30.728s] Level 1:colcon.colcon_core.environment:checking '/home/orangepi/Robot_Project/AMR_Robot/amr_robot/install/plicp_map_matcher/bin'
[30.728s] Level 1:colcon.colcon_core.environment:checking '/home/orangepi/Robot_Project/AMR_Robot/amr_robot/install/plicp_map_matcher/lib/pkgconfig/plicp_map_matcher.pc'
[30.729s] Level 1:colcon.colcon_core.environment:checking '/home/orangepi/Robot_Project/AMR_Robot/amr_robot/install/plicp_map_matcher/lib/python3.10/site-packages'
[30.731s] Level 1:colcon.colcon_core.environment:checking '/home/orangepi/Robot_Project/AMR_Robot/amr_robot/install/plicp_map_matcher/bin'
[30.732s] INFO:colcon.colcon_core.shell:Creating package script '/home/orangepi/Robot_Project/AMR_Robot/amr_robot/install/plicp_map_matcher/share/plicp_map_matcher/package.ps1'
[30.735s] INFO:colcon.colcon_core.shell:Creating package descriptor '/home/orangepi/Robot_Project/AMR_Robot/amr_robot/install/plicp_map_matcher/share/plicp_map_matcher/package.dsv'
[30.737s] INFO:colcon.colcon_core.shell:Creating package script '/home/orangepi/Robot_Project/AMR_Robot/amr_robot/install/plicp_map_matcher/share/plicp_map_matcher/package.sh'
[30.739s] INFO:colcon.colcon_core.shell:Creating package script '/home/orangepi/Robot_Project/AMR_Robot/amr_robot/install/plicp_map_matcher/share/plicp_map_matcher/package.bash'
[30.740s] INFO:colcon.colcon_core.shell:Creating package script '/home/orangepi/Robot_Project/AMR_Robot/amr_robot/install/plicp_map_matcher/share/plicp_map_matcher/package.zsh'
[30.742s] Level 1:colcon.colcon_core.environment:create_file_with_runtime_dependencies(/home/orangepi/Robot_Project/AMR_Robot/amr_robot/install/plicp_map_matcher/share/colcon-core/packages/plicp_map_matcher)
[30.743s] DEBUG:colcon.colcon_parallel_executor.executor.parallel:closing loop
[30.745s] DEBUG:colcon.colcon_parallel_executor.executor.parallel:loop closed
[30.746s] DEBUG:colcon.colcon_parallel_executor.executor.parallel:run_until_complete finished with '0'
[30.746s] DEBUG:colcon.colcon_core.event_reactor:joining thread
[30.748s] DEBUG:colcon.colcon_core.event_reactor:joined thread
[30.749s] INFO:colcon.colcon_core.shell:Creating prefix script '/home/orangepi/Robot_Project/AMR_Robot/amr_robot/install/local_setup.ps1'
[30.752s] INFO:colcon.colcon_core.shell:Creating prefix util module '/home/orangepi/Robot_Project/AMR_Robot/amr_robot/install/_local_setup_util_ps1.py'
[30.757s] INFO:colcon.colcon_core.shell:Creating prefix chain script '/home/orangepi/Robot_Project/AMR_Robot/amr_robot/install/setup.ps1'
[30.762s] INFO:colcon.colcon_core.shell:Creating prefix script '/home/orangepi/Robot_Project/AMR_Robot/amr_robot/install/local_setup.sh'
[30.763s] INFO:colcon.colcon_core.shell:Creating prefix util module '/home/orangepi/Robot_Project/AMR_Robot/amr_robot/install/_local_setup_util_sh.py'
[30.765s] INFO:colcon.colcon_core.shell:Creating prefix chain script '/home/orangepi/Robot_Project/AMR_Robot/amr_robot/install/setup.sh'
[30.766s] INFO:colcon.colcon_core.shell:Creating prefix script '/home/orangepi/Robot_Project/AMR_Robot/amr_robot/install/local_setup.bash'
[30.767s] INFO:colcon.colcon_core.shell:Creating prefix chain script '/home/orangepi/Robot_Project/AMR_Robot/amr_robot/install/setup.bash'
[30.768s] INFO:colcon.colcon_core.shell:Creating prefix script '/home/orangepi/Robot_Project/AMR_Robot/amr_robot/install/local_setup.zsh'
[30.769s] INFO:colcon.colcon_core.shell:Creating prefix chain script '/home/orangepi/Robot_Project/AMR_Robot/amr_robot/install/setup.zsh'
