[0.000000] (-) TimerEvent: {}
[0.000188] (amr_reality_pkg) JobQueued: {'identifier': 'amr_reality_pkg', 'dependencies': OrderedDict()}
[0.000301] (amr_sim_pkg) JobQueued: {'identifier': 'amr_sim_pkg', 'dependencies': OrderedDict()}
[0.000321] (laser_filters) JobQueued: {'identifier': 'laser_filters', 'dependencies': OrderedDict()}
[0.000535] (sllidar_ros2) JobQueued: {'identifier': 'sllidar_ros2', 'dependencies': OrderedDict()}
[0.000553] (amr_reality_pkg) JobStarted: {'identifier': 'amr_reality_pkg'}
[0.008109] (amr_sim_pkg) JobStarted: {'identifier': 'amr_sim_pkg'}
[0.013929] (laser_filters) JobStarted: {'identifier': 'laser_filters'}
[0.019930] (sllidar_ros2) JobStarted: {'identifier': 'sllidar_ros2'}
[0.026738] (amr_reality_pkg) JobProgress: {'identifier': 'amr_reality_pkg', 'progress': 'cmake'}
[0.027309] (amr_reality_pkg) Command: {'cmd': ['/usr/bin/cmake', '/home/theanh/Robot_Project/AMR_Robot/amr1_ws/src/amr_reality_pkg', '-DAMENT_CMAKE_SYMLINK_INSTALL=1', '-DCMAKE_INSTALL_PREFIX=/home/theanh/Robot_Project/AMR_Robot/amr1_ws/install/amr_reality_pkg'], 'cwd': '/home/theanh/Robot_Project/AMR_Robot/amr1_ws/build/amr_reality_pkg', 'env': OrderedDict([('LESSOPEN', '| /usr/bin/lesspipe %s'), ('USER', 'theanh'), ('LC_TIME', 'vi_VN'), ('XDG_SESSION_TYPE', 'wayland'), ('SHLVL', '1'), ('LD_LIBRARY_PATH', '/home/theanh/Robot_Project/AMR_Robot/amr1_ws/install/laser_filters/lib:/home/theanh/ros2_ws1/install/ethercat_manager/lib:/home/theanh/ros2_ws1/install/ethercat_msgs/lib:/home/theanh/ros2_ws1/install/ethercat_generic_cia402_drive/lib:/home/theanh/ros2_ws1/install/ethercat_generic_slave/lib:/home/theanh/ros2_ws1/install/ethercat_driver/lib:/home/theanh/ros2_ws1/install/ethercat_interface/lib:/usr/lib/x86_64-linux-gnu/gazebo-11/plugins:/opt/ros/humble/opt/rviz_ogre_vendor/lib:/opt/ros/humble/lib/x86_64-linux-gnu:/opt/ros/humble/lib'), ('HOME', '/home/theanh'), ('OLDPWD', '/home/theanh'), ('DESKTOP_SESSION', 'ubuntu'), ('ROS_PYTHON_VERSION', '3'), ('GNOME_SHELL_SESSION_MODE', 'ubuntu'), ('GTK_MODULES', 'gail:atk-bridge'), ('LC_MONETARY', 'vi_VN'), ('SYSTEMD_EXEC_PID', '2536'), ('DBUS_SESSION_BUS_ADDRESS', 'unix:path=/run/user/1000/bus'), ('COLORTERM', 'truecolor'), ('IM_CONFIG_PHASE', '1'), ('WAYLAND_DISPLAY', 'wayland-0'), ('COLCON_PREFIX_PATH', '/home/theanh/Robot_Project/AMR_Robot/amr1_ws/install:/home/theanh/ros2_ws1/install:/home/theanh/agv_test_ws/install'), ('ROS_DISTRO', 'humble'), ('LOGNAME', 'theanh'), ('_', '/usr/bin/colcon'), ('ROS_VERSION', '2'), ('XDG_SESSION_CLASS', 'user'), ('USERNAME', 'theanh'), ('TERM', 'xterm-256color'), ('GNOME_DESKTOP_SESSION_ID', 'this-is-deprecated'), ('ROS_LOCALHOST_ONLY', '0'), ('PATH', '/home/theanh/.local/bin:/opt/ros/humble/bin:/usr/local/sbin:/usr/local/bin:/usr/sbin:/usr/bin:/sbin:/bin:/usr/games:/usr/local/games:/snap/bin:/snap/bin'), ('SESSION_MANAGER', 'local/theanh:@/tmp/.ICE-unix/2508,unix/theanh:/tmp/.ICE-unix/2508'), ('XDG_MENU_PREFIX', 'gnome-'), ('LC_ADDRESS', 'vi_VN'), ('GNOME_TERMINAL_SCREEN', '/org/gnome/Terminal/screen/4b04983a_ec98_4e8c_bd8f_84b5b2c8cd8f'), ('GNOME_SETUP_DISPLAY', ':1'), ('XDG_RUNTIME_DIR', '/run/user/1000'), ('DISPLAY', ':0'), ('LANG', 'en_US.UTF-8'), ('XDG_CURRENT_DESKTOP', 'ubuntu:GNOME'), ('LC_TELEPHONE', 'vi_VN'), ('RMW_IMPLEMENTATION', 'rmw_fastrtps_cpp'), ('XMODIFIERS', '@im=ibus'), ('XDG_SESSION_DESKTOP', 'ubuntu'), ('XAUTHORITY', '/run/user/1000/.mutter-Xwaylandauth.ZPOSS3'), ('LS_COLORS', 'rs=0:di=01;34:ln=01;36:mh=00:pi=40;33:so=01;35:do=01;35:bd=40;33;01:cd=40;33;01:or=40;31;01:mi=00:su=37;41:sg=30;43:ca=30;41:tw=30;42:ow=34;42:st=37;44:ex=01;32:*.tar=01;31:*.tgz=01;31:*.arc=01;31:*.arj=01;31:*.taz=01;31:*.lha=01;31:*.lz4=01;31:*.lzh=01;31:*.lzma=01;31:*.tlz=01;31:*.txz=01;31:*.tzo=01;31:*.t7z=01;31:*.zip=01;31:*.z=01;31:*.dz=01;31:*.gz=01;31:*.lrz=01;31:*.lz=01;31:*.lzo=01;31:*.xz=01;31:*.zst=01;31:*.tzst=01;31:*.bz2=01;31:*.bz=01;31:*.tbz=01;31:*.tbz2=01;31:*.tz=01;31:*.deb=01;31:*.rpm=01;31:*.jar=01;31:*.war=01;31:*.ear=01;31:*.sar=01;31:*.rar=01;31:*.alz=01;31:*.ace=01;31:*.zoo=01;31:*.cpio=01;31:*.7z=01;31:*.rz=01;31:*.cab=01;31:*.wim=01;31:*.swm=01;31:*.dwm=01;31:*.esd=01;31:*.jpg=01;35:*.jpeg=01;35:*.mjpg=01;35:*.mjpeg=01;35:*.gif=01;35:*.bmp=01;35:*.pbm=01;35:*.pgm=01;35:*.ppm=01;35:*.tga=01;35:*.xbm=01;35:*.xpm=01;35:*.tif=01;35:*.tiff=01;35:*.png=01;35:*.svg=01;35:*.svgz=01;35:*.mng=01;35:*.pcx=01;35:*.mov=01;35:*.mpg=01;35:*.mpeg=01;35:*.m2v=01;35:*.mkv=01;35:*.webm=01;35:*.webp=01;35:*.ogm=01;35:*.mp4=01;35:*.m4v=01;35:*.mp4v=01;35:*.vob=01;35:*.qt=01;35:*.nuv=01;35:*.wmv=01;35:*.asf=01;35:*.rm=01;35:*.rmvb=01;35:*.flc=01;35:*.avi=01;35:*.fli=01;35:*.flv=01;35:*.gl=01;35:*.dl=01;35:*.xcf=01;35:*.xwd=01;35:*.yuv=01;35:*.cgm=01;35:*.emf=01;35:*.ogv=01;35:*.ogx=01;35:*.aac=00;36:*.au=00;36:*.flac=00;36:*.m4a=00;36:*.mid=00;36:*.midi=00;36:*.mka=00;36:*.mp3=00;36:*.mpc=00;36:*.ogg=00;36:*.ra=00;36:*.wav=00;36:*.oga=00;36:*.opus=00;36:*.spx=00;36:*.xspf=00;36:'), ('GNOME_TERMINAL_SERVICE', ':1.115'), ('SSH_AGENT_LAUNCHER', 'gnome-keyring'), ('SSH_AUTH_SOCK', '/run/user/1000/keyring/ssh'), ('AMENT_PREFIX_PATH', '/home/theanh/Robot_Project/AMR_Robot/amr1_ws/install/sllidar_ros2:/home/theanh/Robot_Project/AMR_Robot/amr1_ws/install/laser_filters:/home/theanh/Robot_Project/AMR_Robot/amr1_ws/install/amr_sim_pkg:/home/theanh/Robot_Project/AMR_Robot/amr1_ws/install/amr_reality_pkg:/home/theanh/ros2_ws1/install/ros2_qt1_demo:/home/theanh/ros2_ws1/install/ethercat_manager:/home/theanh/ros2_ws1/install/control_one_motor_pkg_ex:/home/theanh/ros2_ws1/install/ethercat_msgs:/home/theanh/ros2_ws1/install/ethercat_generic_cia402_drive:/home/theanh/ros2_ws1/install/ethercat_generic_slave:/home/theanh/ros2_ws1/install/ethercat_driver_ros2:/home/theanh/ros2_ws1/install/ethercat_driver:/home/theanh/ros2_ws1/install/ethercat_interface:/home/theanh/agv_test_ws/install/sllidar_ros2:/home/theanh/agv_test_ws/install/agv_test_pkg:/opt/ros/humble'), ('SHELL', '/bin/bash'), ('LC_NAME', 'vi_VN'), ('QT_ACCESSIBILITY', '1'), ('GDMSESSION', 'ubuntu'), ('LESSCLOSE', '/usr/bin/lesspipe %s %s'), ('LC_MEASUREMENT', 'vi_VN'), ('LC_IDENTIFICATION', 'vi_VN'), ('QT_IM_MODULE', 'ibus'), ('PWD', '/home/theanh/Robot_Project/AMR_Robot/amr1_ws/build/amr_reality_pkg'), ('TURTLEBOT3_MODEL', 'waffle'), ('LC_ALL', 'en_US.UTF-8'), ('XDG_CONFIG_DIRS', '/etc/xdg/xdg-ubuntu:/etc/xdg'), ('XDG_DATA_DIRS', '/usr/share/ubuntu:/home/theanh/.local/share/flatpak/exports/share:/var/lib/flatpak/exports/share:/usr/local/share/:/usr/share/:/var/lib/snapd/desktop'), ('PYTHONPATH', '/home/theanh/ros2_ws1/install/ethercat_msgs/local/lib/python3.10/dist-packages:/opt/ros/humble/lib/python3.10/site-packages:/opt/ros/humble/local/lib/python3.10/dist-packages'), ('LC_NUMERIC', 'vi_VN'), ('LC_PAPER', 'vi_VN'), ('COLCON', '1'), ('VTE_VERSION', '6800'), ('CMAKE_PREFIX_PATH', '/home/theanh/Robot_Project/AMR_Robot/amr1_ws/install/sllidar_ros2:/home/theanh/Robot_Project/AMR_Robot/amr1_ws/install/laser_filters:/home/theanh/Robot_Project/AMR_Robot/amr1_ws/install/amr_sim_pkg:/home/theanh/Robot_Project/AMR_Robot/amr1_ws/install/amr_reality_pkg:/home/theanh/ros2_ws1/install/ros2_qt1_demo:/home/theanh/ros2_ws1/install/ethercat_manager:/home/theanh/ros2_ws1/install/control_one_motor_pkg_ex:/home/theanh/ros2_ws1/install/ethercat_msgs:/home/theanh/ros2_ws1/install/ethercat_generic_cia402_drive:/home/theanh/ros2_ws1/install/ethercat_generic_slave:/home/theanh/ros2_ws1/install/ethercat_driver_ros2:/home/theanh/ros2_ws1/install/ethercat_driver:/home/theanh/ros2_ws1/install/ethercat_interface:/home/theanh/agv_test_ws/install/sllidar_ros2:/home/theanh/agv_test_ws/install/agv_test_pkg:/opt/ros/humble')]), 'shell': False}
[0.030260] (amr_sim_pkg) JobProgress: {'identifier': 'amr_sim_pkg', 'progress': 'cmake'}
[0.030839] (amr_sim_pkg) Command: {'cmd': ['/usr/bin/cmake', '/home/theanh/Robot_Project/AMR_Robot/amr1_ws/src/amr_sim_pkg', '-DAMENT_CMAKE_SYMLINK_INSTALL=1', '-DCMAKE_INSTALL_PREFIX=/home/theanh/Robot_Project/AMR_Robot/amr1_ws/install/amr_sim_pkg'], 'cwd': '/home/theanh/Robot_Project/AMR_Robot/amr1_ws/build/amr_sim_pkg', 'env': OrderedDict([('LESSOPEN', '| /usr/bin/lesspipe %s'), ('USER', 'theanh'), ('LC_TIME', 'vi_VN'), ('XDG_SESSION_TYPE', 'wayland'), ('SHLVL', '1'), ('LD_LIBRARY_PATH', '/home/theanh/Robot_Project/AMR_Robot/amr1_ws/install/laser_filters/lib:/home/theanh/ros2_ws1/install/ethercat_manager/lib:/home/theanh/ros2_ws1/install/ethercat_msgs/lib:/home/theanh/ros2_ws1/install/ethercat_generic_cia402_drive/lib:/home/theanh/ros2_ws1/install/ethercat_generic_slave/lib:/home/theanh/ros2_ws1/install/ethercat_driver/lib:/home/theanh/ros2_ws1/install/ethercat_interface/lib:/usr/lib/x86_64-linux-gnu/gazebo-11/plugins:/opt/ros/humble/opt/rviz_ogre_vendor/lib:/opt/ros/humble/lib/x86_64-linux-gnu:/opt/ros/humble/lib'), ('HOME', '/home/theanh'), ('OLDPWD', '/home/theanh'), ('DESKTOP_SESSION', 'ubuntu'), ('ROS_PYTHON_VERSION', '3'), ('GNOME_SHELL_SESSION_MODE', 'ubuntu'), ('GTK_MODULES', 'gail:atk-bridge'), ('LC_MONETARY', 'vi_VN'), ('SYSTEMD_EXEC_PID', '2536'), ('DBUS_SESSION_BUS_ADDRESS', 'unix:path=/run/user/1000/bus'), ('COLORTERM', 'truecolor'), ('IM_CONFIG_PHASE', '1'), ('WAYLAND_DISPLAY', 'wayland-0'), ('COLCON_PREFIX_PATH', '/home/theanh/Robot_Project/AMR_Robot/amr1_ws/install:/home/theanh/ros2_ws1/install:/home/theanh/agv_test_ws/install'), ('ROS_DISTRO', 'humble'), ('LOGNAME', 'theanh'), ('_', '/usr/bin/colcon'), ('ROS_VERSION', '2'), ('XDG_SESSION_CLASS', 'user'), ('USERNAME', 'theanh'), ('TERM', 'xterm-256color'), ('GNOME_DESKTOP_SESSION_ID', 'this-is-deprecated'), ('ROS_LOCALHOST_ONLY', '0'), ('PATH', '/home/theanh/.local/bin:/opt/ros/humble/bin:/usr/local/sbin:/usr/local/bin:/usr/sbin:/usr/bin:/sbin:/bin:/usr/games:/usr/local/games:/snap/bin:/snap/bin'), ('SESSION_MANAGER', 'local/theanh:@/tmp/.ICE-unix/2508,unix/theanh:/tmp/.ICE-unix/2508'), ('XDG_MENU_PREFIX', 'gnome-'), ('LC_ADDRESS', 'vi_VN'), ('GNOME_TERMINAL_SCREEN', '/org/gnome/Terminal/screen/4b04983a_ec98_4e8c_bd8f_84b5b2c8cd8f'), ('GNOME_SETUP_DISPLAY', ':1'), ('XDG_RUNTIME_DIR', '/run/user/1000'), ('DISPLAY', ':0'), ('LANG', 'en_US.UTF-8'), ('XDG_CURRENT_DESKTOP', 'ubuntu:GNOME'), ('LC_TELEPHONE', 'vi_VN'), ('RMW_IMPLEMENTATION', 'rmw_fastrtps_cpp'), ('XMODIFIERS', '@im=ibus'), ('XDG_SESSION_DESKTOP', 'ubuntu'), ('XAUTHORITY', '/run/user/1000/.mutter-Xwaylandauth.ZPOSS3'), ('LS_COLORS', 'rs=0:di=01;34:ln=01;36:mh=00:pi=40;33:so=01;35:do=01;35:bd=40;33;01:cd=40;33;01:or=40;31;01:mi=00:su=37;41:sg=30;43:ca=30;41:tw=30;42:ow=34;42:st=37;44:ex=01;32:*.tar=01;31:*.tgz=01;31:*.arc=01;31:*.arj=01;31:*.taz=01;31:*.lha=01;31:*.lz4=01;31:*.lzh=01;31:*.lzma=01;31:*.tlz=01;31:*.txz=01;31:*.tzo=01;31:*.t7z=01;31:*.zip=01;31:*.z=01;31:*.dz=01;31:*.gz=01;31:*.lrz=01;31:*.lz=01;31:*.lzo=01;31:*.xz=01;31:*.zst=01;31:*.tzst=01;31:*.bz2=01;31:*.bz=01;31:*.tbz=01;31:*.tbz2=01;31:*.tz=01;31:*.deb=01;31:*.rpm=01;31:*.jar=01;31:*.war=01;31:*.ear=01;31:*.sar=01;31:*.rar=01;31:*.alz=01;31:*.ace=01;31:*.zoo=01;31:*.cpio=01;31:*.7z=01;31:*.rz=01;31:*.cab=01;31:*.wim=01;31:*.swm=01;31:*.dwm=01;31:*.esd=01;31:*.jpg=01;35:*.jpeg=01;35:*.mjpg=01;35:*.mjpeg=01;35:*.gif=01;35:*.bmp=01;35:*.pbm=01;35:*.pgm=01;35:*.ppm=01;35:*.tga=01;35:*.xbm=01;35:*.xpm=01;35:*.tif=01;35:*.tiff=01;35:*.png=01;35:*.svg=01;35:*.svgz=01;35:*.mng=01;35:*.pcx=01;35:*.mov=01;35:*.mpg=01;35:*.mpeg=01;35:*.m2v=01;35:*.mkv=01;35:*.webm=01;35:*.webp=01;35:*.ogm=01;35:*.mp4=01;35:*.m4v=01;35:*.mp4v=01;35:*.vob=01;35:*.qt=01;35:*.nuv=01;35:*.wmv=01;35:*.asf=01;35:*.rm=01;35:*.rmvb=01;35:*.flc=01;35:*.avi=01;35:*.fli=01;35:*.flv=01;35:*.gl=01;35:*.dl=01;35:*.xcf=01;35:*.xwd=01;35:*.yuv=01;35:*.cgm=01;35:*.emf=01;35:*.ogv=01;35:*.ogx=01;35:*.aac=00;36:*.au=00;36:*.flac=00;36:*.m4a=00;36:*.mid=00;36:*.midi=00;36:*.mka=00;36:*.mp3=00;36:*.mpc=00;36:*.ogg=00;36:*.ra=00;36:*.wav=00;36:*.oga=00;36:*.opus=00;36:*.spx=00;36:*.xspf=00;36:'), ('GNOME_TERMINAL_SERVICE', ':1.115'), ('SSH_AGENT_LAUNCHER', 'gnome-keyring'), ('SSH_AUTH_SOCK', '/run/user/1000/keyring/ssh'), ('AMENT_PREFIX_PATH', '/home/theanh/Robot_Project/AMR_Robot/amr1_ws/install/sllidar_ros2:/home/theanh/Robot_Project/AMR_Robot/amr1_ws/install/laser_filters:/home/theanh/Robot_Project/AMR_Robot/amr1_ws/install/amr_sim_pkg:/home/theanh/Robot_Project/AMR_Robot/amr1_ws/install/amr_reality_pkg:/home/theanh/ros2_ws1/install/ros2_qt1_demo:/home/theanh/ros2_ws1/install/ethercat_manager:/home/theanh/ros2_ws1/install/control_one_motor_pkg_ex:/home/theanh/ros2_ws1/install/ethercat_msgs:/home/theanh/ros2_ws1/install/ethercat_generic_cia402_drive:/home/theanh/ros2_ws1/install/ethercat_generic_slave:/home/theanh/ros2_ws1/install/ethercat_driver_ros2:/home/theanh/ros2_ws1/install/ethercat_driver:/home/theanh/ros2_ws1/install/ethercat_interface:/home/theanh/agv_test_ws/install/sllidar_ros2:/home/theanh/agv_test_ws/install/agv_test_pkg:/opt/ros/humble'), ('SHELL', '/bin/bash'), ('LC_NAME', 'vi_VN'), ('QT_ACCESSIBILITY', '1'), ('GDMSESSION', 'ubuntu'), ('LESSCLOSE', '/usr/bin/lesspipe %s %s'), ('LC_MEASUREMENT', 'vi_VN'), ('LC_IDENTIFICATION', 'vi_VN'), ('QT_IM_MODULE', 'ibus'), ('PWD', '/home/theanh/Robot_Project/AMR_Robot/amr1_ws/build/amr_sim_pkg'), ('TURTLEBOT3_MODEL', 'waffle'), ('LC_ALL', 'en_US.UTF-8'), ('XDG_CONFIG_DIRS', '/etc/xdg/xdg-ubuntu:/etc/xdg'), ('XDG_DATA_DIRS', '/usr/share/ubuntu:/home/theanh/.local/share/flatpak/exports/share:/var/lib/flatpak/exports/share:/usr/local/share/:/usr/share/:/var/lib/snapd/desktop'), ('PYTHONPATH', '/home/theanh/ros2_ws1/install/ethercat_msgs/local/lib/python3.10/dist-packages:/opt/ros/humble/lib/python3.10/site-packages:/opt/ros/humble/local/lib/python3.10/dist-packages'), ('LC_NUMERIC', 'vi_VN'), ('LC_PAPER', 'vi_VN'), ('COLCON', '1'), ('VTE_VERSION', '6800'), ('CMAKE_PREFIX_PATH', '/home/theanh/Robot_Project/AMR_Robot/amr1_ws/install/sllidar_ros2:/home/theanh/Robot_Project/AMR_Robot/amr1_ws/install/laser_filters:/home/theanh/Robot_Project/AMR_Robot/amr1_ws/install/amr_sim_pkg:/home/theanh/Robot_Project/AMR_Robot/amr1_ws/install/amr_reality_pkg:/home/theanh/ros2_ws1/install/ros2_qt1_demo:/home/theanh/ros2_ws1/install/ethercat_manager:/home/theanh/ros2_ws1/install/control_one_motor_pkg_ex:/home/theanh/ros2_ws1/install/ethercat_msgs:/home/theanh/ros2_ws1/install/ethercat_generic_cia402_drive:/home/theanh/ros2_ws1/install/ethercat_generic_slave:/home/theanh/ros2_ws1/install/ethercat_driver_ros2:/home/theanh/ros2_ws1/install/ethercat_driver:/home/theanh/ros2_ws1/install/ethercat_interface:/home/theanh/agv_test_ws/install/sllidar_ros2:/home/theanh/agv_test_ws/install/agv_test_pkg:/opt/ros/humble')]), 'shell': False}
[0.032576] (laser_filters) JobProgress: {'identifier': 'laser_filters', 'progress': 'cmake'}
[0.033230] (laser_filters) Command: {'cmd': ['/usr/bin/cmake', '/home/theanh/Robot_Project/AMR_Robot/amr1_ws/src/laser_filters', '-DAMENT_CMAKE_SYMLINK_INSTALL=1', '-DCMAKE_INSTALL_PREFIX=/home/theanh/Robot_Project/AMR_Robot/amr1_ws/install/laser_filters'], 'cwd': '/home/theanh/Robot_Project/AMR_Robot/amr1_ws/build/laser_filters', 'env': OrderedDict([('LESSOPEN', '| /usr/bin/lesspipe %s'), ('USER', 'theanh'), ('LC_TIME', 'vi_VN'), ('XDG_SESSION_TYPE', 'wayland'), ('SHLVL', '1'), ('LD_LIBRARY_PATH', '/home/theanh/Robot_Project/AMR_Robot/amr1_ws/install/laser_filters/lib:/home/theanh/ros2_ws1/install/ethercat_manager/lib:/home/theanh/ros2_ws1/install/ethercat_msgs/lib:/home/theanh/ros2_ws1/install/ethercat_generic_cia402_drive/lib:/home/theanh/ros2_ws1/install/ethercat_generic_slave/lib:/home/theanh/ros2_ws1/install/ethercat_driver/lib:/home/theanh/ros2_ws1/install/ethercat_interface/lib:/usr/lib/x86_64-linux-gnu/gazebo-11/plugins:/opt/ros/humble/opt/rviz_ogre_vendor/lib:/opt/ros/humble/lib/x86_64-linux-gnu:/opt/ros/humble/lib'), ('HOME', '/home/theanh'), ('OLDPWD', '/home/theanh'), ('DESKTOP_SESSION', 'ubuntu'), ('ROS_PYTHON_VERSION', '3'), ('GNOME_SHELL_SESSION_MODE', 'ubuntu'), ('GTK_MODULES', 'gail:atk-bridge'), ('LC_MONETARY', 'vi_VN'), ('SYSTEMD_EXEC_PID', '2536'), ('DBUS_SESSION_BUS_ADDRESS', 'unix:path=/run/user/1000/bus'), ('COLORTERM', 'truecolor'), ('IM_CONFIG_PHASE', '1'), ('WAYLAND_DISPLAY', 'wayland-0'), ('COLCON_PREFIX_PATH', '/home/theanh/Robot_Project/AMR_Robot/amr1_ws/install:/home/theanh/ros2_ws1/install:/home/theanh/agv_test_ws/install'), ('ROS_DISTRO', 'humble'), ('LOGNAME', 'theanh'), ('_', '/usr/bin/colcon'), ('ROS_VERSION', '2'), ('XDG_SESSION_CLASS', 'user'), ('USERNAME', 'theanh'), ('TERM', 'xterm-256color'), ('GNOME_DESKTOP_SESSION_ID', 'this-is-deprecated'), ('ROS_LOCALHOST_ONLY', '0'), ('PATH', '/home/theanh/.local/bin:/opt/ros/humble/bin:/usr/local/sbin:/usr/local/bin:/usr/sbin:/usr/bin:/sbin:/bin:/usr/games:/usr/local/games:/snap/bin:/snap/bin'), ('SESSION_MANAGER', 'local/theanh:@/tmp/.ICE-unix/2508,unix/theanh:/tmp/.ICE-unix/2508'), ('XDG_MENU_PREFIX', 'gnome-'), ('LC_ADDRESS', 'vi_VN'), ('GNOME_TERMINAL_SCREEN', '/org/gnome/Terminal/screen/4b04983a_ec98_4e8c_bd8f_84b5b2c8cd8f'), ('GNOME_SETUP_DISPLAY', ':1'), ('XDG_RUNTIME_DIR', '/run/user/1000'), ('DISPLAY', ':0'), ('LANG', 'en_US.UTF-8'), ('XDG_CURRENT_DESKTOP', 'ubuntu:GNOME'), ('LC_TELEPHONE', 'vi_VN'), ('RMW_IMPLEMENTATION', 'rmw_fastrtps_cpp'), ('XMODIFIERS', '@im=ibus'), ('XDG_SESSION_DESKTOP', 'ubuntu'), ('XAUTHORITY', '/run/user/1000/.mutter-Xwaylandauth.ZPOSS3'), ('LS_COLORS', 'rs=0:di=01;34:ln=01;36:mh=00:pi=40;33:so=01;35:do=01;35:bd=40;33;01:cd=40;33;01:or=40;31;01:mi=00:su=37;41:sg=30;43:ca=30;41:tw=30;42:ow=34;42:st=37;44:ex=01;32:*.tar=01;31:*.tgz=01;31:*.arc=01;31:*.arj=01;31:*.taz=01;31:*.lha=01;31:*.lz4=01;31:*.lzh=01;31:*.lzma=01;31:*.tlz=01;31:*.txz=01;31:*.tzo=01;31:*.t7z=01;31:*.zip=01;31:*.z=01;31:*.dz=01;31:*.gz=01;31:*.lrz=01;31:*.lz=01;31:*.lzo=01;31:*.xz=01;31:*.zst=01;31:*.tzst=01;31:*.bz2=01;31:*.bz=01;31:*.tbz=01;31:*.tbz2=01;31:*.tz=01;31:*.deb=01;31:*.rpm=01;31:*.jar=01;31:*.war=01;31:*.ear=01;31:*.sar=01;31:*.rar=01;31:*.alz=01;31:*.ace=01;31:*.zoo=01;31:*.cpio=01;31:*.7z=01;31:*.rz=01;31:*.cab=01;31:*.wim=01;31:*.swm=01;31:*.dwm=01;31:*.esd=01;31:*.jpg=01;35:*.jpeg=01;35:*.mjpg=01;35:*.mjpeg=01;35:*.gif=01;35:*.bmp=01;35:*.pbm=01;35:*.pgm=01;35:*.ppm=01;35:*.tga=01;35:*.xbm=01;35:*.xpm=01;35:*.tif=01;35:*.tiff=01;35:*.png=01;35:*.svg=01;35:*.svgz=01;35:*.mng=01;35:*.pcx=01;35:*.mov=01;35:*.mpg=01;35:*.mpeg=01;35:*.m2v=01;35:*.mkv=01;35:*.webm=01;35:*.webp=01;35:*.ogm=01;35:*.mp4=01;35:*.m4v=01;35:*.mp4v=01;35:*.vob=01;35:*.qt=01;35:*.nuv=01;35:*.wmv=01;35:*.asf=01;35:*.rm=01;35:*.rmvb=01;35:*.flc=01;35:*.avi=01;35:*.fli=01;35:*.flv=01;35:*.gl=01;35:*.dl=01;35:*.xcf=01;35:*.xwd=01;35:*.yuv=01;35:*.cgm=01;35:*.emf=01;35:*.ogv=01;35:*.ogx=01;35:*.aac=00;36:*.au=00;36:*.flac=00;36:*.m4a=00;36:*.mid=00;36:*.midi=00;36:*.mka=00;36:*.mp3=00;36:*.mpc=00;36:*.ogg=00;36:*.ra=00;36:*.wav=00;36:*.oga=00;36:*.opus=00;36:*.spx=00;36:*.xspf=00;36:'), ('GNOME_TERMINAL_SERVICE', ':1.115'), ('SSH_AGENT_LAUNCHER', 'gnome-keyring'), ('SSH_AUTH_SOCK', '/run/user/1000/keyring/ssh'), ('AMENT_PREFIX_PATH', '/home/theanh/Robot_Project/AMR_Robot/amr1_ws/install/sllidar_ros2:/home/theanh/Robot_Project/AMR_Robot/amr1_ws/install/laser_filters:/home/theanh/Robot_Project/AMR_Robot/amr1_ws/install/amr_sim_pkg:/home/theanh/Robot_Project/AMR_Robot/amr1_ws/install/amr_reality_pkg:/home/theanh/ros2_ws1/install/ros2_qt1_demo:/home/theanh/ros2_ws1/install/ethercat_manager:/home/theanh/ros2_ws1/install/control_one_motor_pkg_ex:/home/theanh/ros2_ws1/install/ethercat_msgs:/home/theanh/ros2_ws1/install/ethercat_generic_cia402_drive:/home/theanh/ros2_ws1/install/ethercat_generic_slave:/home/theanh/ros2_ws1/install/ethercat_driver_ros2:/home/theanh/ros2_ws1/install/ethercat_driver:/home/theanh/ros2_ws1/install/ethercat_interface:/home/theanh/agv_test_ws/install/sllidar_ros2:/home/theanh/agv_test_ws/install/agv_test_pkg:/opt/ros/humble'), ('SHELL', '/bin/bash'), ('LC_NAME', 'vi_VN'), ('QT_ACCESSIBILITY', '1'), ('GDMSESSION', 'ubuntu'), ('LESSCLOSE', '/usr/bin/lesspipe %s %s'), ('LC_MEASUREMENT', 'vi_VN'), ('LC_IDENTIFICATION', 'vi_VN'), ('QT_IM_MODULE', 'ibus'), ('PWD', '/home/theanh/Robot_Project/AMR_Robot/amr1_ws/build/laser_filters'), ('TURTLEBOT3_MODEL', 'waffle'), ('LC_ALL', 'en_US.UTF-8'), ('XDG_CONFIG_DIRS', '/etc/xdg/xdg-ubuntu:/etc/xdg'), ('XDG_DATA_DIRS', '/usr/share/ubuntu:/home/theanh/.local/share/flatpak/exports/share:/var/lib/flatpak/exports/share:/usr/local/share/:/usr/share/:/var/lib/snapd/desktop'), ('PYTHONPATH', '/home/theanh/ros2_ws1/install/ethercat_msgs/local/lib/python3.10/dist-packages:/opt/ros/humble/lib/python3.10/site-packages:/opt/ros/humble/local/lib/python3.10/dist-packages'), ('LC_NUMERIC', 'vi_VN'), ('LC_PAPER', 'vi_VN'), ('COLCON', '1'), ('VTE_VERSION', '6800'), ('CMAKE_PREFIX_PATH', '/home/theanh/Robot_Project/AMR_Robot/amr1_ws/install/sllidar_ros2:/home/theanh/Robot_Project/AMR_Robot/amr1_ws/install/laser_filters:/home/theanh/Robot_Project/AMR_Robot/amr1_ws/install/amr_sim_pkg:/home/theanh/Robot_Project/AMR_Robot/amr1_ws/install/amr_reality_pkg:/home/theanh/ros2_ws1/install/ros2_qt1_demo:/home/theanh/ros2_ws1/install/ethercat_manager:/home/theanh/ros2_ws1/install/control_one_motor_pkg_ex:/home/theanh/ros2_ws1/install/ethercat_msgs:/home/theanh/ros2_ws1/install/ethercat_generic_cia402_drive:/home/theanh/ros2_ws1/install/ethercat_generic_slave:/home/theanh/ros2_ws1/install/ethercat_driver_ros2:/home/theanh/ros2_ws1/install/ethercat_driver:/home/theanh/ros2_ws1/install/ethercat_interface:/home/theanh/agv_test_ws/install/sllidar_ros2:/home/theanh/agv_test_ws/install/agv_test_pkg:/opt/ros/humble')]), 'shell': False}
[0.036397] (sllidar_ros2) JobProgress: {'identifier': 'sllidar_ros2', 'progress': 'cmake'}
[0.036886] (sllidar_ros2) Command: {'cmd': ['/usr/bin/cmake', '/home/theanh/Robot_Project/AMR_Robot/amr1_ws/src/sllidar_ros2', '-DAMENT_CMAKE_SYMLINK_INSTALL=1', '-DCMAKE_INSTALL_PREFIX=/home/theanh/Robot_Project/AMR_Robot/amr1_ws/install/sllidar_ros2'], 'cwd': '/home/theanh/Robot_Project/AMR_Robot/amr1_ws/build/sllidar_ros2', 'env': OrderedDict([('LESSOPEN', '| /usr/bin/lesspipe %s'), ('USER', 'theanh'), ('LC_TIME', 'vi_VN'), ('XDG_SESSION_TYPE', 'wayland'), ('SHLVL', '1'), ('LD_LIBRARY_PATH', '/home/theanh/Robot_Project/AMR_Robot/amr1_ws/install/laser_filters/lib:/home/theanh/ros2_ws1/install/ethercat_manager/lib:/home/theanh/ros2_ws1/install/ethercat_msgs/lib:/home/theanh/ros2_ws1/install/ethercat_generic_cia402_drive/lib:/home/theanh/ros2_ws1/install/ethercat_generic_slave/lib:/home/theanh/ros2_ws1/install/ethercat_driver/lib:/home/theanh/ros2_ws1/install/ethercat_interface/lib:/usr/lib/x86_64-linux-gnu/gazebo-11/plugins:/opt/ros/humble/opt/rviz_ogre_vendor/lib:/opt/ros/humble/lib/x86_64-linux-gnu:/opt/ros/humble/lib'), ('HOME', '/home/theanh'), ('OLDPWD', '/home/theanh'), ('DESKTOP_SESSION', 'ubuntu'), ('ROS_PYTHON_VERSION', '3'), ('GNOME_SHELL_SESSION_MODE', 'ubuntu'), ('GTK_MODULES', 'gail:atk-bridge'), ('LC_MONETARY', 'vi_VN'), ('SYSTEMD_EXEC_PID', '2536'), ('DBUS_SESSION_BUS_ADDRESS', 'unix:path=/run/user/1000/bus'), ('COLORTERM', 'truecolor'), ('IM_CONFIG_PHASE', '1'), ('WAYLAND_DISPLAY', 'wayland-0'), ('COLCON_PREFIX_PATH', '/home/theanh/Robot_Project/AMR_Robot/amr1_ws/install:/home/theanh/ros2_ws1/install:/home/theanh/agv_test_ws/install'), ('ROS_DISTRO', 'humble'), ('LOGNAME', 'theanh'), ('_', '/usr/bin/colcon'), ('ROS_VERSION', '2'), ('XDG_SESSION_CLASS', 'user'), ('USERNAME', 'theanh'), ('TERM', 'xterm-256color'), ('GNOME_DESKTOP_SESSION_ID', 'this-is-deprecated'), ('ROS_LOCALHOST_ONLY', '0'), ('PATH', '/home/theanh/.local/bin:/opt/ros/humble/bin:/usr/local/sbin:/usr/local/bin:/usr/sbin:/usr/bin:/sbin:/bin:/usr/games:/usr/local/games:/snap/bin:/snap/bin'), ('SESSION_MANAGER', 'local/theanh:@/tmp/.ICE-unix/2508,unix/theanh:/tmp/.ICE-unix/2508'), ('XDG_MENU_PREFIX', 'gnome-'), ('LC_ADDRESS', 'vi_VN'), ('GNOME_TERMINAL_SCREEN', '/org/gnome/Terminal/screen/4b04983a_ec98_4e8c_bd8f_84b5b2c8cd8f'), ('GNOME_SETUP_DISPLAY', ':1'), ('XDG_RUNTIME_DIR', '/run/user/1000'), ('DISPLAY', ':0'), ('LANG', 'en_US.UTF-8'), ('XDG_CURRENT_DESKTOP', 'ubuntu:GNOME'), ('LC_TELEPHONE', 'vi_VN'), ('RMW_IMPLEMENTATION', 'rmw_fastrtps_cpp'), ('XMODIFIERS', '@im=ibus'), ('XDG_SESSION_DESKTOP', 'ubuntu'), ('XAUTHORITY', '/run/user/1000/.mutter-Xwaylandauth.ZPOSS3'), ('LS_COLORS', 'rs=0:di=01;34:ln=01;36:mh=00:pi=40;33:so=01;35:do=01;35:bd=40;33;01:cd=40;33;01:or=40;31;01:mi=00:su=37;41:sg=30;43:ca=30;41:tw=30;42:ow=34;42:st=37;44:ex=01;32:*.tar=01;31:*.tgz=01;31:*.arc=01;31:*.arj=01;31:*.taz=01;31:*.lha=01;31:*.lz4=01;31:*.lzh=01;31:*.lzma=01;31:*.tlz=01;31:*.txz=01;31:*.tzo=01;31:*.t7z=01;31:*.zip=01;31:*.z=01;31:*.dz=01;31:*.gz=01;31:*.lrz=01;31:*.lz=01;31:*.lzo=01;31:*.xz=01;31:*.zst=01;31:*.tzst=01;31:*.bz2=01;31:*.bz=01;31:*.tbz=01;31:*.tbz2=01;31:*.tz=01;31:*.deb=01;31:*.rpm=01;31:*.jar=01;31:*.war=01;31:*.ear=01;31:*.sar=01;31:*.rar=01;31:*.alz=01;31:*.ace=01;31:*.zoo=01;31:*.cpio=01;31:*.7z=01;31:*.rz=01;31:*.cab=01;31:*.wim=01;31:*.swm=01;31:*.dwm=01;31:*.esd=01;31:*.jpg=01;35:*.jpeg=01;35:*.mjpg=01;35:*.mjpeg=01;35:*.gif=01;35:*.bmp=01;35:*.pbm=01;35:*.pgm=01;35:*.ppm=01;35:*.tga=01;35:*.xbm=01;35:*.xpm=01;35:*.tif=01;35:*.tiff=01;35:*.png=01;35:*.svg=01;35:*.svgz=01;35:*.mng=01;35:*.pcx=01;35:*.mov=01;35:*.mpg=01;35:*.mpeg=01;35:*.m2v=01;35:*.mkv=01;35:*.webm=01;35:*.webp=01;35:*.ogm=01;35:*.mp4=01;35:*.m4v=01;35:*.mp4v=01;35:*.vob=01;35:*.qt=01;35:*.nuv=01;35:*.wmv=01;35:*.asf=01;35:*.rm=01;35:*.rmvb=01;35:*.flc=01;35:*.avi=01;35:*.fli=01;35:*.flv=01;35:*.gl=01;35:*.dl=01;35:*.xcf=01;35:*.xwd=01;35:*.yuv=01;35:*.cgm=01;35:*.emf=01;35:*.ogv=01;35:*.ogx=01;35:*.aac=00;36:*.au=00;36:*.flac=00;36:*.m4a=00;36:*.mid=00;36:*.midi=00;36:*.mka=00;36:*.mp3=00;36:*.mpc=00;36:*.ogg=00;36:*.ra=00;36:*.wav=00;36:*.oga=00;36:*.opus=00;36:*.spx=00;36:*.xspf=00;36:'), ('GNOME_TERMINAL_SERVICE', ':1.115'), ('SSH_AGENT_LAUNCHER', 'gnome-keyring'), ('SSH_AUTH_SOCK', '/run/user/1000/keyring/ssh'), ('AMENT_PREFIX_PATH', '/home/theanh/Robot_Project/AMR_Robot/amr1_ws/install/sllidar_ros2:/home/theanh/Robot_Project/AMR_Robot/amr1_ws/install/laser_filters:/home/theanh/Robot_Project/AMR_Robot/amr1_ws/install/amr_sim_pkg:/home/theanh/Robot_Project/AMR_Robot/amr1_ws/install/amr_reality_pkg:/home/theanh/ros2_ws1/install/ros2_qt1_demo:/home/theanh/ros2_ws1/install/ethercat_manager:/home/theanh/ros2_ws1/install/control_one_motor_pkg_ex:/home/theanh/ros2_ws1/install/ethercat_msgs:/home/theanh/ros2_ws1/install/ethercat_generic_cia402_drive:/home/theanh/ros2_ws1/install/ethercat_generic_slave:/home/theanh/ros2_ws1/install/ethercat_driver_ros2:/home/theanh/ros2_ws1/install/ethercat_driver:/home/theanh/ros2_ws1/install/ethercat_interface:/home/theanh/agv_test_ws/install/sllidar_ros2:/home/theanh/agv_test_ws/install/agv_test_pkg:/opt/ros/humble'), ('SHELL', '/bin/bash'), ('LC_NAME', 'vi_VN'), ('QT_ACCESSIBILITY', '1'), ('GDMSESSION', 'ubuntu'), ('LESSCLOSE', '/usr/bin/lesspipe %s %s'), ('LC_MEASUREMENT', 'vi_VN'), ('LC_IDENTIFICATION', 'vi_VN'), ('QT_IM_MODULE', 'ibus'), ('PWD', '/home/theanh/Robot_Project/AMR_Robot/amr1_ws/build/sllidar_ros2'), ('TURTLEBOT3_MODEL', 'waffle'), ('LC_ALL', 'en_US.UTF-8'), ('XDG_CONFIG_DIRS', '/etc/xdg/xdg-ubuntu:/etc/xdg'), ('XDG_DATA_DIRS', '/usr/share/ubuntu:/home/theanh/.local/share/flatpak/exports/share:/var/lib/flatpak/exports/share:/usr/local/share/:/usr/share/:/var/lib/snapd/desktop'), ('PYTHONPATH', '/home/theanh/ros2_ws1/install/ethercat_msgs/local/lib/python3.10/dist-packages:/opt/ros/humble/lib/python3.10/site-packages:/opt/ros/humble/local/lib/python3.10/dist-packages'), ('LC_NUMERIC', 'vi_VN'), ('LC_PAPER', 'vi_VN'), ('COLCON', '1'), ('VTE_VERSION', '6800'), ('CMAKE_PREFIX_PATH', '/home/theanh/Robot_Project/AMR_Robot/amr1_ws/install/sllidar_ros2:/home/theanh/Robot_Project/AMR_Robot/amr1_ws/install/laser_filters:/home/theanh/Robot_Project/AMR_Robot/amr1_ws/install/amr_sim_pkg:/home/theanh/Robot_Project/AMR_Robot/amr1_ws/install/amr_reality_pkg:/home/theanh/ros2_ws1/install/ros2_qt1_demo:/home/theanh/ros2_ws1/install/ethercat_manager:/home/theanh/ros2_ws1/install/control_one_motor_pkg_ex:/home/theanh/ros2_ws1/install/ethercat_msgs:/home/theanh/ros2_ws1/install/ethercat_generic_cia402_drive:/home/theanh/ros2_ws1/install/ethercat_generic_slave:/home/theanh/ros2_ws1/install/ethercat_driver_ros2:/home/theanh/ros2_ws1/install/ethercat_driver:/home/theanh/ros2_ws1/install/ethercat_interface:/home/theanh/agv_test_ws/install/sllidar_ros2:/home/theanh/agv_test_ws/install/agv_test_pkg:/opt/ros/humble')]), 'shell': False}
[0.099795] (-) TimerEvent: {}
[0.200063] (-) TimerEvent: {}
[0.300372] (-) TimerEvent: {}
[0.400652] (-) TimerEvent: {}
[0.500932] (-) TimerEvent: {}
[0.601229] (-) TimerEvent: {}
[0.701499] (-) TimerEvent: {}
[0.785122] (sllidar_ros2) StdoutLine: {'line': b'-- The C compiler identification is GNU 11.4.0\n'}
[0.785427] (amr_reality_pkg) StdoutLine: {'line': b'-- The C compiler identification is GNU 11.4.0\n'}
[0.785557] (amr_sim_pkg) StdoutLine: {'line': b'-- The C compiler identification is GNU 11.4.0\n'}
[0.785885] (laser_filters) StdoutLine: {'line': b'-- The C compiler identification is GNU 11.4.0\n'}
[0.801569] (-) TimerEvent: {}
[0.901823] (-) TimerEvent: {}
[1.002092] (-) TimerEvent: {}
[1.102355] (-) TimerEvent: {}
[1.202628] (-) TimerEvent: {}
[1.302907] (-) TimerEvent: {}
[1.403178] (-) TimerEvent: {}
[1.503446] (-) TimerEvent: {}
[1.603728] (-) TimerEvent: {}
[1.649632] (amr_sim_pkg) StdoutLine: {'line': b'-- The CXX compiler identification is GNU 11.4.0\n'}
[1.649833] (laser_filters) StdoutLine: {'line': b'-- The CXX compiler identification is GNU 11.4.0\n'}
[1.649926] (amr_reality_pkg) StdoutLine: {'line': b'-- The CXX compiler identification is GNU 11.4.0\n'}
[1.650013] (sllidar_ros2) StdoutLine: {'line': b'-- The CXX compiler identification is GNU 11.4.0\n'}
[1.691716] (amr_reality_pkg) StdoutLine: {'line': b'-- Detecting C compiler ABI info\n'}
[1.691867] (laser_filters) StdoutLine: {'line': b'-- Detecting C compiler ABI info\n'}
[1.691940] (sllidar_ros2) StdoutLine: {'line': b'-- Detecting C compiler ABI info\n'}
[1.692009] (amr_sim_pkg) StdoutLine: {'line': b'-- Detecting C compiler ABI info\n'}
[1.703796] (-) TimerEvent: {}
[1.804029] (-) TimerEvent: {}
[1.894244] (amr_reality_pkg) StdoutLine: {'line': b'-- Detecting C compiler ABI info - done\n'}
[1.894483] (laser_filters) StdoutLine: {'line': b'-- Detecting C compiler ABI info - done\n'}
[1.894572] (amr_sim_pkg) StdoutLine: {'line': b'-- Detecting C compiler ABI info - done\n'}
[1.894649] (sllidar_ros2) StdoutLine: {'line': b'-- Detecting C compiler ABI info - done\n'}
[1.902469] (laser_filters) StdoutLine: {'line': b'-- Check for working C compiler: /usr/bin/cc - skipped\n'}
[1.902587] (amr_reality_pkg) StdoutLine: {'line': b'-- Check for working C compiler: /usr/bin/cc - skipped\n'}
[1.903748] (amr_reality_pkg) StdoutLine: {'line': b'-- Detecting C compile features\n'}
[1.903826] (laser_filters) StdoutLine: {'line': b'-- Detecting C compile features\n'}
[1.904092] (-) TimerEvent: {}
[1.904355] (amr_sim_pkg) StdoutLine: {'line': b'-- Check for working C compiler: /usr/bin/cc - skipped\n'}
[1.904471] (sllidar_ros2) StdoutLine: {'line': b'-- Check for working C compiler: /usr/bin/cc - skipped\n'}
[1.904607] (amr_sim_pkg) StdoutLine: {'line': b'-- Detecting C compile features\n'}
[1.904673] (sllidar_ros2) StdoutLine: {'line': b'-- Detecting C compile features\n'}
[1.920790] (amr_reality_pkg) StdoutLine: {'line': b'-- Detecting C compile features - done\n'}
[1.920884] (amr_sim_pkg) StdoutLine: {'line': b'-- Detecting C compile features - done\n'}
[1.920955] (laser_filters) StdoutLine: {'line': b'-- Detecting C compile features - done\n'}
[1.921018] (sllidar_ros2) StdoutLine: {'line': b'-- Detecting C compile features - done\n'}
[1.936060] (laser_filters) StdoutLine: {'line': b'-- Detecting CXX compiler ABI info\n'}
[1.936247] (amr_sim_pkg) StdoutLine: {'line': b'-- Detecting CXX compiler ABI info\n'}
[1.936325] (amr_reality_pkg) StdoutLine: {'line': b'-- Detecting CXX compiler ABI info\n'}
[1.936398] (sllidar_ros2) StdoutLine: {'line': b'-- Detecting CXX compiler ABI info\n'}
[2.004201] (-) TimerEvent: {}
[2.083684] (amr_reality_pkg) StdoutLine: {'line': b'-- Detecting CXX compiler ABI info - done\n'}
[2.084743] (sllidar_ros2) StdoutLine: {'line': b'-- Detecting CXX compiler ABI info - done\n'}
[2.084951] (amr_sim_pkg) StdoutLine: {'line': b'-- Detecting CXX compiler ABI info - done\n'}
[2.085234] (laser_filters) StdoutLine: {'line': b'-- Detecting CXX compiler ABI info - done\n'}
[2.092481] (amr_reality_pkg) StdoutLine: {'line': b'-- Check for working CXX compiler: /usr/bin/c++ - skipped\n'}
[2.092781] (amr_reality_pkg) StdoutLine: {'line': b'-- Detecting CXX compile features\n'}
[2.093305] (amr_reality_pkg) StdoutLine: {'line': b'-- Detecting CXX compile features - done\n'}
[2.093460] (sllidar_ros2) StdoutLine: {'line': b'-- Check for working CXX compiler: /usr/bin/c++ - skipped\n'}
[2.093573] (amr_sim_pkg) StdoutLine: {'line': b'-- Check for working CXX compiler: /usr/bin/c++ - skipped\n'}
[2.093719] (sllidar_ros2) StdoutLine: {'line': b'-- Detecting CXX compile features\n'}
[2.093857] (amr_sim_pkg) StdoutLine: {'line': b'-- Detecting CXX compile features\n'}
[2.094081] (laser_filters) StdoutLine: {'line': b'-- Check for working CXX compiler: /usr/bin/c++ - skipped\n'}
[2.094234] (sllidar_ros2) StdoutLine: {'line': b'-- Detecting CXX compile features - done\n'}
[2.094369] (amr_sim_pkg) StdoutLine: {'line': b'-- Detecting CXX compile features - done\n'}
[2.094497] (laser_filters) StdoutLine: {'line': b'-- Detecting CXX compile features\n'}
[2.094927] (laser_filters) StdoutLine: {'line': b'-- Detecting CXX compile features - done\n'}
[2.104261] (-) TimerEvent: {}
[2.193676] (laser_filters) StdoutLine: {'line': b'-- Found ament_cmake_auto: 1.3.14 (/opt/ros/humble/share/ament_cmake_auto/cmake)\n'}
[2.204336] (-) TimerEvent: {}
[2.214910] (amr_reality_pkg) StdoutLine: {'line': b'-- Found ament_cmake: 1.3.14 (/opt/ros/humble/share/ament_cmake/cmake)\n'}
[2.215006] (sllidar_ros2) StdoutLine: {'line': b'-- Found ament_cmake: 1.3.14 (/opt/ros/humble/share/ament_cmake/cmake)\n'}
[2.215079] (amr_sim_pkg) StdoutLine: {'line': b'-- Found ament_cmake: 1.3.14 (/opt/ros/humble/share/ament_cmake/cmake)\n'}
[2.304442] (-) TimerEvent: {}
[2.404723] (-) TimerEvent: {}
[2.505034] (-) TimerEvent: {}
[2.549377] (amr_sim_pkg) StdoutLine: {'line': b'-- Found Python3: /usr/bin/python3 (found version "3.10.12") found components: Interpreter \n'}
[2.549574] (sllidar_ros2) StdoutLine: {'line': b'-- Found Python3: /usr/bin/python3 (found version "3.10.12") found components: Interpreter \n'}
[2.554722] (laser_filters) StdoutLine: {'line': b'-- Found Python3: /usr/bin/python3 (found version "3.10.12") found components: Interpreter \n'}
[2.554896] (amr_reality_pkg) StdoutLine: {'line': b'-- Found Python3: /usr/bin/python3 (found version "3.10.12") found components: Interpreter \n'}
[2.605132] (-) TimerEvent: {}
[2.670352] (laser_filters) StdoutLine: {'line': b'-- Override CMake install command with custom implementation using symlinks instead of copying resources\n'}
[2.670533] (amr_reality_pkg) StdoutLine: {'line': b'-- Override CMake install command with custom implementation using symlinks instead of copying resources\n'}
[2.670620] (sllidar_ros2) StdoutLine: {'line': b'-- Override CMake install command with custom implementation using symlinks instead of copying resources\n'}
[2.670701] (amr_sim_pkg) StdoutLine: {'line': b'-- Override CMake install command with custom implementation using symlinks instead of copying resources\n'}
[2.705217] (-) TimerEvent: {}
[2.805476] (-) TimerEvent: {}
[2.888954] (sllidar_ros2) StdoutLine: {'line': b'-- Found rclcpp: 16.0.19 (/opt/ros/humble/share/rclcpp/cmake)\n'}
[2.889120] (amr_sim_pkg) StdoutLine: {'line': b'-- Found rclcpp: 16.0.19 (/opt/ros/humble/share/rclcpp/cmake)\n'}
[2.889233] (amr_reality_pkg) StdoutLine: {'line': b'-- Found rclcpp: 16.0.19 (/opt/ros/humble/share/rclcpp/cmake)\n'}
[2.905589] (-) TimerEvent: {}
[3.006003] (-) TimerEvent: {}
[3.106364] (-) TimerEvent: {}
[3.186970] (amr_reality_pkg) StdoutLine: {'line': b'-- Found rosidl_generator_c: 3.1.8 (/opt/ros/humble/share/rosidl_generator_c/cmake)\n'}
[3.187167] (amr_sim_pkg) StdoutLine: {'line': b'-- Found rosidl_generator_c: 3.1.8 (/opt/ros/humble/share/rosidl_generator_c/cmake)\n'}
[3.187274] (sllidar_ros2) StdoutLine: {'line': b'-- Found rosidl_generator_c: 3.1.8 (/opt/ros/humble/share/rosidl_generator_c/cmake)\n'}
[3.187369] (laser_filters) StdoutLine: {'line': b'-- Found rosidl_generator_c: 3.1.8 (/opt/ros/humble/share/rosidl_generator_c/cmake)\n'}
[3.198944] (laser_filters) StdoutLine: {'line': b'-- Found rosidl_adapter: 3.1.8 (/opt/ros/humble/share/rosidl_adapter/cmake)\n'}
[3.199059] (amr_reality_pkg) StdoutLine: {'line': b'-- Found rosidl_adapter: 3.1.8 (/opt/ros/humble/share/rosidl_adapter/cmake)\n'}
[3.199146] (sllidar_ros2) StdoutLine: {'line': b'-- Found rosidl_adapter: 3.1.8 (/opt/ros/humble/share/rosidl_adapter/cmake)\n'}
[3.199242] (amr_sim_pkg) StdoutLine: {'line': b'-- Found rosidl_adapter: 3.1.8 (/opt/ros/humble/share/rosidl_adapter/cmake)\n'}
[3.206432] (-) TimerEvent: {}
[3.216472] (sllidar_ros2) StdoutLine: {'line': b'-- Found rosidl_generator_cpp: 3.1.8 (/opt/ros/humble/share/rosidl_generator_cpp/cmake)\n'}
[3.216649] (amr_reality_pkg) StdoutLine: {'line': b'-- Found rosidl_generator_cpp: 3.1.8 (/opt/ros/humble/share/rosidl_generator_cpp/cmake)\n'}
[3.216732] (amr_sim_pkg) StdoutLine: {'line': b'-- Found rosidl_generator_cpp: 3.1.8 (/opt/ros/humble/share/rosidl_generator_cpp/cmake)\n'}
[3.216806] (laser_filters) StdoutLine: {'line': b'-- Found rosidl_generator_cpp: 3.1.8 (/opt/ros/humble/share/rosidl_generator_cpp/cmake)\n'}
[3.240474] (amr_reality_pkg) StdoutLine: {'line': b'-- Using all available rosidl_typesupport_c: rosidl_typesupport_fastrtps_c;rosidl_typesupport_introspection_c\n'}
[3.240690] (laser_filters) StdoutLine: {'line': b'-- Using all available rosidl_typesupport_c: rosidl_typesupport_fastrtps_c;rosidl_typesupport_introspection_c\n'}
[3.240797] (sllidar_ros2) StdoutLine: {'line': b'-- Using all available rosidl_typesupport_c: rosidl_typesupport_fastrtps_c;rosidl_typesupport_introspection_c\n'}
[3.240906] (amr_sim_pkg) StdoutLine: {'line': b'-- Using all available rosidl_typesupport_c: rosidl_typesupport_fastrtps_c;rosidl_typesupport_introspection_c\n'}
[3.270543] (amr_sim_pkg) StdoutLine: {'line': b'-- Using all available rosidl_typesupport_cpp: rosidl_typesupport_fastrtps_cpp;rosidl_typesupport_introspection_cpp\n'}
[3.270698] (amr_reality_pkg) StdoutLine: {'line': b'-- Using all available rosidl_typesupport_cpp: rosidl_typesupport_fastrtps_cpp;rosidl_typesupport_introspection_cpp\n'}
[3.271881] (sllidar_ros2) StdoutLine: {'line': b'-- Using all available rosidl_typesupport_cpp: rosidl_typesupport_fastrtps_cpp;rosidl_typesupport_introspection_cpp\n'}
[3.271983] (laser_filters) StdoutLine: {'line': b'-- Using all available rosidl_typesupport_cpp: rosidl_typesupport_fastrtps_cpp;rosidl_typesupport_introspection_cpp\n'}
[3.306506] (-) TimerEvent: {}
[3.406742] (-) TimerEvent: {}
[3.507018] (-) TimerEvent: {}
[3.507635] (amr_sim_pkg) StdoutLine: {'line': b'-- Found rmw_implementation_cmake: 6.1.2 (/opt/ros/humble/share/rmw_implementation_cmake/cmake)\n'}
[3.507762] (amr_reality_pkg) StdoutLine: {'line': b'-- Found rmw_implementation_cmake: 6.1.2 (/opt/ros/humble/share/rmw_implementation_cmake/cmake)\n'}
[3.507881] (sllidar_ros2) StdoutLine: {'line': b'-- Found rmw_implementation_cmake: 6.1.2 (/opt/ros/humble/share/rmw_implementation_cmake/cmake)\n'}
[3.534147] (laser_filters) StdoutLine: {'line': b'-- Found rmw_implementation_cmake: 6.1.2 (/opt/ros/humble/share/rmw_implementation_cmake/cmake)\n'}
[3.545084] (laser_filters) StdoutLine: {'line': b'-- Found rmw_fastrtps_cpp: 6.2.10 (/opt/ros/humble/share/rmw_fastrtps_cpp/cmake)\n'}
[3.545264] (sllidar_ros2) StdoutLine: {'line': b'-- Found rmw_fastrtps_cpp: 6.2.10 (/opt/ros/humble/share/rmw_fastrtps_cpp/cmake)\n'}
[3.545339] (amr_sim_pkg) StdoutLine: {'line': b'-- Found rmw_fastrtps_cpp: 6.2.10 (/opt/ros/humble/share/rmw_fastrtps_cpp/cmake)\n'}
[3.545406] (amr_reality_pkg) StdoutLine: {'line': b'-- Found rmw_fastrtps_cpp: 6.2.10 (/opt/ros/humble/share/rmw_fastrtps_cpp/cmake)\n'}
[3.607101] (-) TimerEvent: {}
[3.707364] (-) TimerEvent: {}
[3.807644] (-) TimerEvent: {}
[3.907923] (-) TimerEvent: {}
[3.934111] (amr_sim_pkg) StdoutLine: {'line': b'-- Found OpenSSL: /usr/lib/x86_64-linux-gnu/libcrypto.so (found version "3.0.2")  \n'}
[3.934365] (laser_filters) StdoutLine: {'line': b'-- Found OpenSSL: /usr/lib/x86_64-linux-gnu/libcrypto.so (found version "3.0.2")  \n'}
[3.934445] (sllidar_ros2) StdoutLine: {'line': b'-- Found OpenSSL: /usr/lib/x86_64-linux-gnu/libcrypto.so (found version "3.0.2")  \n'}
[3.934522] (amr_reality_pkg) StdoutLine: {'line': b'-- Found OpenSSL: /usr/lib/x86_64-linux-gnu/libcrypto.so (found version "3.0.2")  \n'}
[3.978005] (amr_reality_pkg) StdoutLine: {'line': b'-- Found FastRTPS: /opt/ros/humble/include  \n'}
[3.978234] (laser_filters) StdoutLine: {'line': b'-- Found FastRTPS: /opt/ros/humble/include  \n'}
[3.980849] (sllidar_ros2) StdoutLine: {'line': b'-- Found FastRTPS: /opt/ros/humble/include  \n'}
[3.980990] (amr_sim_pkg) StdoutLine: {'line': b'-- Found FastRTPS: /opt/ros/humble/include  \n'}
[4.008026] (-) TimerEvent: {}
[4.044895] (amr_reality_pkg) StdoutLine: {'line': b"-- Using RMW implementation 'rmw_fastrtps_cpp' as default\n"}
[4.045320] (laser_filters) StdoutLine: {'line': b"-- Using RMW implementation 'rmw_fastrtps_cpp' as default\n"}
[4.046309] (sllidar_ros2) StdoutLine: {'line': b"-- Using RMW implementation 'rmw_fastrtps_cpp' as default\n"}
[4.046413] (amr_sim_pkg) StdoutLine: {'line': b"-- Using RMW implementation 'rmw_fastrtps_cpp' as default\n"}
[4.108114] (-) TimerEvent: {}
[4.124219] (laser_filters) StdoutLine: {'line': b'-- Looking for pthread.h\n'}
[4.124361] (sllidar_ros2) StdoutLine: {'line': b'-- Looking for pthread.h\n'}
[4.124434] (amr_sim_pkg) StdoutLine: {'line': b'-- Looking for pthread.h\n'}
[4.124501] (amr_reality_pkg) StdoutLine: {'line': b'-- Looking for pthread.h\n'}
[4.208227] (-) TimerEvent: {}
[4.308520] (-) TimerEvent: {}
[4.370882] (sllidar_ros2) StdoutLine: {'line': b'-- Looking for pthread.h - found\n'}
[4.371093] (amr_sim_pkg) StdoutLine: {'line': b'-- Looking for pthread.h - found\n'}
[4.371318] (sllidar_ros2) StdoutLine: {'line': b'-- Performing Test CMAKE_HAVE_LIBC_PTHREAD\n'}
[4.371452] (amr_sim_pkg) StdoutLine: {'line': b'-- Performing Test CMAKE_HAVE_LIBC_PTHREAD\n'}
[4.371577] (amr_reality_pkg) StdoutLine: {'line': b'-- Looking for pthread.h - found\n'}
[4.371673] (laser_filters) StdoutLine: {'line': b'-- Looking for pthread.h - found\n'}
[4.371889] (laser_filters) StdoutLine: {'line': b'-- Performing Test CMAKE_HAVE_LIBC_PTHREAD\n'}
[4.372008] (amr_reality_pkg) StdoutLine: {'line': b'-- Performing Test CMAKE_HAVE_LIBC_PTHREAD\n'}
[4.408624] (-) TimerEvent: {}
[4.492834] (laser_filters) StdoutLine: {'line': b'-- Performing Test CMAKE_HAVE_LIBC_PTHREAD - Success\n'}
[4.493053] (amr_sim_pkg) StdoutLine: {'line': b'-- Performing Test CMAKE_HAVE_LIBC_PTHREAD - Success\n'}
[4.493136] (sllidar_ros2) StdoutLine: {'line': b'-- Performing Test CMAKE_HAVE_LIBC_PTHREAD - Success\n'}
[4.493233] (amr_reality_pkg) StdoutLine: {'line': b'-- Performing Test CMAKE_HAVE_LIBC_PTHREAD - Success\n'}
[4.493880] (sllidar_ros2) StdoutLine: {'line': b'-- Found Threads: TRUE  \n'}
[4.493990] (amr_sim_pkg) StdoutLine: {'line': b'-- Found Threads: TRUE  \n'}
[4.494062] (laser_filters) StdoutLine: {'line': b'-- Found Threads: TRUE  \n'}
[4.494242] (amr_reality_pkg) StdoutLine: {'line': b'-- Found Threads: TRUE  \n'}
[4.508713] (-) TimerEvent: {}
[4.608989] (-) TimerEvent: {}
[4.641935] (amr_sim_pkg) StdoutLine: {'line': b'-- Found robot_state_publisher: 3.0.3 (/opt/ros/humble/share/robot_state_publisher/cmake)\n'}
[4.689195] (sllidar_ros2) StdoutLine: {'line': b'-- Found sensor_msgs: 4.9.1 (/opt/ros/humble/share/sensor_msgs/cmake)\n'}
[4.707756] (amr_reality_pkg) StdoutLine: {'line': b'-- Found canopen_core: 0.2.13 (/opt/ros/humble/share/canopen_core/cmake)\n'}
[4.709047] (-) TimerEvent: {}
[4.809275] (-) TimerEvent: {}
[4.909548] (-) TimerEvent: {}
[4.993482] (amr_reality_pkg) StdoutLine: {'line': b'-- Found Boost: /usr/lib/x86_64-linux-gnu/cmake/Boost-1.74.0/BoostConfig.cmake (found version "1.74.0") found components: system thread \n'}
[5.009617] (-) TimerEvent: {}
[5.017951] (sllidar_ros2) StdoutLine: {'line': b'-- Found std_srvs: 4.9.1 (/opt/ros/humble/share/std_srvs/cmake)\n'}
[5.109719] (-) TimerEvent: {}
[5.111243] (amr_sim_pkg) StdoutLine: {'line': b'-- Found eigen3_cmake_module: 0.1.1 (/opt/ros/humble/share/eigen3_cmake_module/cmake)\n'}
[5.113586] (amr_sim_pkg) StdoutLine: {'line': b'-- Found Eigen3: TRUE (found version "3.4.0") \n'}
[5.113690] (amr_sim_pkg) StdoutLine: {'line': b'-- Ensuring Eigen3 include directory is part of orocos-kdl CMake target\n'}
[5.209804] (-) TimerEvent: {}
[5.310059] (-) TimerEvent: {}
[5.351844] (sllidar_ros2) StdoutLine: {'line': b'-- Configuring done\n'}
[5.370389] (sllidar_ros2) StdoutLine: {'line': b'-- Generating done\n'}
[5.376813] (sllidar_ros2) StdoutLine: {'line': b'-- Build files have been written to: /home/theanh/Robot_Project/AMR_Robot/amr1_ws/build/sllidar_ros2\n'}
[5.387878] (sllidar_ros2) CommandEnded: {'returncode': 0}
[5.388423] (sllidar_ros2) JobProgress: {'identifier': 'sllidar_ros2', 'progress': 'build'}
[5.389243] (sllidar_ros2) Command: {'cmd': ['/usr/bin/cmake', '--build', '/home/theanh/Robot_Project/AMR_Robot/amr1_ws/build/sllidar_ros2', '--', '-j15', '-l15'], 'cwd': '/home/theanh/Robot_Project/AMR_Robot/amr1_ws/build/sllidar_ros2', 'env': OrderedDict([('LESSOPEN', '| /usr/bin/lesspipe %s'), ('USER', 'theanh'), ('LC_TIME', 'vi_VN'), ('XDG_SESSION_TYPE', 'wayland'), ('SHLVL', '1'), ('LD_LIBRARY_PATH', '/home/theanh/Robot_Project/AMR_Robot/amr1_ws/install/laser_filters/lib:/home/theanh/ros2_ws1/install/ethercat_manager/lib:/home/theanh/ros2_ws1/install/ethercat_msgs/lib:/home/theanh/ros2_ws1/install/ethercat_generic_cia402_drive/lib:/home/theanh/ros2_ws1/install/ethercat_generic_slave/lib:/home/theanh/ros2_ws1/install/ethercat_driver/lib:/home/theanh/ros2_ws1/install/ethercat_interface/lib:/usr/lib/x86_64-linux-gnu/gazebo-11/plugins:/opt/ros/humble/opt/rviz_ogre_vendor/lib:/opt/ros/humble/lib/x86_64-linux-gnu:/opt/ros/humble/lib'), ('HOME', '/home/theanh'), ('OLDPWD', '/home/theanh'), ('DESKTOP_SESSION', 'ubuntu'), ('ROS_PYTHON_VERSION', '3'), ('GNOME_SHELL_SESSION_MODE', 'ubuntu'), ('GTK_MODULES', 'gail:atk-bridge'), ('LC_MONETARY', 'vi_VN'), ('SYSTEMD_EXEC_PID', '2536'), ('DBUS_SESSION_BUS_ADDRESS', 'unix:path=/run/user/1000/bus'), ('COLORTERM', 'truecolor'), ('IM_CONFIG_PHASE', '1'), ('WAYLAND_DISPLAY', 'wayland-0'), ('COLCON_PREFIX_PATH', '/home/theanh/Robot_Project/AMR_Robot/amr1_ws/install:/home/theanh/ros2_ws1/install:/home/theanh/agv_test_ws/install'), ('ROS_DISTRO', 'humble'), ('LOGNAME', 'theanh'), ('_', '/usr/bin/colcon'), ('ROS_VERSION', '2'), ('XDG_SESSION_CLASS', 'user'), ('USERNAME', 'theanh'), ('TERM', 'xterm-256color'), ('GNOME_DESKTOP_SESSION_ID', 'this-is-deprecated'), ('ROS_LOCALHOST_ONLY', '0'), ('PATH', '/home/theanh/.local/bin:/opt/ros/humble/bin:/usr/local/sbin:/usr/local/bin:/usr/sbin:/usr/bin:/sbin:/bin:/usr/games:/usr/local/games:/snap/bin:/snap/bin'), ('SESSION_MANAGER', 'local/theanh:@/tmp/.ICE-unix/2508,unix/theanh:/tmp/.ICE-unix/2508'), ('XDG_MENU_PREFIX', 'gnome-'), ('LC_ADDRESS', 'vi_VN'), ('GNOME_TERMINAL_SCREEN', '/org/gnome/Terminal/screen/4b04983a_ec98_4e8c_bd8f_84b5b2c8cd8f'), ('GNOME_SETUP_DISPLAY', ':1'), ('XDG_RUNTIME_DIR', '/run/user/1000'), ('DISPLAY', ':0'), ('LANG', 'en_US.UTF-8'), ('XDG_CURRENT_DESKTOP', 'ubuntu:GNOME'), ('LC_TELEPHONE', 'vi_VN'), ('RMW_IMPLEMENTATION', 'rmw_fastrtps_cpp'), ('XMODIFIERS', '@im=ibus'), ('XDG_SESSION_DESKTOP', 'ubuntu'), ('XAUTHORITY', '/run/user/1000/.mutter-Xwaylandauth.ZPOSS3'), ('LS_COLORS', 'rs=0:di=01;34:ln=01;36:mh=00:pi=40;33:so=01;35:do=01;35:bd=40;33;01:cd=40;33;01:or=40;31;01:mi=00:su=37;41:sg=30;43:ca=30;41:tw=30;42:ow=34;42:st=37;44:ex=01;32:*.tar=01;31:*.tgz=01;31:*.arc=01;31:*.arj=01;31:*.taz=01;31:*.lha=01;31:*.lz4=01;31:*.lzh=01;31:*.lzma=01;31:*.tlz=01;31:*.txz=01;31:*.tzo=01;31:*.t7z=01;31:*.zip=01;31:*.z=01;31:*.dz=01;31:*.gz=01;31:*.lrz=01;31:*.lz=01;31:*.lzo=01;31:*.xz=01;31:*.zst=01;31:*.tzst=01;31:*.bz2=01;31:*.bz=01;31:*.tbz=01;31:*.tbz2=01;31:*.tz=01;31:*.deb=01;31:*.rpm=01;31:*.jar=01;31:*.war=01;31:*.ear=01;31:*.sar=01;31:*.rar=01;31:*.alz=01;31:*.ace=01;31:*.zoo=01;31:*.cpio=01;31:*.7z=01;31:*.rz=01;31:*.cab=01;31:*.wim=01;31:*.swm=01;31:*.dwm=01;31:*.esd=01;31:*.jpg=01;35:*.jpeg=01;35:*.mjpg=01;35:*.mjpeg=01;35:*.gif=01;35:*.bmp=01;35:*.pbm=01;35:*.pgm=01;35:*.ppm=01;35:*.tga=01;35:*.xbm=01;35:*.xpm=01;35:*.tif=01;35:*.tiff=01;35:*.png=01;35:*.svg=01;35:*.svgz=01;35:*.mng=01;35:*.pcx=01;35:*.mov=01;35:*.mpg=01;35:*.mpeg=01;35:*.m2v=01;35:*.mkv=01;35:*.webm=01;35:*.webp=01;35:*.ogm=01;35:*.mp4=01;35:*.m4v=01;35:*.mp4v=01;35:*.vob=01;35:*.qt=01;35:*.nuv=01;35:*.wmv=01;35:*.asf=01;35:*.rm=01;35:*.rmvb=01;35:*.flc=01;35:*.avi=01;35:*.fli=01;35:*.flv=01;35:*.gl=01;35:*.dl=01;35:*.xcf=01;35:*.xwd=01;35:*.yuv=01;35:*.cgm=01;35:*.emf=01;35:*.ogv=01;35:*.ogx=01;35:*.aac=00;36:*.au=00;36:*.flac=00;36:*.m4a=00;36:*.mid=00;36:*.midi=00;36:*.mka=00;36:*.mp3=00;36:*.mpc=00;36:*.ogg=00;36:*.ra=00;36:*.wav=00;36:*.oga=00;36:*.opus=00;36:*.spx=00;36:*.xspf=00;36:'), ('GNOME_TERMINAL_SERVICE', ':1.115'), ('SSH_AGENT_LAUNCHER', 'gnome-keyring'), ('SSH_AUTH_SOCK', '/run/user/1000/keyring/ssh'), ('AMENT_PREFIX_PATH', '/home/theanh/Robot_Project/AMR_Robot/amr1_ws/install/sllidar_ros2:/home/theanh/Robot_Project/AMR_Robot/amr1_ws/install/laser_filters:/home/theanh/Robot_Project/AMR_Robot/amr1_ws/install/amr_sim_pkg:/home/theanh/Robot_Project/AMR_Robot/amr1_ws/install/amr_reality_pkg:/home/theanh/ros2_ws1/install/ros2_qt1_demo:/home/theanh/ros2_ws1/install/ethercat_manager:/home/theanh/ros2_ws1/install/control_one_motor_pkg_ex:/home/theanh/ros2_ws1/install/ethercat_msgs:/home/theanh/ros2_ws1/install/ethercat_generic_cia402_drive:/home/theanh/ros2_ws1/install/ethercat_generic_slave:/home/theanh/ros2_ws1/install/ethercat_driver_ros2:/home/theanh/ros2_ws1/install/ethercat_driver:/home/theanh/ros2_ws1/install/ethercat_interface:/home/theanh/agv_test_ws/install/sllidar_ros2:/home/theanh/agv_test_ws/install/agv_test_pkg:/opt/ros/humble'), ('SHELL', '/bin/bash'), ('LC_NAME', 'vi_VN'), ('QT_ACCESSIBILITY', '1'), ('GDMSESSION', 'ubuntu'), ('LESSCLOSE', '/usr/bin/lesspipe %s %s'), ('LC_MEASUREMENT', 'vi_VN'), ('LC_IDENTIFICATION', 'vi_VN'), ('QT_IM_MODULE', 'ibus'), ('PWD', '/home/theanh/Robot_Project/AMR_Robot/amr1_ws/build/sllidar_ros2'), ('TURTLEBOT3_MODEL', 'waffle'), ('LC_ALL', 'en_US.UTF-8'), ('XDG_CONFIG_DIRS', '/etc/xdg/xdg-ubuntu:/etc/xdg'), ('XDG_DATA_DIRS', '/usr/share/ubuntu:/home/theanh/.local/share/flatpak/exports/share:/var/lib/flatpak/exports/share:/usr/local/share/:/usr/share/:/var/lib/snapd/desktop'), ('PYTHONPATH', '/home/theanh/ros2_ws1/install/ethercat_msgs/local/lib/python3.10/dist-packages:/opt/ros/humble/lib/python3.10/site-packages:/opt/ros/humble/local/lib/python3.10/dist-packages'), ('LC_NUMERIC', 'vi_VN'), ('LC_PAPER', 'vi_VN'), ('COLCON', '1'), ('VTE_VERSION', '6800'), ('CMAKE_PREFIX_PATH', '/home/theanh/Robot_Project/AMR_Robot/amr1_ws/install/sllidar_ros2:/home/theanh/Robot_Project/AMR_Robot/amr1_ws/install/laser_filters:/home/theanh/Robot_Project/AMR_Robot/amr1_ws/install/amr_sim_pkg:/home/theanh/Robot_Project/AMR_Robot/amr1_ws/install/amr_reality_pkg:/home/theanh/ros2_ws1/install/ros2_qt1_demo:/home/theanh/ros2_ws1/install/ethercat_manager:/home/theanh/ros2_ws1/install/control_one_motor_pkg_ex:/home/theanh/ros2_ws1/install/ethercat_msgs:/home/theanh/ros2_ws1/install/ethercat_generic_cia402_drive:/home/theanh/ros2_ws1/install/ethercat_generic_slave:/home/theanh/ros2_ws1/install/ethercat_driver_ros2:/home/theanh/ros2_ws1/install/ethercat_driver:/home/theanh/ros2_ws1/install/ethercat_interface:/home/theanh/agv_test_ws/install/sllidar_ros2:/home/theanh/agv_test_ws/install/agv_test_pkg:/opt/ros/humble')]), 'shell': False}
[5.410173] (-) TimerEvent: {}
[5.455958] (sllidar_ros2) StdoutLine: {'line': b'[  5%] \x1b[32mBuilding CXX object CMakeFiles/sllidar_client.dir/src/sllidar_client.cpp.o\x1b[0m\n'}
[5.461423] (sllidar_ros2) StdoutLine: {'line': b'[ 10%] \x1b[32mBuilding CXX object CMakeFiles/sllidar_node.dir/sdk/src/sl_async_transceiver.cpp.o\x1b[0m\n'}
[5.461662] (sllidar_ros2) StdoutLine: {'line': b'[ 15%] \x1b[32mBuilding CXX object CMakeFiles/sllidar_node.dir/src/sllidar_node.cpp.o\x1b[0m\n'}
[5.461749] (sllidar_ros2) StdoutLine: {'line': b'[ 25%] \x1b[32mBuilding CXX object CMakeFiles/sllidar_node.dir/sdk/src/arch/linux/net_socket.cpp.o\x1b[0m\n'}
[5.461829] (sllidar_ros2) StdoutLine: {'line': b'[ 30%] \x1b[32mBuilding CXX object CMakeFiles/sllidar_node.dir/sdk/src/arch/linux/net_serial.cpp.o\x1b[0m\n'}
[5.461901] (sllidar_ros2) StdoutLine: {'line': b'[ 35%] \x1b[32mBuilding CXX object CMakeFiles/sllidar_node.dir/sdk/src/dataunpacker/unpacker/handler_capsules.cpp.o\x1b[0m\n'}
[5.461986] (sllidar_ros2) StdoutLine: {'line': b'[ 35%] \x1b[32mBuilding CXX object CMakeFiles/sllidar_node.dir/sdk/src/arch/linux/timer.cpp.o\x1b[0m\n'}
[5.462067] (sllidar_ros2) StdoutLine: {'line': b'[ 40%] \x1b[32mBuilding CXX object CMakeFiles/sllidar_node.dir/sdk/src/hal/thread.cpp.o\x1b[0m\n'}
[5.462206] (sllidar_ros2) StdoutLine: {'line': b'[ 45%] \x1b[32mBuilding CXX object CMakeFiles/sllidar_node.dir/sdk/src/rplidar_driver.cpp.o\x1b[0m\n'}
[5.462294] (sllidar_ros2) StdoutLine: {'line': b'[ 55%] \x1b[32mBuilding CXX object CMakeFiles/sllidar_node.dir/sdk/src/sl_crc.cpp.o\x1b[0m\n'}
[5.462364] (sllidar_ros2) StdoutLine: {'line': b'[ 55%] \x1b[32mBuilding CXX object CMakeFiles/sllidar_node.dir/sdk/src/dataunpacker/dataunpacker.cpp.o\x1b[0m\n'}
[5.462519] (sllidar_ros2) StdoutLine: {'line': b'[ 60%] \x1b[32mBuilding CXX object CMakeFiles/sllidar_node.dir/sdk/src/dataunpacker/unpacker/handler_normalnode.cpp.o\x1b[0m\n'}
[5.464124] (sllidar_ros2) StdoutLine: {'line': b'[ 70%] \x1b[32mBuilding CXX object CMakeFiles/sllidar_node.dir/sdk/src/dataunpacker/unpacker/handler_hqnode.cpp.o\x1b[0m\n'}
[5.464316] (sllidar_ros2) StdoutLine: {'line': b'[ 70%] \x1b[32mBuilding CXX object CMakeFiles/sllidar_node.dir/sdk/src/sl_lidar_driver.cpp.o\x1b[0m\n'}
[5.464478] (sllidar_ros2) StdoutLine: {'line': b'[ 75%] \x1b[32mBuilding CXX object CMakeFiles/sllidar_node.dir/sdk/src/sl_lidarprotocol_codec.cpp.o\x1b[0m\n'}
[5.510257] (-) TimerEvent: {}
[5.610537] (-) TimerEvent: {}
[5.710814] (-) TimerEvent: {}
[5.811093] (-) TimerEvent: {}
[5.822200] (sllidar_ros2) StderrLine: {'line': b'In file included from \x1b[01m\x1b[K/home/theanh/Robot_Project/AMR_Robot/amr1_ws/src/sllidar_ros2/./sdk/include/sl_lidar_cmd.h:41\x1b[m\x1b[K,\n'}
[5.822402] (sllidar_ros2) StderrLine: {'line': b'                 from \x1b[01m\x1b[K/home/theanh/Robot_Project/AMR_Robot/amr1_ws/src/sllidar_ros2/./sdk/include/sl_crc.h:36\x1b[m\x1b[K,\n'}
[5.822476] (sllidar_ros2) StderrLine: {'line': b'                 from \x1b[01m\x1b[K/home/theanh/Robot_Project/AMR_Robot/amr1_ws/src/sllidar_ros2/sdk/src/sl_crc.cpp:33\x1b[m\x1b[K:\n'}
[5.822546] (sllidar_ros2) StderrLine: {'line': b'\x1b[01m\x1b[K/home/theanh/Robot_Project/AMR_Robot/amr1_ws/src/sllidar_ros2/./sdk/include/sl_lidar_protocol.h:66:16:\x1b[m\x1b[K \x1b[01;35m\x1b[Kwarning: \x1b[m\x1b[KISO C++ forbids zero-size array \xe2\x80\x98\x1b[01m\x1b[Kdata\x1b[m\x1b[K\xe2\x80\x99 [\x1b[01;35m\x1b[K\x1b]8;;https://gcc.gnu.org/onlinedocs/gcc/Warning-Options.html#index-Wpedantic\x07-Wpedantic\x1b]8;;\x07\x1b[m\x1b[K]\n'}
[5.822628] (sllidar_ros2) StderrLine: {'line': b'   66 |     sl_u8 data[\x1b[01;35m\x1b[K0\x1b[m\x1b[K];\n'}
[5.822752] (sllidar_ros2) StderrLine: {'line': b'      |                \x1b[01;35m\x1b[K^\x1b[m\x1b[K\n'}
[5.822822] (amr_reality_pkg) StdoutLine: {'line': b'-- Found canopen_base_driver: 0.2.13 (/opt/ros/humble/share/canopen_base_driver/cmake)\n'}
[5.833852] (sllidar_ros2) StderrLine: {'line': b'In file included from \x1b[01m\x1b[K/home/theanh/Robot_Project/AMR_Robot/amr1_ws/src/sllidar_ros2/./sdk/include/sl_crc.h:36\x1b[m\x1b[K,\n'}
[5.833950] (sllidar_ros2) StderrLine: {'line': b'                 from \x1b[01m\x1b[K/home/theanh/Robot_Project/AMR_Robot/amr1_ws/src/sllidar_ros2/sdk/src/sl_crc.cpp:33\x1b[m\x1b[K:\n'}
[5.834010] (sllidar_ros2) StderrLine: {'line': b'\x1b[01m\x1b[K/home/theanh/Robot_Project/AMR_Robot/amr1_ws/src/sllidar_ros2/./sdk/include/sl_lidar_cmd.h:324:20:\x1b[m\x1b[K \x1b[01;35m\x1b[Kwarning: \x1b[m\x1b[KISO C++ forbids zero-size array \xe2\x80\x98\x1b[01m\x1b[Kpayload\x1b[m\x1b[K\xe2\x80\x99 [\x1b[01;35m\x1b[K\x1b]8;;https://gcc.gnu.org/onlinedocs/gcc/Warning-Options.html#index-Wpedantic\x07-Wpedantic\x1b]8;;\x07\x1b[m\x1b[K]\n'}
[5.834063] (sllidar_ros2) StderrLine: {'line': b'  324 |     sl_u8  payload[\x1b[01;35m\x1b[K0\x1b[m\x1b[K];\n'}
[5.834112] (sllidar_ros2) StderrLine: {'line': b'      |                    \x1b[01;35m\x1b[K^\x1b[m\x1b[K\n'}
[5.837164] (laser_filters) StdoutLine: {'line': b'-- Found Eigen3: TRUE (found version "3.4.0") \n'}
[5.837307] (laser_filters) StdoutLine: {'line': b'-- Ensuring Eigen3 include directory is part of orocos-kdl CMake target\n'}
[5.911205] (-) TimerEvent: {}
[5.983766] (amr_reality_pkg) StdoutLine: {'line': b'-- Found canopen_proxy_driver: 0.2.13 (/opt/ros/humble/share/canopen_proxy_driver/cmake)\n'}
[6.011277] (-) TimerEvent: {}
[6.034880] (sllidar_ros2) StdoutLine: {'line': b'[ 80%] \x1b[32mBuilding CXX object CMakeFiles/sllidar_node.dir/sdk/src/sl_serial_channel.cpp.o\x1b[0m\n'}
[6.062988] (amr_reality_pkg) StdoutLine: {'line': b'-- Found ament_lint_auto: 0.12.15 (/opt/ros/humble/share/ament_lint_auto/cmake)\n'}
[6.111372] (-) TimerEvent: {}
[6.211651] (-) TimerEvent: {}
[6.311966] (-) TimerEvent: {}
[6.412318] (-) TimerEvent: {}
[6.512647] (-) TimerEvent: {}
[6.557839] (amr_reality_pkg) StdoutLine: {'line': b"-- Added test 'flake8' to check Python code syntax and style conventions\n"}
[6.612721] (-) TimerEvent: {}
[6.641683] (amr_reality_pkg) StdoutLine: {'line': b"-- Added test 'lint_cmake' to check CMake code style\n"}
[6.643098] (amr_reality_pkg) StdoutLine: {'line': b"-- Added test 'pep257' to check Python code against some of the docstring style conventions in PEP 257\n"}
[6.647377] (amr_reality_pkg) StdoutLine: {'line': b"-- Added test 'xmllint' to check XML markup files\n"}
[6.650146] (amr_reality_pkg) StdoutLine: {'line': b'-- Configuring done\n'}
[6.658330] (amr_reality_pkg) StdoutLine: {'line': b'-- Generating done\n'}
[6.661616] (amr_reality_pkg) StdoutLine: {'line': b'-- Build files have been written to: /home/theanh/Robot_Project/AMR_Robot/amr1_ws/build/amr_reality_pkg\n'}
[6.672925] (amr_reality_pkg) CommandEnded: {'returncode': 0}
[6.673452] (amr_reality_pkg) JobProgress: {'identifier': 'amr_reality_pkg', 'progress': 'build'}
[6.673688] (amr_reality_pkg) Command: {'cmd': ['/usr/bin/cmake', '--build', '/home/theanh/Robot_Project/AMR_Robot/amr1_ws/build/amr_reality_pkg', '--', '-j15', '-l15'], 'cwd': '/home/theanh/Robot_Project/AMR_Robot/amr1_ws/build/amr_reality_pkg', 'env': OrderedDict([('LESSOPEN', '| /usr/bin/lesspipe %s'), ('USER', 'theanh'), ('LC_TIME', 'vi_VN'), ('XDG_SESSION_TYPE', 'wayland'), ('SHLVL', '1'), ('LD_LIBRARY_PATH', '/home/theanh/Robot_Project/AMR_Robot/amr1_ws/install/laser_filters/lib:/home/theanh/ros2_ws1/install/ethercat_manager/lib:/home/theanh/ros2_ws1/install/ethercat_msgs/lib:/home/theanh/ros2_ws1/install/ethercat_generic_cia402_drive/lib:/home/theanh/ros2_ws1/install/ethercat_generic_slave/lib:/home/theanh/ros2_ws1/install/ethercat_driver/lib:/home/theanh/ros2_ws1/install/ethercat_interface/lib:/usr/lib/x86_64-linux-gnu/gazebo-11/plugins:/opt/ros/humble/opt/rviz_ogre_vendor/lib:/opt/ros/humble/lib/x86_64-linux-gnu:/opt/ros/humble/lib'), ('HOME', '/home/theanh'), ('OLDPWD', '/home/theanh'), ('DESKTOP_SESSION', 'ubuntu'), ('ROS_PYTHON_VERSION', '3'), ('GNOME_SHELL_SESSION_MODE', 'ubuntu'), ('GTK_MODULES', 'gail:atk-bridge'), ('LC_MONETARY', 'vi_VN'), ('SYSTEMD_EXEC_PID', '2536'), ('DBUS_SESSION_BUS_ADDRESS', 'unix:path=/run/user/1000/bus'), ('COLORTERM', 'truecolor'), ('IM_CONFIG_PHASE', '1'), ('WAYLAND_DISPLAY', 'wayland-0'), ('COLCON_PREFIX_PATH', '/home/theanh/Robot_Project/AMR_Robot/amr1_ws/install:/home/theanh/ros2_ws1/install:/home/theanh/agv_test_ws/install'), ('ROS_DISTRO', 'humble'), ('LOGNAME', 'theanh'), ('_', '/usr/bin/colcon'), ('ROS_VERSION', '2'), ('XDG_SESSION_CLASS', 'user'), ('USERNAME', 'theanh'), ('TERM', 'xterm-256color'), ('GNOME_DESKTOP_SESSION_ID', 'this-is-deprecated'), ('ROS_LOCALHOST_ONLY', '0'), ('PATH', '/home/theanh/.local/bin:/opt/ros/humble/bin:/usr/local/sbin:/usr/local/bin:/usr/sbin:/usr/bin:/sbin:/bin:/usr/games:/usr/local/games:/snap/bin:/snap/bin'), ('SESSION_MANAGER', 'local/theanh:@/tmp/.ICE-unix/2508,unix/theanh:/tmp/.ICE-unix/2508'), ('XDG_MENU_PREFIX', 'gnome-'), ('LC_ADDRESS', 'vi_VN'), ('GNOME_TERMINAL_SCREEN', '/org/gnome/Terminal/screen/4b04983a_ec98_4e8c_bd8f_84b5b2c8cd8f'), ('GNOME_SETUP_DISPLAY', ':1'), ('XDG_RUNTIME_DIR', '/run/user/1000'), ('DISPLAY', ':0'), ('LANG', 'en_US.UTF-8'), ('XDG_CURRENT_DESKTOP', 'ubuntu:GNOME'), ('LC_TELEPHONE', 'vi_VN'), ('RMW_IMPLEMENTATION', 'rmw_fastrtps_cpp'), ('XMODIFIERS', '@im=ibus'), ('XDG_SESSION_DESKTOP', 'ubuntu'), ('XAUTHORITY', '/run/user/1000/.mutter-Xwaylandauth.ZPOSS3'), ('LS_COLORS', 'rs=0:di=01;34:ln=01;36:mh=00:pi=40;33:so=01;35:do=01;35:bd=40;33;01:cd=40;33;01:or=40;31;01:mi=00:su=37;41:sg=30;43:ca=30;41:tw=30;42:ow=34;42:st=37;44:ex=01;32:*.tar=01;31:*.tgz=01;31:*.arc=01;31:*.arj=01;31:*.taz=01;31:*.lha=01;31:*.lz4=01;31:*.lzh=01;31:*.lzma=01;31:*.tlz=01;31:*.txz=01;31:*.tzo=01;31:*.t7z=01;31:*.zip=01;31:*.z=01;31:*.dz=01;31:*.gz=01;31:*.lrz=01;31:*.lz=01;31:*.lzo=01;31:*.xz=01;31:*.zst=01;31:*.tzst=01;31:*.bz2=01;31:*.bz=01;31:*.tbz=01;31:*.tbz2=01;31:*.tz=01;31:*.deb=01;31:*.rpm=01;31:*.jar=01;31:*.war=01;31:*.ear=01;31:*.sar=01;31:*.rar=01;31:*.alz=01;31:*.ace=01;31:*.zoo=01;31:*.cpio=01;31:*.7z=01;31:*.rz=01;31:*.cab=01;31:*.wim=01;31:*.swm=01;31:*.dwm=01;31:*.esd=01;31:*.jpg=01;35:*.jpeg=01;35:*.mjpg=01;35:*.mjpeg=01;35:*.gif=01;35:*.bmp=01;35:*.pbm=01;35:*.pgm=01;35:*.ppm=01;35:*.tga=01;35:*.xbm=01;35:*.xpm=01;35:*.tif=01;35:*.tiff=01;35:*.png=01;35:*.svg=01;35:*.svgz=01;35:*.mng=01;35:*.pcx=01;35:*.mov=01;35:*.mpg=01;35:*.mpeg=01;35:*.m2v=01;35:*.mkv=01;35:*.webm=01;35:*.webp=01;35:*.ogm=01;35:*.mp4=01;35:*.m4v=01;35:*.mp4v=01;35:*.vob=01;35:*.qt=01;35:*.nuv=01;35:*.wmv=01;35:*.asf=01;35:*.rm=01;35:*.rmvb=01;35:*.flc=01;35:*.avi=01;35:*.fli=01;35:*.flv=01;35:*.gl=01;35:*.dl=01;35:*.xcf=01;35:*.xwd=01;35:*.yuv=01;35:*.cgm=01;35:*.emf=01;35:*.ogv=01;35:*.ogx=01;35:*.aac=00;36:*.au=00;36:*.flac=00;36:*.m4a=00;36:*.mid=00;36:*.midi=00;36:*.mka=00;36:*.mp3=00;36:*.mpc=00;36:*.ogg=00;36:*.ra=00;36:*.wav=00;36:*.oga=00;36:*.opus=00;36:*.spx=00;36:*.xspf=00;36:'), ('GNOME_TERMINAL_SERVICE', ':1.115'), ('SSH_AGENT_LAUNCHER', 'gnome-keyring'), ('SSH_AUTH_SOCK', '/run/user/1000/keyring/ssh'), ('AMENT_PREFIX_PATH', '/home/theanh/Robot_Project/AMR_Robot/amr1_ws/install/sllidar_ros2:/home/theanh/Robot_Project/AMR_Robot/amr1_ws/install/laser_filters:/home/theanh/Robot_Project/AMR_Robot/amr1_ws/install/amr_sim_pkg:/home/theanh/Robot_Project/AMR_Robot/amr1_ws/install/amr_reality_pkg:/home/theanh/ros2_ws1/install/ros2_qt1_demo:/home/theanh/ros2_ws1/install/ethercat_manager:/home/theanh/ros2_ws1/install/control_one_motor_pkg_ex:/home/theanh/ros2_ws1/install/ethercat_msgs:/home/theanh/ros2_ws1/install/ethercat_generic_cia402_drive:/home/theanh/ros2_ws1/install/ethercat_generic_slave:/home/theanh/ros2_ws1/install/ethercat_driver_ros2:/home/theanh/ros2_ws1/install/ethercat_driver:/home/theanh/ros2_ws1/install/ethercat_interface:/home/theanh/agv_test_ws/install/sllidar_ros2:/home/theanh/agv_test_ws/install/agv_test_pkg:/opt/ros/humble'), ('SHELL', '/bin/bash'), ('LC_NAME', 'vi_VN'), ('QT_ACCESSIBILITY', '1'), ('GDMSESSION', 'ubuntu'), ('LESSCLOSE', '/usr/bin/lesspipe %s %s'), ('LC_MEASUREMENT', 'vi_VN'), ('LC_IDENTIFICATION', 'vi_VN'), ('QT_IM_MODULE', 'ibus'), ('PWD', '/home/theanh/Robot_Project/AMR_Robot/amr1_ws/build/amr_reality_pkg'), ('TURTLEBOT3_MODEL', 'waffle'), ('LC_ALL', 'en_US.UTF-8'), ('XDG_CONFIG_DIRS', '/etc/xdg/xdg-ubuntu:/etc/xdg'), ('XDG_DATA_DIRS', '/usr/share/ubuntu:/home/theanh/.local/share/flatpak/exports/share:/var/lib/flatpak/exports/share:/usr/local/share/:/usr/share/:/var/lib/snapd/desktop'), ('PYTHONPATH', '/home/theanh/ros2_ws1/install/ethercat_msgs/local/lib/python3.10/dist-packages:/opt/ros/humble/lib/python3.10/site-packages:/opt/ros/humble/local/lib/python3.10/dist-packages'), ('LC_NUMERIC', 'vi_VN'), ('LC_PAPER', 'vi_VN'), ('COLCON', '1'), ('VTE_VERSION', '6800'), ('CMAKE_PREFIX_PATH', '/home/theanh/Robot_Project/AMR_Robot/amr1_ws/install/sllidar_ros2:/home/theanh/Robot_Project/AMR_Robot/amr1_ws/install/laser_filters:/home/theanh/Robot_Project/AMR_Robot/amr1_ws/install/amr_sim_pkg:/home/theanh/Robot_Project/AMR_Robot/amr1_ws/install/amr_reality_pkg:/home/theanh/ros2_ws1/install/ros2_qt1_demo:/home/theanh/ros2_ws1/install/ethercat_manager:/home/theanh/ros2_ws1/install/control_one_motor_pkg_ex:/home/theanh/ros2_ws1/install/ethercat_msgs:/home/theanh/ros2_ws1/install/ethercat_generic_cia402_drive:/home/theanh/ros2_ws1/install/ethercat_generic_slave:/home/theanh/ros2_ws1/install/ethercat_driver_ros2:/home/theanh/ros2_ws1/install/ethercat_driver:/home/theanh/ros2_ws1/install/ethercat_interface:/home/theanh/agv_test_ws/install/sllidar_ros2:/home/theanh/agv_test_ws/install/agv_test_pkg:/opt/ros/humble')]), 'shell': False}
[6.712824] (-) TimerEvent: {}
[6.744409] (amr_reality_pkg) StdoutLine: {'line': b'Built target robot_control_prepare\n'}
[6.771696] (laser_filters) StderrLine: {'line': b'\x1b[0mIn this package, headers install destination is set to `include` by ament_auto_package. It is recommended to install `include/laser_filters` instead and will be the default behavior of ament_auto_package from ROS 2 Kilted Kaiju. On distributions before Kilted, ament_auto_package behaves the same way when you use USE_SCOPED_HEADER_INSTALL_DIR option.\x1b[0m\n'}
[6.812934] (-) TimerEvent: {}
[6.882583] (laser_filters) StdoutLine: {'line': b'-- Found ament_cmake_gtest: 1.3.14 (/opt/ros/humble/share/ament_cmake_gtest/cmake)\n'}
[6.913044] (-) TimerEvent: {}
[6.920202] (laser_filters) StdoutLine: {'line': b"-- Found gtest sources under '/opt/ros/humble/src/gtest_vendor': C++ tests using 'Google Test' will be built\n"}
[6.968583] (amr_sim_pkg) StdoutLine: {'line': b'-- Found xacro: 2.1.1 (/opt/ros/humble/share/xacro/cmake)\n'}
[6.969090] (laser_filters) StdoutLine: {'line': b'-- Found launch_testing_ament_cmake: 1.0.14 (/opt/ros/humble/share/launch_testing_ament_cmake/cmake)\n'}
[6.974973] (amr_sim_pkg) StdoutLine: {'line': b'-- Found ament_lint_auto: 0.12.15 (/opt/ros/humble/share/ament_lint_auto/cmake)\n'}
[7.004590] (laser_filters) StdoutLine: {'line': b'-- Found python_cmake_module: 0.10.0 (/opt/ros/humble/share/python_cmake_module/cmake)\n'}
[7.013116] (-) TimerEvent: {}
[7.074165] (amr_sim_pkg) StdoutLine: {'line': b"-- Added test 'flake8' to check Python code syntax and style conventions\n"}
[7.075292] (amr_sim_pkg) StdoutLine: {'line': b"-- Added test 'lint_cmake' to check CMake code style\n"}
[7.076178] (amr_sim_pkg) StdoutLine: {'line': b"-- Added test 'pep257' to check Python code against some of the docstring style conventions in PEP 257\n"}
[7.078975] (amr_sim_pkg) StdoutLine: {'line': b"-- Added test 'xmllint' to check XML markup files\n"}
[7.081826] (amr_sim_pkg) StdoutLine: {'line': b'-- Configuring done\n'}
[7.091528] (amr_sim_pkg) StdoutLine: {'line': b'-- Generating done\n'}
[7.096109] (amr_sim_pkg) StdoutLine: {'line': b'-- Build files have been written to: /home/theanh/Robot_Project/AMR_Robot/amr1_ws/build/amr_sim_pkg\n'}
[7.106785] (laser_filters) StdoutLine: {'line': b'-- Found PythonInterp: /usr/bin/python3 (found suitable version "3.10.12", minimum required is "3.6") \n'}
[7.109373] (amr_sim_pkg) CommandEnded: {'returncode': 0}
[7.109876] (amr_sim_pkg) JobProgress: {'identifier': 'amr_sim_pkg', 'progress': 'build'}
[7.110336] (amr_sim_pkg) Command: {'cmd': ['/usr/bin/cmake', '--build', '/home/theanh/Robot_Project/AMR_Robot/amr1_ws/build/amr_sim_pkg', '--', '-j15', '-l15'], 'cwd': '/home/theanh/Robot_Project/AMR_Robot/amr1_ws/build/amr_sim_pkg', 'env': OrderedDict([('LESSOPEN', '| /usr/bin/lesspipe %s'), ('USER', 'theanh'), ('LC_TIME', 'vi_VN'), ('XDG_SESSION_TYPE', 'wayland'), ('SHLVL', '1'), ('LD_LIBRARY_PATH', '/home/theanh/Robot_Project/AMR_Robot/amr1_ws/install/laser_filters/lib:/home/theanh/ros2_ws1/install/ethercat_manager/lib:/home/theanh/ros2_ws1/install/ethercat_msgs/lib:/home/theanh/ros2_ws1/install/ethercat_generic_cia402_drive/lib:/home/theanh/ros2_ws1/install/ethercat_generic_slave/lib:/home/theanh/ros2_ws1/install/ethercat_driver/lib:/home/theanh/ros2_ws1/install/ethercat_interface/lib:/usr/lib/x86_64-linux-gnu/gazebo-11/plugins:/opt/ros/humble/opt/rviz_ogre_vendor/lib:/opt/ros/humble/lib/x86_64-linux-gnu:/opt/ros/humble/lib'), ('HOME', '/home/theanh'), ('OLDPWD', '/home/theanh'), ('DESKTOP_SESSION', 'ubuntu'), ('ROS_PYTHON_VERSION', '3'), ('GNOME_SHELL_SESSION_MODE', 'ubuntu'), ('GTK_MODULES', 'gail:atk-bridge'), ('LC_MONETARY', 'vi_VN'), ('SYSTEMD_EXEC_PID', '2536'), ('DBUS_SESSION_BUS_ADDRESS', 'unix:path=/run/user/1000/bus'), ('COLORTERM', 'truecolor'), ('IM_CONFIG_PHASE', '1'), ('WAYLAND_DISPLAY', 'wayland-0'), ('COLCON_PREFIX_PATH', '/home/theanh/Robot_Project/AMR_Robot/amr1_ws/install:/home/theanh/ros2_ws1/install:/home/theanh/agv_test_ws/install'), ('ROS_DISTRO', 'humble'), ('LOGNAME', 'theanh'), ('_', '/usr/bin/colcon'), ('ROS_VERSION', '2'), ('XDG_SESSION_CLASS', 'user'), ('USERNAME', 'theanh'), ('TERM', 'xterm-256color'), ('GNOME_DESKTOP_SESSION_ID', 'this-is-deprecated'), ('ROS_LOCALHOST_ONLY', '0'), ('PATH', '/home/theanh/.local/bin:/opt/ros/humble/bin:/usr/local/sbin:/usr/local/bin:/usr/sbin:/usr/bin:/sbin:/bin:/usr/games:/usr/local/games:/snap/bin:/snap/bin'), ('SESSION_MANAGER', 'local/theanh:@/tmp/.ICE-unix/2508,unix/theanh:/tmp/.ICE-unix/2508'), ('XDG_MENU_PREFIX', 'gnome-'), ('LC_ADDRESS', 'vi_VN'), ('GNOME_TERMINAL_SCREEN', '/org/gnome/Terminal/screen/4b04983a_ec98_4e8c_bd8f_84b5b2c8cd8f'), ('GNOME_SETUP_DISPLAY', ':1'), ('XDG_RUNTIME_DIR', '/run/user/1000'), ('DISPLAY', ':0'), ('LANG', 'en_US.UTF-8'), ('XDG_CURRENT_DESKTOP', 'ubuntu:GNOME'), ('LC_TELEPHONE', 'vi_VN'), ('RMW_IMPLEMENTATION', 'rmw_fastrtps_cpp'), ('XMODIFIERS', '@im=ibus'), ('XDG_SESSION_DESKTOP', 'ubuntu'), ('XAUTHORITY', '/run/user/1000/.mutter-Xwaylandauth.ZPOSS3'), ('LS_COLORS', 'rs=0:di=01;34:ln=01;36:mh=00:pi=40;33:so=01;35:do=01;35:bd=40;33;01:cd=40;33;01:or=40;31;01:mi=00:su=37;41:sg=30;43:ca=30;41:tw=30;42:ow=34;42:st=37;44:ex=01;32:*.tar=01;31:*.tgz=01;31:*.arc=01;31:*.arj=01;31:*.taz=01;31:*.lha=01;31:*.lz4=01;31:*.lzh=01;31:*.lzma=01;31:*.tlz=01;31:*.txz=01;31:*.tzo=01;31:*.t7z=01;31:*.zip=01;31:*.z=01;31:*.dz=01;31:*.gz=01;31:*.lrz=01;31:*.lz=01;31:*.lzo=01;31:*.xz=01;31:*.zst=01;31:*.tzst=01;31:*.bz2=01;31:*.bz=01;31:*.tbz=01;31:*.tbz2=01;31:*.tz=01;31:*.deb=01;31:*.rpm=01;31:*.jar=01;31:*.war=01;31:*.ear=01;31:*.sar=01;31:*.rar=01;31:*.alz=01;31:*.ace=01;31:*.zoo=01;31:*.cpio=01;31:*.7z=01;31:*.rz=01;31:*.cab=01;31:*.wim=01;31:*.swm=01;31:*.dwm=01;31:*.esd=01;31:*.jpg=01;35:*.jpeg=01;35:*.mjpg=01;35:*.mjpeg=01;35:*.gif=01;35:*.bmp=01;35:*.pbm=01;35:*.pgm=01;35:*.ppm=01;35:*.tga=01;35:*.xbm=01;35:*.xpm=01;35:*.tif=01;35:*.tiff=01;35:*.png=01;35:*.svg=01;35:*.svgz=01;35:*.mng=01;35:*.pcx=01;35:*.mov=01;35:*.mpg=01;35:*.mpeg=01;35:*.m2v=01;35:*.mkv=01;35:*.webm=01;35:*.webp=01;35:*.ogm=01;35:*.mp4=01;35:*.m4v=01;35:*.mp4v=01;35:*.vob=01;35:*.qt=01;35:*.nuv=01;35:*.wmv=01;35:*.asf=01;35:*.rm=01;35:*.rmvb=01;35:*.flc=01;35:*.avi=01;35:*.fli=01;35:*.flv=01;35:*.gl=01;35:*.dl=01;35:*.xcf=01;35:*.xwd=01;35:*.yuv=01;35:*.cgm=01;35:*.emf=01;35:*.ogv=01;35:*.ogx=01;35:*.aac=00;36:*.au=00;36:*.flac=00;36:*.m4a=00;36:*.mid=00;36:*.midi=00;36:*.mka=00;36:*.mp3=00;36:*.mpc=00;36:*.ogg=00;36:*.ra=00;36:*.wav=00;36:*.oga=00;36:*.opus=00;36:*.spx=00;36:*.xspf=00;36:'), ('GNOME_TERMINAL_SERVICE', ':1.115'), ('SSH_AGENT_LAUNCHER', 'gnome-keyring'), ('SSH_AUTH_SOCK', '/run/user/1000/keyring/ssh'), ('AMENT_PREFIX_PATH', '/home/theanh/Robot_Project/AMR_Robot/amr1_ws/install/sllidar_ros2:/home/theanh/Robot_Project/AMR_Robot/amr1_ws/install/laser_filters:/home/theanh/Robot_Project/AMR_Robot/amr1_ws/install/amr_sim_pkg:/home/theanh/Robot_Project/AMR_Robot/amr1_ws/install/amr_reality_pkg:/home/theanh/ros2_ws1/install/ros2_qt1_demo:/home/theanh/ros2_ws1/install/ethercat_manager:/home/theanh/ros2_ws1/install/control_one_motor_pkg_ex:/home/theanh/ros2_ws1/install/ethercat_msgs:/home/theanh/ros2_ws1/install/ethercat_generic_cia402_drive:/home/theanh/ros2_ws1/install/ethercat_generic_slave:/home/theanh/ros2_ws1/install/ethercat_driver_ros2:/home/theanh/ros2_ws1/install/ethercat_driver:/home/theanh/ros2_ws1/install/ethercat_interface:/home/theanh/agv_test_ws/install/sllidar_ros2:/home/theanh/agv_test_ws/install/agv_test_pkg:/opt/ros/humble'), ('SHELL', '/bin/bash'), ('LC_NAME', 'vi_VN'), ('QT_ACCESSIBILITY', '1'), ('GDMSESSION', 'ubuntu'), ('LESSCLOSE', '/usr/bin/lesspipe %s %s'), ('LC_MEASUREMENT', 'vi_VN'), ('LC_IDENTIFICATION', 'vi_VN'), ('QT_IM_MODULE', 'ibus'), ('PWD', '/home/theanh/Robot_Project/AMR_Robot/amr1_ws/build/amr_sim_pkg'), ('TURTLEBOT3_MODEL', 'waffle'), ('LC_ALL', 'en_US.UTF-8'), ('XDG_CONFIG_DIRS', '/etc/xdg/xdg-ubuntu:/etc/xdg'), ('XDG_DATA_DIRS', '/usr/share/ubuntu:/home/theanh/.local/share/flatpak/exports/share:/var/lib/flatpak/exports/share:/usr/local/share/:/usr/share/:/var/lib/snapd/desktop'), ('PYTHONPATH', '/home/theanh/ros2_ws1/install/ethercat_msgs/local/lib/python3.10/dist-packages:/opt/ros/humble/lib/python3.10/site-packages:/opt/ros/humble/local/lib/python3.10/dist-packages'), ('LC_NUMERIC', 'vi_VN'), ('LC_PAPER', 'vi_VN'), ('COLCON', '1'), ('VTE_VERSION', '6800'), ('CMAKE_PREFIX_PATH', '/home/theanh/Robot_Project/AMR_Robot/amr1_ws/install/sllidar_ros2:/home/theanh/Robot_Project/AMR_Robot/amr1_ws/install/laser_filters:/home/theanh/Robot_Project/AMR_Robot/amr1_ws/install/amr_sim_pkg:/home/theanh/Robot_Project/AMR_Robot/amr1_ws/install/amr_reality_pkg:/home/theanh/ros2_ws1/install/ros2_qt1_demo:/home/theanh/ros2_ws1/install/ethercat_manager:/home/theanh/ros2_ws1/install/control_one_motor_pkg_ex:/home/theanh/ros2_ws1/install/ethercat_msgs:/home/theanh/ros2_ws1/install/ethercat_generic_cia402_drive:/home/theanh/ros2_ws1/install/ethercat_generic_slave:/home/theanh/ros2_ws1/install/ethercat_driver_ros2:/home/theanh/ros2_ws1/install/ethercat_driver:/home/theanh/ros2_ws1/install/ethercat_interface:/home/theanh/agv_test_ws/install/sllidar_ros2:/home/theanh/agv_test_ws/install/agv_test_pkg:/opt/ros/humble')]), 'shell': False}
[7.113186] (-) TimerEvent: {}
[7.169520] (amr_sim_pkg) CommandEnded: {'returncode': 0}
[7.170093] (amr_sim_pkg) JobProgress: {'identifier': 'amr_sim_pkg', 'progress': 'install'}
[7.180697] (amr_sim_pkg) Command: {'cmd': ['/usr/bin/cmake', '--install', '/home/theanh/Robot_Project/AMR_Robot/amr1_ws/build/amr_sim_pkg'], 'cwd': '/home/theanh/Robot_Project/AMR_Robot/amr1_ws/build/amr_sim_pkg', 'env': OrderedDict([('LESSOPEN', '| /usr/bin/lesspipe %s'), ('USER', 'theanh'), ('LC_TIME', 'vi_VN'), ('XDG_SESSION_TYPE', 'wayland'), ('SHLVL', '1'), ('LD_LIBRARY_PATH', '/home/theanh/Robot_Project/AMR_Robot/amr1_ws/install/laser_filters/lib:/home/theanh/ros2_ws1/install/ethercat_manager/lib:/home/theanh/ros2_ws1/install/ethercat_msgs/lib:/home/theanh/ros2_ws1/install/ethercat_generic_cia402_drive/lib:/home/theanh/ros2_ws1/install/ethercat_generic_slave/lib:/home/theanh/ros2_ws1/install/ethercat_driver/lib:/home/theanh/ros2_ws1/install/ethercat_interface/lib:/usr/lib/x86_64-linux-gnu/gazebo-11/plugins:/opt/ros/humble/opt/rviz_ogre_vendor/lib:/opt/ros/humble/lib/x86_64-linux-gnu:/opt/ros/humble/lib'), ('HOME', '/home/theanh'), ('OLDPWD', '/home/theanh'), ('DESKTOP_SESSION', 'ubuntu'), ('ROS_PYTHON_VERSION', '3'), ('GNOME_SHELL_SESSION_MODE', 'ubuntu'), ('GTK_MODULES', 'gail:atk-bridge'), ('LC_MONETARY', 'vi_VN'), ('SYSTEMD_EXEC_PID', '2536'), ('DBUS_SESSION_BUS_ADDRESS', 'unix:path=/run/user/1000/bus'), ('COLORTERM', 'truecolor'), ('IM_CONFIG_PHASE', '1'), ('WAYLAND_DISPLAY', 'wayland-0'), ('COLCON_PREFIX_PATH', '/home/theanh/Robot_Project/AMR_Robot/amr1_ws/install:/home/theanh/ros2_ws1/install:/home/theanh/agv_test_ws/install'), ('ROS_DISTRO', 'humble'), ('LOGNAME', 'theanh'), ('_', '/usr/bin/colcon'), ('ROS_VERSION', '2'), ('XDG_SESSION_CLASS', 'user'), ('USERNAME', 'theanh'), ('TERM', 'xterm-256color'), ('GNOME_DESKTOP_SESSION_ID', 'this-is-deprecated'), ('ROS_LOCALHOST_ONLY', '0'), ('PATH', '/home/theanh/.local/bin:/opt/ros/humble/bin:/usr/local/sbin:/usr/local/bin:/usr/sbin:/usr/bin:/sbin:/bin:/usr/games:/usr/local/games:/snap/bin:/snap/bin'), ('SESSION_MANAGER', 'local/theanh:@/tmp/.ICE-unix/2508,unix/theanh:/tmp/.ICE-unix/2508'), ('XDG_MENU_PREFIX', 'gnome-'), ('LC_ADDRESS', 'vi_VN'), ('GNOME_TERMINAL_SCREEN', '/org/gnome/Terminal/screen/4b04983a_ec98_4e8c_bd8f_84b5b2c8cd8f'), ('GNOME_SETUP_DISPLAY', ':1'), ('XDG_RUNTIME_DIR', '/run/user/1000'), ('DISPLAY', ':0'), ('LANG', 'en_US.UTF-8'), ('XDG_CURRENT_DESKTOP', 'ubuntu:GNOME'), ('LC_TELEPHONE', 'vi_VN'), ('RMW_IMPLEMENTATION', 'rmw_fastrtps_cpp'), ('XMODIFIERS', '@im=ibus'), ('XDG_SESSION_DESKTOP', 'ubuntu'), ('XAUTHORITY', '/run/user/1000/.mutter-Xwaylandauth.ZPOSS3'), ('LS_COLORS', 'rs=0:di=01;34:ln=01;36:mh=00:pi=40;33:so=01;35:do=01;35:bd=40;33;01:cd=40;33;01:or=40;31;01:mi=00:su=37;41:sg=30;43:ca=30;41:tw=30;42:ow=34;42:st=37;44:ex=01;32:*.tar=01;31:*.tgz=01;31:*.arc=01;31:*.arj=01;31:*.taz=01;31:*.lha=01;31:*.lz4=01;31:*.lzh=01;31:*.lzma=01;31:*.tlz=01;31:*.txz=01;31:*.tzo=01;31:*.t7z=01;31:*.zip=01;31:*.z=01;31:*.dz=01;31:*.gz=01;31:*.lrz=01;31:*.lz=01;31:*.lzo=01;31:*.xz=01;31:*.zst=01;31:*.tzst=01;31:*.bz2=01;31:*.bz=01;31:*.tbz=01;31:*.tbz2=01;31:*.tz=01;31:*.deb=01;31:*.rpm=01;31:*.jar=01;31:*.war=01;31:*.ear=01;31:*.sar=01;31:*.rar=01;31:*.alz=01;31:*.ace=01;31:*.zoo=01;31:*.cpio=01;31:*.7z=01;31:*.rz=01;31:*.cab=01;31:*.wim=01;31:*.swm=01;31:*.dwm=01;31:*.esd=01;31:*.jpg=01;35:*.jpeg=01;35:*.mjpg=01;35:*.mjpeg=01;35:*.gif=01;35:*.bmp=01;35:*.pbm=01;35:*.pgm=01;35:*.ppm=01;35:*.tga=01;35:*.xbm=01;35:*.xpm=01;35:*.tif=01;35:*.tiff=01;35:*.png=01;35:*.svg=01;35:*.svgz=01;35:*.mng=01;35:*.pcx=01;35:*.mov=01;35:*.mpg=01;35:*.mpeg=01;35:*.m2v=01;35:*.mkv=01;35:*.webm=01;35:*.webp=01;35:*.ogm=01;35:*.mp4=01;35:*.m4v=01;35:*.mp4v=01;35:*.vob=01;35:*.qt=01;35:*.nuv=01;35:*.wmv=01;35:*.asf=01;35:*.rm=01;35:*.rmvb=01;35:*.flc=01;35:*.avi=01;35:*.fli=01;35:*.flv=01;35:*.gl=01;35:*.dl=01;35:*.xcf=01;35:*.xwd=01;35:*.yuv=01;35:*.cgm=01;35:*.emf=01;35:*.ogv=01;35:*.ogx=01;35:*.aac=00;36:*.au=00;36:*.flac=00;36:*.m4a=00;36:*.mid=00;36:*.midi=00;36:*.mka=00;36:*.mp3=00;36:*.mpc=00;36:*.ogg=00;36:*.ra=00;36:*.wav=00;36:*.oga=00;36:*.opus=00;36:*.spx=00;36:*.xspf=00;36:'), ('GNOME_TERMINAL_SERVICE', ':1.115'), ('SSH_AGENT_LAUNCHER', 'gnome-keyring'), ('SSH_AUTH_SOCK', '/run/user/1000/keyring/ssh'), ('AMENT_PREFIX_PATH', '/home/theanh/Robot_Project/AMR_Robot/amr1_ws/install/sllidar_ros2:/home/theanh/Robot_Project/AMR_Robot/amr1_ws/install/laser_filters:/home/theanh/Robot_Project/AMR_Robot/amr1_ws/install/amr_sim_pkg:/home/theanh/Robot_Project/AMR_Robot/amr1_ws/install/amr_reality_pkg:/home/theanh/ros2_ws1/install/ros2_qt1_demo:/home/theanh/ros2_ws1/install/ethercat_manager:/home/theanh/ros2_ws1/install/control_one_motor_pkg_ex:/home/theanh/ros2_ws1/install/ethercat_msgs:/home/theanh/ros2_ws1/install/ethercat_generic_cia402_drive:/home/theanh/ros2_ws1/install/ethercat_generic_slave:/home/theanh/ros2_ws1/install/ethercat_driver_ros2:/home/theanh/ros2_ws1/install/ethercat_driver:/home/theanh/ros2_ws1/install/ethercat_interface:/home/theanh/agv_test_ws/install/sllidar_ros2:/home/theanh/agv_test_ws/install/agv_test_pkg:/opt/ros/humble'), ('SHELL', '/bin/bash'), ('LC_NAME', 'vi_VN'), ('QT_ACCESSIBILITY', '1'), ('GDMSESSION', 'ubuntu'), ('LESSCLOSE', '/usr/bin/lesspipe %s %s'), ('LC_MEASUREMENT', 'vi_VN'), ('LC_IDENTIFICATION', 'vi_VN'), ('QT_IM_MODULE', 'ibus'), ('PWD', '/home/theanh/Robot_Project/AMR_Robot/amr1_ws/build/amr_sim_pkg'), ('TURTLEBOT3_MODEL', 'waffle'), ('LC_ALL', 'en_US.UTF-8'), ('XDG_CONFIG_DIRS', '/etc/xdg/xdg-ubuntu:/etc/xdg'), ('XDG_DATA_DIRS', '/usr/share/ubuntu:/home/theanh/.local/share/flatpak/exports/share:/var/lib/flatpak/exports/share:/usr/local/share/:/usr/share/:/var/lib/snapd/desktop'), ('PYTHONPATH', '/home/theanh/ros2_ws1/install/ethercat_msgs/local/lib/python3.10/dist-packages:/opt/ros/humble/lib/python3.10/site-packages:/opt/ros/humble/local/lib/python3.10/dist-packages'), ('LC_NUMERIC', 'vi_VN'), ('LC_PAPER', 'vi_VN'), ('COLCON', '1'), ('VTE_VERSION', '6800'), ('CMAKE_PREFIX_PATH', '/home/theanh/Robot_Project/AMR_Robot/amr1_ws/install/sllidar_ros2:/home/theanh/Robot_Project/AMR_Robot/amr1_ws/install/laser_filters:/home/theanh/Robot_Project/AMR_Robot/amr1_ws/install/amr_sim_pkg:/home/theanh/Robot_Project/AMR_Robot/amr1_ws/install/amr_reality_pkg:/home/theanh/ros2_ws1/install/ros2_qt1_demo:/home/theanh/ros2_ws1/install/ethercat_manager:/home/theanh/ros2_ws1/install/control_one_motor_pkg_ex:/home/theanh/ros2_ws1/install/ethercat_msgs:/home/theanh/ros2_ws1/install/ethercat_generic_cia402_drive:/home/theanh/ros2_ws1/install/ethercat_generic_slave:/home/theanh/ros2_ws1/install/ethercat_driver_ros2:/home/theanh/ros2_ws1/install/ethercat_driver:/home/theanh/ros2_ws1/install/ethercat_interface:/home/theanh/agv_test_ws/install/sllidar_ros2:/home/theanh/agv_test_ws/install/agv_test_pkg:/opt/ros/humble')]), 'shell': False}
[7.190336] (amr_sim_pkg) StdoutLine: {'line': b'-- Install configuration: ""\n'}
[7.190808] (amr_sim_pkg) StdoutLine: {'line': b'-- Execute custom install script\n'}
[7.191331] (amr_sim_pkg) StdoutLine: {'line': b'-- Symlinking: /home/theanh/Robot_Project/AMR_Robot/amr1_ws/install/amr_sim_pkg/share/amr_sim_pkg/launch/amr_sim.launch.py\n'}
[7.203234] (amr_sim_pkg) StdoutLine: {'line': b'-- Symlinking: /home/theanh/Robot_Project/AMR_Robot/amr1_ws/install/amr_sim_pkg/share/amr_sim_pkg/descriptions/urdf/gazebo_control.xacro\n'}
[7.213267] (-) TimerEvent: {}
[7.214384] (amr_sim_pkg) StdoutLine: {'line': b'-- Symlinking: /home/theanh/Robot_Project/AMR_Robot/amr1_ws/install/amr_sim_pkg/share/amr_sim_pkg/descriptions/urdf/inertial_macros.xacro\n'}
[7.226772] (amr_sim_pkg) StdoutLine: {'line': b'-- Symlinking: /home/theanh/Robot_Project/AMR_Robot/amr1_ws/install/amr_sim_pkg/share/amr_sim_pkg/descriptions/urdf/robot.urdf.xacro\n'}
[7.238846] (amr_sim_pkg) StdoutLine: {'line': b'-- Symlinking: /home/theanh/Robot_Project/AMR_Robot/amr1_ws/install/amr_sim_pkg/share/amr_sim_pkg/descriptions/urdf/robot_core.xacro\n'}
[7.247401] (laser_filters) StdoutLine: {'line': b'-- Found PythonLibs: /usr/lib/x86_64-linux-gnu/libpython3.10.so (found suitable version "3.10.12", minimum required is "3.5") \n'}
[7.247758] (laser_filters) StdoutLine: {'line': b'-- Using PYTHON_EXECUTABLE: /usr/bin/python3\n'}
[7.247891] (laser_filters) StdoutLine: {'line': b'-- Using PYTHON_INCLUDE_DIRS: /usr/include/python3.10\n'}
[7.248014] (laser_filters) StdoutLine: {'line': b'-- Using PYTHON_LIBRARIES: /usr/lib/x86_64-linux-gnu/libpython3.10.so\n'}
[7.253690] (amr_sim_pkg) StdoutLine: {'line': b'-- Symlinking: /home/theanh/Robot_Project/AMR_Robot/amr1_ws/install/amr_sim_pkg/share/amr_sim_pkg/descriptions/urdf/ros2_control.urdf.xacro\n'}
[7.269672] (amr_sim_pkg) StdoutLine: {'line': b'-- Symlinking: /home/theanh/Robot_Project/AMR_Robot/amr1_ws/install/amr_sim_pkg/share/amr_sim_pkg/descriptions/urdf/sensors.xacro\n'}
[7.277884] (laser_filters) StdoutLine: {'line': b'-- Found PythonExtra: .so  \n'}
[7.283344] (amr_sim_pkg) StdoutLine: {'line': b'-- Symlinking: /home/theanh/Robot_Project/AMR_Robot/amr1_ws/install/amr_sim_pkg/share/amr_sim_pkg/config/laser_filter.yaml\n'}
[7.295080] (amr_sim_pkg) StdoutLine: {'line': b'-- Symlinking: /home/theanh/Robot_Project/AMR_Robot/amr1_ws/install/amr_sim_pkg/share/amr_sim_pkg/config/mapper_params_online_async.yaml\n'}
[7.306723] (amr_sim_pkg) StdoutLine: {'line': b'-- Symlinking: /home/theanh/Robot_Project/AMR_Robot/amr1_ws/install/amr_sim_pkg/share/amr_sim_pkg/config/nav2_params.yaml\n'}
[7.309019] (laser_filters) StdoutLine: {'line': b'-- Configuring done\n'}
[7.313339] (-) TimerEvent: {}
[7.319267] (amr_sim_pkg) StdoutLine: {'line': b'-- Symlinking: /home/theanh/Robot_Project/AMR_Robot/amr1_ws/install/amr_sim_pkg/share/amr_sim_pkg/config/robot_control/ros2_controllers.yaml\n'}
[7.334074] (amr_sim_pkg) StdoutLine: {'line': b'-- Symlinking: /home/theanh/Robot_Project/AMR_Robot/amr1_ws/install/amr_sim_pkg/lib/amr_sim_pkg/ps4_teleop_node.py\n'}
[7.349303] (amr_sim_pkg) StdoutLine: {'line': b'-- Symlinking: /home/theanh/Robot_Project/AMR_Robot/amr1_ws/install/amr_sim_pkg/share/ament_index/resource_index/package_run_dependencies/amr_sim_pkg\n'}
[7.362903] (amr_sim_pkg) StdoutLine: {'line': b'-- Symlinking: /home/theanh/Robot_Project/AMR_Robot/amr1_ws/install/amr_sim_pkg/share/ament_index/resource_index/parent_prefix_path/amr_sim_pkg\n'}
[7.375616] (amr_sim_pkg) StdoutLine: {'line': b'-- Symlinking: /home/theanh/Robot_Project/AMR_Robot/amr1_ws/install/amr_sim_pkg/share/amr_sim_pkg/environment/ament_prefix_path.sh\n'}
[7.377747] (laser_filters) StdoutLine: {'line': b'-- Generating done\n'}
[7.379692] (sllidar_ros2) StderrLine: {'line': b'In file included from \x1b[01m\x1b[K/home/theanh/Robot_Project/AMR_Robot/amr1_ws/src/sllidar_ros2/./sdk/include/sl_lidar_cmd.h:41\x1b[m\x1b[K,\n'}
[7.379806] (sllidar_ros2) StderrLine: {'line': b'                 from \x1b[01m\x1b[K/home/theanh/Robot_Project/AMR_Robot/amr1_ws/src/sllidar_ros2/./sdk/include/sl_lidar_driver.h:54\x1b[m\x1b[K,\n'}
[7.379881] (sllidar_ros2) StderrLine: {'line': b'                 from \x1b[01m\x1b[K/home/theanh/Robot_Project/AMR_Robot/amr1_ws/src/sllidar_ros2/sdk/src/sl_serial_channel.cpp:33\x1b[m\x1b[K:\n'}
[7.379940] (sllidar_ros2) StderrLine: {'line': b'\x1b[01m\x1b[K/home/theanh/Robot_Project/AMR_Robot/amr1_ws/src/sllidar_ros2/./sdk/include/sl_lidar_protocol.h:66:16:\x1b[m\x1b[K \x1b[01;35m\x1b[Kwarning: \x1b[m\x1b[KISO C++ forbids zero-size array \xe2\x80\x98\x1b[01m\x1b[Kdata\x1b[m\x1b[K\xe2\x80\x99 [\x1b[01;35m\x1b[K\x1b]8;;https://gcc.gnu.org/onlinedocs/gcc/Warning-Options.html#index-Wpedantic\x07-Wpedantic\x1b]8;;\x07\x1b[m\x1b[K]\n'}
[7.380001] (sllidar_ros2) StderrLine: {'line': b'   66 |     sl_u8 data[\x1b[01;35m\x1b[K0\x1b[m\x1b[K];\n'}
[7.380094] (sllidar_ros2) StderrLine: {'line': b'      |                \x1b[01;35m\x1b[K^\x1b[m\x1b[K\n'}
[7.380164] (sllidar_ros2) StderrLine: {'line': b'In file included from \x1b[01m\x1b[K/home/theanh/Robot_Project/AMR_Robot/amr1_ws/src/sllidar_ros2/./sdk/include/sl_lidar_driver.h:54\x1b[m\x1b[K,\n'}
[7.380231] (sllidar_ros2) StderrLine: {'line': b'                 from \x1b[01m\x1b[K/home/theanh/Robot_Project/AMR_Robot/amr1_ws/src/sllidar_ros2/sdk/src/sl_serial_channel.cpp:33\x1b[m\x1b[K:\n'}
[7.380287] (sllidar_ros2) StderrLine: {'line': b'\x1b[01m\x1b[K/home/theanh/Robot_Project/AMR_Robot/amr1_ws/src/sllidar_ros2/./sdk/include/sl_lidar_cmd.h:324:20:\x1b[m\x1b[K \x1b[01;35m\x1b[Kwarning: \x1b[m\x1b[KISO C++ forbids zero-size array \xe2\x80\x98\x1b[01m\x1b[Kpayload\x1b[m\x1b[K\xe2\x80\x99 [\x1b[01;35m\x1b[K\x1b]8;;https://gcc.gnu.org/onlinedocs/gcc/Warning-Options.html#index-Wpedantic\x07-Wpedantic\x1b]8;;\x07\x1b[m\x1b[K]\n'}
[7.380345] (sllidar_ros2) StderrLine: {'line': b'  324 |     sl_u8  payload[\x1b[01;35m\x1b[K0\x1b[m\x1b[K];\n'}
[7.380400] (sllidar_ros2) StderrLine: {'line': b'      |                    \x1b[01;35m\x1b[K^\x1b[m\x1b[K\n'}
[7.388204] (amr_sim_pkg) StdoutLine: {'line': b'-- Symlinking: /home/theanh/Robot_Project/AMR_Robot/amr1_ws/install/amr_sim_pkg/share/amr_sim_pkg/environment/ament_prefix_path.dsv\n'}
[7.401381] (amr_sim_pkg) StdoutLine: {'line': b'-- Symlinking: /home/theanh/Robot_Project/AMR_Robot/amr1_ws/install/amr_sim_pkg/share/amr_sim_pkg/environment/path.sh\n'}
[7.403009] (laser_filters) StdoutLine: {'line': b'-- Build files have been written to: /home/theanh/Robot_Project/AMR_Robot/amr1_ws/build/laser_filters\n'}
[7.413440] (-) TimerEvent: {}
[7.413821] (amr_sim_pkg) StdoutLine: {'line': b'-- Symlinking: /home/theanh/Robot_Project/AMR_Robot/amr1_ws/install/amr_sim_pkg/share/amr_sim_pkg/environment/path.dsv\n'}
[7.420222] (laser_filters) CommandEnded: {'returncode': 0}
[7.420808] (laser_filters) JobProgress: {'identifier': 'laser_filters', 'progress': 'build'}
[7.421084] (laser_filters) Command: {'cmd': ['/usr/bin/cmake', '--build', '/home/theanh/Robot_Project/AMR_Robot/amr1_ws/build/laser_filters', '--', '-j15', '-l15'], 'cwd': '/home/theanh/Robot_Project/AMR_Robot/amr1_ws/build/laser_filters', 'env': OrderedDict([('LESSOPEN', '| /usr/bin/lesspipe %s'), ('USER', 'theanh'), ('LC_TIME', 'vi_VN'), ('XDG_SESSION_TYPE', 'wayland'), ('SHLVL', '1'), ('LD_LIBRARY_PATH', '/home/theanh/Robot_Project/AMR_Robot/amr1_ws/install/laser_filters/lib:/home/theanh/ros2_ws1/install/ethercat_manager/lib:/home/theanh/ros2_ws1/install/ethercat_msgs/lib:/home/theanh/ros2_ws1/install/ethercat_generic_cia402_drive/lib:/home/theanh/ros2_ws1/install/ethercat_generic_slave/lib:/home/theanh/ros2_ws1/install/ethercat_driver/lib:/home/theanh/ros2_ws1/install/ethercat_interface/lib:/usr/lib/x86_64-linux-gnu/gazebo-11/plugins:/opt/ros/humble/opt/rviz_ogre_vendor/lib:/opt/ros/humble/lib/x86_64-linux-gnu:/opt/ros/humble/lib'), ('HOME', '/home/theanh'), ('OLDPWD', '/home/theanh'), ('DESKTOP_SESSION', 'ubuntu'), ('ROS_PYTHON_VERSION', '3'), ('GNOME_SHELL_SESSION_MODE', 'ubuntu'), ('GTK_MODULES', 'gail:atk-bridge'), ('LC_MONETARY', 'vi_VN'), ('SYSTEMD_EXEC_PID', '2536'), ('DBUS_SESSION_BUS_ADDRESS', 'unix:path=/run/user/1000/bus'), ('COLORTERM', 'truecolor'), ('IM_CONFIG_PHASE', '1'), ('WAYLAND_DISPLAY', 'wayland-0'), ('COLCON_PREFIX_PATH', '/home/theanh/Robot_Project/AMR_Robot/amr1_ws/install:/home/theanh/ros2_ws1/install:/home/theanh/agv_test_ws/install'), ('ROS_DISTRO', 'humble'), ('LOGNAME', 'theanh'), ('_', '/usr/bin/colcon'), ('ROS_VERSION', '2'), ('XDG_SESSION_CLASS', 'user'), ('USERNAME', 'theanh'), ('TERM', 'xterm-256color'), ('GNOME_DESKTOP_SESSION_ID', 'this-is-deprecated'), ('ROS_LOCALHOST_ONLY', '0'), ('PATH', '/home/theanh/.local/bin:/opt/ros/humble/bin:/usr/local/sbin:/usr/local/bin:/usr/sbin:/usr/bin:/sbin:/bin:/usr/games:/usr/local/games:/snap/bin:/snap/bin'), ('SESSION_MANAGER', 'local/theanh:@/tmp/.ICE-unix/2508,unix/theanh:/tmp/.ICE-unix/2508'), ('XDG_MENU_PREFIX', 'gnome-'), ('LC_ADDRESS', 'vi_VN'), ('GNOME_TERMINAL_SCREEN', '/org/gnome/Terminal/screen/4b04983a_ec98_4e8c_bd8f_84b5b2c8cd8f'), ('GNOME_SETUP_DISPLAY', ':1'), ('XDG_RUNTIME_DIR', '/run/user/1000'), ('DISPLAY', ':0'), ('LANG', 'en_US.UTF-8'), ('XDG_CURRENT_DESKTOP', 'ubuntu:GNOME'), ('LC_TELEPHONE', 'vi_VN'), ('RMW_IMPLEMENTATION', 'rmw_fastrtps_cpp'), ('XMODIFIERS', '@im=ibus'), ('XDG_SESSION_DESKTOP', 'ubuntu'), ('XAUTHORITY', '/run/user/1000/.mutter-Xwaylandauth.ZPOSS3'), ('LS_COLORS', 'rs=0:di=01;34:ln=01;36:mh=00:pi=40;33:so=01;35:do=01;35:bd=40;33;01:cd=40;33;01:or=40;31;01:mi=00:su=37;41:sg=30;43:ca=30;41:tw=30;42:ow=34;42:st=37;44:ex=01;32:*.tar=01;31:*.tgz=01;31:*.arc=01;31:*.arj=01;31:*.taz=01;31:*.lha=01;31:*.lz4=01;31:*.lzh=01;31:*.lzma=01;31:*.tlz=01;31:*.txz=01;31:*.tzo=01;31:*.t7z=01;31:*.zip=01;31:*.z=01;31:*.dz=01;31:*.gz=01;31:*.lrz=01;31:*.lz=01;31:*.lzo=01;31:*.xz=01;31:*.zst=01;31:*.tzst=01;31:*.bz2=01;31:*.bz=01;31:*.tbz=01;31:*.tbz2=01;31:*.tz=01;31:*.deb=01;31:*.rpm=01;31:*.jar=01;31:*.war=01;31:*.ear=01;31:*.sar=01;31:*.rar=01;31:*.alz=01;31:*.ace=01;31:*.zoo=01;31:*.cpio=01;31:*.7z=01;31:*.rz=01;31:*.cab=01;31:*.wim=01;31:*.swm=01;31:*.dwm=01;31:*.esd=01;31:*.jpg=01;35:*.jpeg=01;35:*.mjpg=01;35:*.mjpeg=01;35:*.gif=01;35:*.bmp=01;35:*.pbm=01;35:*.pgm=01;35:*.ppm=01;35:*.tga=01;35:*.xbm=01;35:*.xpm=01;35:*.tif=01;35:*.tiff=01;35:*.png=01;35:*.svg=01;35:*.svgz=01;35:*.mng=01;35:*.pcx=01;35:*.mov=01;35:*.mpg=01;35:*.mpeg=01;35:*.m2v=01;35:*.mkv=01;35:*.webm=01;35:*.webp=01;35:*.ogm=01;35:*.mp4=01;35:*.m4v=01;35:*.mp4v=01;35:*.vob=01;35:*.qt=01;35:*.nuv=01;35:*.wmv=01;35:*.asf=01;35:*.rm=01;35:*.rmvb=01;35:*.flc=01;35:*.avi=01;35:*.fli=01;35:*.flv=01;35:*.gl=01;35:*.dl=01;35:*.xcf=01;35:*.xwd=01;35:*.yuv=01;35:*.cgm=01;35:*.emf=01;35:*.ogv=01;35:*.ogx=01;35:*.aac=00;36:*.au=00;36:*.flac=00;36:*.m4a=00;36:*.mid=00;36:*.midi=00;36:*.mka=00;36:*.mp3=00;36:*.mpc=00;36:*.ogg=00;36:*.ra=00;36:*.wav=00;36:*.oga=00;36:*.opus=00;36:*.spx=00;36:*.xspf=00;36:'), ('GNOME_TERMINAL_SERVICE', ':1.115'), ('SSH_AGENT_LAUNCHER', 'gnome-keyring'), ('SSH_AUTH_SOCK', '/run/user/1000/keyring/ssh'), ('AMENT_PREFIX_PATH', '/home/theanh/Robot_Project/AMR_Robot/amr1_ws/install/sllidar_ros2:/home/theanh/Robot_Project/AMR_Robot/amr1_ws/install/laser_filters:/home/theanh/Robot_Project/AMR_Robot/amr1_ws/install/amr_sim_pkg:/home/theanh/Robot_Project/AMR_Robot/amr1_ws/install/amr_reality_pkg:/home/theanh/ros2_ws1/install/ros2_qt1_demo:/home/theanh/ros2_ws1/install/ethercat_manager:/home/theanh/ros2_ws1/install/control_one_motor_pkg_ex:/home/theanh/ros2_ws1/install/ethercat_msgs:/home/theanh/ros2_ws1/install/ethercat_generic_cia402_drive:/home/theanh/ros2_ws1/install/ethercat_generic_slave:/home/theanh/ros2_ws1/install/ethercat_driver_ros2:/home/theanh/ros2_ws1/install/ethercat_driver:/home/theanh/ros2_ws1/install/ethercat_interface:/home/theanh/agv_test_ws/install/sllidar_ros2:/home/theanh/agv_test_ws/install/agv_test_pkg:/opt/ros/humble'), ('SHELL', '/bin/bash'), ('LC_NAME', 'vi_VN'), ('QT_ACCESSIBILITY', '1'), ('GDMSESSION', 'ubuntu'), ('LESSCLOSE', '/usr/bin/lesspipe %s %s'), ('LC_MEASUREMENT', 'vi_VN'), ('LC_IDENTIFICATION', 'vi_VN'), ('QT_IM_MODULE', 'ibus'), ('PWD', '/home/theanh/Robot_Project/AMR_Robot/amr1_ws/build/laser_filters'), ('TURTLEBOT3_MODEL', 'waffle'), ('LC_ALL', 'en_US.UTF-8'), ('XDG_CONFIG_DIRS', '/etc/xdg/xdg-ubuntu:/etc/xdg'), ('XDG_DATA_DIRS', '/usr/share/ubuntu:/home/theanh/.local/share/flatpak/exports/share:/var/lib/flatpak/exports/share:/usr/local/share/:/usr/share/:/var/lib/snapd/desktop'), ('PYTHONPATH', '/home/theanh/ros2_ws1/install/ethercat_msgs/local/lib/python3.10/dist-packages:/opt/ros/humble/lib/python3.10/site-packages:/opt/ros/humble/local/lib/python3.10/dist-packages'), ('LC_NUMERIC', 'vi_VN'), ('LC_PAPER', 'vi_VN'), ('COLCON', '1'), ('VTE_VERSION', '6800'), ('CMAKE_PREFIX_PATH', '/home/theanh/Robot_Project/AMR_Robot/amr1_ws/install/sllidar_ros2:/home/theanh/Robot_Project/AMR_Robot/amr1_ws/install/laser_filters:/home/theanh/Robot_Project/AMR_Robot/amr1_ws/install/amr_sim_pkg:/home/theanh/Robot_Project/AMR_Robot/amr1_ws/install/amr_reality_pkg:/home/theanh/ros2_ws1/install/ros2_qt1_demo:/home/theanh/ros2_ws1/install/ethercat_manager:/home/theanh/ros2_ws1/install/control_one_motor_pkg_ex:/home/theanh/ros2_ws1/install/ethercat_msgs:/home/theanh/ros2_ws1/install/ethercat_generic_cia402_drive:/home/theanh/ros2_ws1/install/ethercat_generic_slave:/home/theanh/ros2_ws1/install/ethercat_driver_ros2:/home/theanh/ros2_ws1/install/ethercat_driver:/home/theanh/ros2_ws1/install/ethercat_interface:/home/theanh/agv_test_ws/install/sllidar_ros2:/home/theanh/agv_test_ws/install/agv_test_pkg:/opt/ros/humble')]), 'shell': False}
[7.426657] (amr_sim_pkg) StdoutLine: {'line': b'-- Symlinking: /home/theanh/Robot_Project/AMR_Robot/amr1_ws/install/amr_sim_pkg/share/amr_sim_pkg/local_setup.bash\n'}
[7.439099] (amr_sim_pkg) StdoutLine: {'line': b'-- Symlinking: /home/theanh/Robot_Project/AMR_Robot/amr1_ws/install/amr_sim_pkg/share/amr_sim_pkg/local_setup.sh\n'}
[7.451006] (amr_sim_pkg) StdoutLine: {'line': b'-- Symlinking: /home/theanh/Robot_Project/AMR_Robot/amr1_ws/install/amr_sim_pkg/share/amr_sim_pkg/local_setup.zsh\n'}
[7.462542] (amr_sim_pkg) StdoutLine: {'line': b'-- Symlinking: /home/theanh/Robot_Project/AMR_Robot/amr1_ws/install/amr_sim_pkg/share/amr_sim_pkg/local_setup.dsv\n'}
[7.475594] (amr_sim_pkg) StdoutLine: {'line': b'-- Symlinking: /home/theanh/Robot_Project/AMR_Robot/amr1_ws/install/amr_sim_pkg/share/amr_sim_pkg/package.dsv\n'}
[7.492847] (amr_sim_pkg) StdoutLine: {'line': b'-- Symlinking: /home/theanh/Robot_Project/AMR_Robot/amr1_ws/install/amr_sim_pkg/share/ament_index/resource_index/packages/amr_sim_pkg\n'}
[7.494348] (laser_filters) StdoutLine: {'line': b'[ 13%] \x1b[32mBuilding CXX object gtest/CMakeFiles/gtest_main.dir/src/gtest_main.cc.o\x1b[0m\n'}
[7.494536] (laser_filters) StdoutLine: {'line': b'[ 13%] \x1b[32mBuilding CXX object CMakeFiles/laser_scan_filters.dir/src/laser_scan_filters.cpp.o\x1b[0m\n'}
[7.494702] (laser_filters) StdoutLine: {'line': b'[ 13%] \x1b[32mBuilding CXX object CMakeFiles/scan_to_cloud_filter_chain.dir/rclcpp_components/node_main_scan_to_cloud_filter_chain.cpp.o\x1b[0m\n'}
[7.494804] (laser_filters) StdoutLine: {'line': b'[ 21%] \x1b[32mBuilding CXX object gtest/CMakeFiles/gtest.dir/src/gtest-all.cc.o\x1b[0m\n'}
[7.494895] (laser_filters) StdoutLine: {'line': b'[ 21%] \x1b[32mBuilding CXX object CMakeFiles/scan_to_scan_filter_chain.dir/rclcpp_components/node_main_scan_to_scan_filter_chain.cpp.o\x1b[0m\n'}
[7.506745] (amr_sim_pkg) StdoutLine: {'line': b'-- Symlinking: /home/theanh/Robot_Project/AMR_Robot/amr1_ws/install/amr_sim_pkg/share/amr_sim_pkg/cmake/amr_sim_pkgConfig.cmake\n'}
[7.513532] (-) TimerEvent: {}
[7.518852] (amr_sim_pkg) StdoutLine: {'line': b'-- Symlinking: /home/theanh/Robot_Project/AMR_Robot/amr1_ws/install/amr_sim_pkg/share/amr_sim_pkg/cmake/amr_sim_pkgConfig-version.cmake\n'}
[7.531210] (amr_sim_pkg) StdoutLine: {'line': b'-- Symlinking: /home/theanh/Robot_Project/AMR_Robot/amr1_ws/install/amr_sim_pkg/share/amr_sim_pkg/package.xml\n'}
[7.546050] (amr_sim_pkg) CommandEnded: {'returncode': 0}
[7.563603] (amr_sim_pkg) JobEnded: {'identifier': 'amr_sim_pkg', 'rc': 0}
[7.599936] (amr_reality_pkg) StdoutLine: {'line': b'joint1: writing 4 bytes to 0x1400/1: 02 02 00 80\n'}
[7.600277] (amr_reality_pkg) StdoutLine: {'line': b'joint1: writing 1 bytes to 0x1400/2: 01\n'}
[7.600482] (amr_reality_pkg) StdoutLine: {'line': b'joint1: writing 1 bytes to 0x1600/0: 00\n'}
[7.600546] (amr_reality_pkg) StdoutLine: {'line': b'joint1: writing 4 bytes to 0x1600/1: 10 00 40 60\n'}
[7.600604] (amr_reality_pkg) StdoutLine: {'line': b'joint1: writing 4 bytes to 0x1600/2: 08 00 60 60\n'}
[7.600661] (amr_reality_pkg) StdoutLine: {'line': b'joint1: writing 1 bytes to 0x1600/0: 02\n'}
[7.600716] (amr_reality_pkg) StdoutLine: {'line': b'joint1: writing 4 bytes to 0x1400/1: 02 02 00 00\n'}
[7.600776] (amr_reality_pkg) StdoutLine: {'line': b'joint1: writing 4 bytes to 0x1401/1: 02 03 00 80\n'}
[7.600839] (amr_reality_pkg) StdoutLine: {'line': b'joint1: writing 1 bytes to 0x1401/2: 01\n'}
[7.600914] (amr_reality_pkg) StdoutLine: {'line': b'joint1: writing 1 bytes to 0x1601/0: 00\n'}
[7.600988] (amr_reality_pkg) StdoutLine: {'line': b'joint1: writing 4 bytes to 0x1601/1: 20 00 7A 60\n'}
[7.601061] (amr_reality_pkg) StdoutLine: {'line': b'joint1: writing 4 bytes to 0x1601/2: 20 00 FF 60\n'}
[7.601121] (amr_reality_pkg) StdoutLine: {'line': b'joint1: writing 1 bytes to 0x1601/0: 02\n'}
[7.601200] (amr_reality_pkg) StdoutLine: {'line': b'joint1: writing 4 bytes to 0x1401/1: 02 03 00 00\n'}
[7.601263] (amr_reality_pkg) StdoutLine: {'line': b'joint1: writing 4 bytes to 0x1800/1: 82 01 00 80\n'}
[7.601320] (amr_reality_pkg) StdoutLine: {'line': b'joint1: writing 1 bytes to 0x1800/2: 01\n'}
[7.601381] (amr_reality_pkg) StdoutLine: {'line': b'joint1: writing 1 bytes to 0x1A00/0: 00\n'}
[7.601446] (amr_reality_pkg) StdoutLine: {'line': b'joint1: writing 4 bytes to 0x1A00/1: 10 00 41 60\n'}
[7.601516] (amr_reality_pkg) StdoutLine: {'line': b'joint1: writing 4 bytes to 0x1A00/2: 08 00 61 60\n'}
[7.601590] (amr_reality_pkg) StdoutLine: {'line': b'joint1: writing 1 bytes to 0x1A00/0: 02\n'}
[7.601658] (amr_reality_pkg) StdoutLine: {'line': b'joint1: writing 4 bytes to 0x1800/1: 82 01 00 00\n'}
[7.601731] (amr_reality_pkg) StdoutLine: {'line': b'joint1: writing 4 bytes to 0x1801/1: 82 02 00 80\n'}
[7.601808] (amr_reality_pkg) StdoutLine: {'line': b'joint1: writing 1 bytes to 0x1801/2: 01\n'}
[7.601881] (amr_reality_pkg) StdoutLine: {'line': b'joint1: writing 1 bytes to 0x1A01/0: 00\n'}
[7.601965] (amr_reality_pkg) StdoutLine: {'line': b'joint1: writing 4 bytes to 0x1A01/1: 20 00 64 60\n'}
[7.602048] (amr_reality_pkg) StdoutLine: {'line': b'joint1: writing 4 bytes to 0x1A01/2: 20 00 6C 60\n'}
[7.602132] (amr_reality_pkg) StdoutLine: {'line': b'joint1: writing 1 bytes to 0x1A01/0: 02\n'}
[7.602250] (amr_reality_pkg) StdoutLine: {'line': b'joint1: writing 4 bytes to 0x1801/1: 82 02 00 00\n'}
[7.602340] (amr_reality_pkg) StdoutLine: {'line': b'joint1: writing 4 bytes to 0x1802/1: 82 03 00 80\n'}
[7.602420] (amr_reality_pkg) StdoutLine: {'line': b'joint1: writing 1 bytes to 0x1802/2: 01\n'}
[7.602529] (amr_reality_pkg) StdoutLine: {'line': b'joint1: writing 1 bytes to 0x1A02/0: 00\n'}
[7.602613] (amr_reality_pkg) StdoutLine: {'line': b'joint1: writing 4 bytes to 0x1A02/1: 10 00 3F 60\n'}
[7.602692] (amr_reality_pkg) StdoutLine: {'line': b'joint1: writing 1 bytes to 0x1A02/0: 01\n'}
[7.602771] (amr_reality_pkg) StdoutLine: {'line': b'joint1: writing 4 bytes to 0x1802/1: 82 03 00 00\n'}
[7.602848] (amr_reality_pkg) StdoutLine: {'line': b'joint1: writing 2 bytes to 0x6040/0: 80 00\n'}
[7.602911] (amr_reality_pkg) StdoutLine: {'line': b'joint1: writing 2 bytes to 0x6040/0: 06 00\n'}
[7.602973] (amr_reality_pkg) StdoutLine: {'line': b'joint1: writing 2 bytes to 0x6040/0: 07 00\n'}
[7.603032] (amr_reality_pkg) StdoutLine: {'line': b'joint1: writing 2 bytes to 0x6040/0: 0F 01\n'}
[7.603090] (amr_reality_pkg) StdoutLine: {'line': b'joint1: writing 4 bytes to 0x6083/0: 10 27 00 00\n'}
[7.603147] (amr_reality_pkg) StdoutLine: {'line': b'joint1: writing 4 bytes to 0x6084/0: 10 27 00 00\n'}
[7.603235] (amr_reality_pkg) StdoutLine: {'line': b'joint1: writing 1 bytes to 0x6098/0: 00\n'}
[7.603304] (amr_reality_pkg) StdoutLine: {'line': b'joint1: writing 1 bytes to 0x6060/0: 03\n'}
[7.603363] (amr_reality_pkg) StdoutLine: {'line': b'joint2: writing 4 bytes to 0x1400/1: 03 02 00 80\n'}
[7.603421] (amr_reality_pkg) StdoutLine: {'line': b'joint2: writing 1 bytes to 0x1400/2: 01\n'}
[7.603478] (amr_reality_pkg) StdoutLine: {'line': b'joint2: writing 1 bytes to 0x1600/0: 00\n'}
[7.603535] (amr_reality_pkg) StdoutLine: {'line': b'joint2: writing 4 bytes to 0x1600/1: 10 00 40 60\n'}
[7.603592] (amr_reality_pkg) StdoutLine: {'line': b'joint2: writing 4 bytes to 0x1600/2: 08 00 60 60\n'}
[7.603650] (amr_reality_pkg) StdoutLine: {'line': b'joint2: writing 1 bytes to 0x1600/0: 02\n'}
[7.603708] (amr_reality_pkg) StdoutLine: {'line': b'joint2: writing 4 bytes to 0x1400/1: 03 02 00 00\n'}
[7.603766] (amr_reality_pkg) StdoutLine: {'line': b'joint2: writing 4 bytes to 0x1401/1: 03 03 00 80\n'}
[7.603824] (amr_reality_pkg) StdoutLine: {'line': b'joint2: writing 1 bytes to 0x1401/2: 01\n'}
[7.603881] (amr_reality_pkg) StdoutLine: {'line': b'joint2: writing 1 bytes to 0x1601/0: 00\n'}
[7.603939] (amr_reality_pkg) StdoutLine: {'line': b'joint2: writing 4 bytes to 0x1601/1: 20 00 7A 60\n'}
[7.603993] (amr_reality_pkg) StdoutLine: {'line': b'joint2: writing 4 bytes to 0x1601/2: 20 00 FF 60\n'}
[7.604045] (amr_reality_pkg) StdoutLine: {'line': b'joint2: writing 1 bytes to 0x1601/0: 02\n'}
[7.604098] (amr_reality_pkg) StdoutLine: {'line': b'joint2: writing 4 bytes to 0x1401/1: 03 03 00 00\n'}
[7.604164] (amr_reality_pkg) StdoutLine: {'line': b'joint2: writing 4 bytes to 0x1800/1: 83 01 00 80\n'}
[7.604230] (amr_reality_pkg) StdoutLine: {'line': b'joint2: writing 1 bytes to 0x1800/2: 01\n'}
[7.604284] (amr_reality_pkg) StdoutLine: {'line': b'joint2: writing 1 bytes to 0x1A00/0: 00\n'}
[7.604337] (amr_reality_pkg) StdoutLine: {'line': b'joint2: writing 4 bytes to 0x1A00/1: 10 00 41 60\n'}
[7.604391] (amr_reality_pkg) StdoutLine: {'line': b'joint2: writing 4 bytes to 0x1A00/2: 08 00 61 60\n'}
[7.604446] (amr_reality_pkg) StdoutLine: {'line': b'joint2: writing 1 bytes to 0x1A00/0: 02\n'}
[7.604500] (amr_reality_pkg) StdoutLine: {'line': b'joint2: writing 4 bytes to 0x1800/1: 83 01 00 00\n'}
[7.604554] (amr_reality_pkg) StdoutLine: {'line': b'joint2: writing 4 bytes to 0x1801/1: 83 02 00 80\n'}
[7.604609] (amr_reality_pkg) StdoutLine: {'line': b'joint2: writing 1 bytes to 0x1801/2: 01\n'}
[7.604669] (amr_reality_pkg) StdoutLine: {'line': b'joint2: writing 1 bytes to 0x1A01/0: 00\n'}
[7.604724] (amr_reality_pkg) StdoutLine: {'line': b'joint2: writing 4 bytes to 0x1A01/1: 20 00 64 60\n'}
[7.604778] (amr_reality_pkg) StdoutLine: {'line': b'joint2: writing 4 bytes to 0x1A01/2: 20 00 6C 60\n'}
[7.604831] (amr_reality_pkg) StdoutLine: {'line': b'joint2: writing 1 bytes to 0x1A01/0: 02\n'}
[7.604884] (amr_reality_pkg) StdoutLine: {'line': b'joint2: writing 4 bytes to 0x1801/1: 83 02 00 00\n'}
[7.604937] (amr_reality_pkg) StdoutLine: {'line': b'joint2: writing 4 bytes to 0x1802/1: 83 03 00 80\n'}
[7.604991] (amr_reality_pkg) StdoutLine: {'line': b'joint2: writing 1 bytes to 0x1802/2: 01\n'}
[7.605045] (amr_reality_pkg) StdoutLine: {'line': b'joint2: writing 1 bytes to 0x1A02/0: 00\n'}
[7.605098] (amr_reality_pkg) StdoutLine: {'line': b'joint2: writing 4 bytes to 0x1A02/1: 10 00 3F 60\n'}
[7.605165] (amr_reality_pkg) StdoutLine: {'line': b'joint2: writing 1 bytes to 0x1A02/0: 01\n'}
[7.605238] (amr_reality_pkg) StdoutLine: {'line': b'joint2: writing 4 bytes to 0x1802/1: 83 03 00 00\n'}
[7.605291] (amr_reality_pkg) StdoutLine: {'line': b'joint2: writing 2 bytes to 0x6040/0: 80 00\n'}
[7.605343] (amr_reality_pkg) StdoutLine: {'line': b'joint2: writing 2 bytes to 0x6040/0: 06 00\n'}
[7.605394] (amr_reality_pkg) StdoutLine: {'line': b'joint2: writing 2 bytes to 0x6040/0: 07 00\n'}
[7.605445] (amr_reality_pkg) StdoutLine: {'line': b'joint2: writing 2 bytes to 0x6040/0: 0F 01\n'}
[7.605497] (amr_reality_pkg) StdoutLine: {'line': b'joint2: writing 4 bytes to 0x6083/0: 10 27 00 00\n'}
[7.605549] (amr_reality_pkg) StdoutLine: {'line': b'joint2: writing 4 bytes to 0x6084/0: 10 27 00 00\n'}
[7.605607] (amr_reality_pkg) StdoutLine: {'line': b'joint2: writing 1 bytes to 0x6098/0: 00\n'}
[7.605658] (amr_reality_pkg) StdoutLine: {'line': b'joint2: writing 1 bytes to 0x6060/0: 03\n'}
[7.613601] (-) TimerEvent: {}
[7.644946] (sllidar_ros2) StdoutLine: {'line': b'[ 85%] \x1b[32mBuilding CXX object CMakeFiles/sllidar_node.dir/sdk/src/sl_tcp_channel.cpp.o\x1b[0m\n'}
[7.713717] (-) TimerEvent: {}
[7.814047] (-) TimerEvent: {}
[7.831146] (amr_reality_pkg) StdoutLine: {'line': b'Built target robot_control\n'}
[7.852666] (amr_reality_pkg) CommandEnded: {'returncode': 0}
[7.853318] (amr_reality_pkg) JobProgress: {'identifier': 'amr_reality_pkg', 'progress': 'install'}
[7.853748] (amr_reality_pkg) Command: {'cmd': ['/usr/bin/cmake', '--install', '/home/theanh/Robot_Project/AMR_Robot/amr1_ws/build/amr_reality_pkg'], 'cwd': '/home/theanh/Robot_Project/AMR_Robot/amr1_ws/build/amr_reality_pkg', 'env': OrderedDict([('LESSOPEN', '| /usr/bin/lesspipe %s'), ('USER', 'theanh'), ('LC_TIME', 'vi_VN'), ('XDG_SESSION_TYPE', 'wayland'), ('SHLVL', '1'), ('LD_LIBRARY_PATH', '/home/theanh/Robot_Project/AMR_Robot/amr1_ws/install/laser_filters/lib:/home/theanh/ros2_ws1/install/ethercat_manager/lib:/home/theanh/ros2_ws1/install/ethercat_msgs/lib:/home/theanh/ros2_ws1/install/ethercat_generic_cia402_drive/lib:/home/theanh/ros2_ws1/install/ethercat_generic_slave/lib:/home/theanh/ros2_ws1/install/ethercat_driver/lib:/home/theanh/ros2_ws1/install/ethercat_interface/lib:/usr/lib/x86_64-linux-gnu/gazebo-11/plugins:/opt/ros/humble/opt/rviz_ogre_vendor/lib:/opt/ros/humble/lib/x86_64-linux-gnu:/opt/ros/humble/lib'), ('HOME', '/home/theanh'), ('OLDPWD', '/home/theanh'), ('DESKTOP_SESSION', 'ubuntu'), ('ROS_PYTHON_VERSION', '3'), ('GNOME_SHELL_SESSION_MODE', 'ubuntu'), ('GTK_MODULES', 'gail:atk-bridge'), ('LC_MONETARY', 'vi_VN'), ('SYSTEMD_EXEC_PID', '2536'), ('DBUS_SESSION_BUS_ADDRESS', 'unix:path=/run/user/1000/bus'), ('COLORTERM', 'truecolor'), ('IM_CONFIG_PHASE', '1'), ('WAYLAND_DISPLAY', 'wayland-0'), ('COLCON_PREFIX_PATH', '/home/theanh/Robot_Project/AMR_Robot/amr1_ws/install:/home/theanh/ros2_ws1/install:/home/theanh/agv_test_ws/install'), ('ROS_DISTRO', 'humble'), ('LOGNAME', 'theanh'), ('_', '/usr/bin/colcon'), ('ROS_VERSION', '2'), ('XDG_SESSION_CLASS', 'user'), ('USERNAME', 'theanh'), ('TERM', 'xterm-256color'), ('GNOME_DESKTOP_SESSION_ID', 'this-is-deprecated'), ('ROS_LOCALHOST_ONLY', '0'), ('PATH', '/home/theanh/.local/bin:/opt/ros/humble/bin:/usr/local/sbin:/usr/local/bin:/usr/sbin:/usr/bin:/sbin:/bin:/usr/games:/usr/local/games:/snap/bin:/snap/bin'), ('SESSION_MANAGER', 'local/theanh:@/tmp/.ICE-unix/2508,unix/theanh:/tmp/.ICE-unix/2508'), ('XDG_MENU_PREFIX', 'gnome-'), ('LC_ADDRESS', 'vi_VN'), ('GNOME_TERMINAL_SCREEN', '/org/gnome/Terminal/screen/4b04983a_ec98_4e8c_bd8f_84b5b2c8cd8f'), ('GNOME_SETUP_DISPLAY', ':1'), ('XDG_RUNTIME_DIR', '/run/user/1000'), ('DISPLAY', ':0'), ('LANG', 'en_US.UTF-8'), ('XDG_CURRENT_DESKTOP', 'ubuntu:GNOME'), ('LC_TELEPHONE', 'vi_VN'), ('RMW_IMPLEMENTATION', 'rmw_fastrtps_cpp'), ('XMODIFIERS', '@im=ibus'), ('XDG_SESSION_DESKTOP', 'ubuntu'), ('XAUTHORITY', '/run/user/1000/.mutter-Xwaylandauth.ZPOSS3'), ('LS_COLORS', 'rs=0:di=01;34:ln=01;36:mh=00:pi=40;33:so=01;35:do=01;35:bd=40;33;01:cd=40;33;01:or=40;31;01:mi=00:su=37;41:sg=30;43:ca=30;41:tw=30;42:ow=34;42:st=37;44:ex=01;32:*.tar=01;31:*.tgz=01;31:*.arc=01;31:*.arj=01;31:*.taz=01;31:*.lha=01;31:*.lz4=01;31:*.lzh=01;31:*.lzma=01;31:*.tlz=01;31:*.txz=01;31:*.tzo=01;31:*.t7z=01;31:*.zip=01;31:*.z=01;31:*.dz=01;31:*.gz=01;31:*.lrz=01;31:*.lz=01;31:*.lzo=01;31:*.xz=01;31:*.zst=01;31:*.tzst=01;31:*.bz2=01;31:*.bz=01;31:*.tbz=01;31:*.tbz2=01;31:*.tz=01;31:*.deb=01;31:*.rpm=01;31:*.jar=01;31:*.war=01;31:*.ear=01;31:*.sar=01;31:*.rar=01;31:*.alz=01;31:*.ace=01;31:*.zoo=01;31:*.cpio=01;31:*.7z=01;31:*.rz=01;31:*.cab=01;31:*.wim=01;31:*.swm=01;31:*.dwm=01;31:*.esd=01;31:*.jpg=01;35:*.jpeg=01;35:*.mjpg=01;35:*.mjpeg=01;35:*.gif=01;35:*.bmp=01;35:*.pbm=01;35:*.pgm=01;35:*.ppm=01;35:*.tga=01;35:*.xbm=01;35:*.xpm=01;35:*.tif=01;35:*.tiff=01;35:*.png=01;35:*.svg=01;35:*.svgz=01;35:*.mng=01;35:*.pcx=01;35:*.mov=01;35:*.mpg=01;35:*.mpeg=01;35:*.m2v=01;35:*.mkv=01;35:*.webm=01;35:*.webp=01;35:*.ogm=01;35:*.mp4=01;35:*.m4v=01;35:*.mp4v=01;35:*.vob=01;35:*.qt=01;35:*.nuv=01;35:*.wmv=01;35:*.asf=01;35:*.rm=01;35:*.rmvb=01;35:*.flc=01;35:*.avi=01;35:*.fli=01;35:*.flv=01;35:*.gl=01;35:*.dl=01;35:*.xcf=01;35:*.xwd=01;35:*.yuv=01;35:*.cgm=01;35:*.emf=01;35:*.ogv=01;35:*.ogx=01;35:*.aac=00;36:*.au=00;36:*.flac=00;36:*.m4a=00;36:*.mid=00;36:*.midi=00;36:*.mka=00;36:*.mp3=00;36:*.mpc=00;36:*.ogg=00;36:*.ra=00;36:*.wav=00;36:*.oga=00;36:*.opus=00;36:*.spx=00;36:*.xspf=00;36:'), ('GNOME_TERMINAL_SERVICE', ':1.115'), ('SSH_AGENT_LAUNCHER', 'gnome-keyring'), ('SSH_AUTH_SOCK', '/run/user/1000/keyring/ssh'), ('AMENT_PREFIX_PATH', '/home/theanh/Robot_Project/AMR_Robot/amr1_ws/install/sllidar_ros2:/home/theanh/Robot_Project/AMR_Robot/amr1_ws/install/laser_filters:/home/theanh/Robot_Project/AMR_Robot/amr1_ws/install/amr_sim_pkg:/home/theanh/Robot_Project/AMR_Robot/amr1_ws/install/amr_reality_pkg:/home/theanh/ros2_ws1/install/ros2_qt1_demo:/home/theanh/ros2_ws1/install/ethercat_manager:/home/theanh/ros2_ws1/install/control_one_motor_pkg_ex:/home/theanh/ros2_ws1/install/ethercat_msgs:/home/theanh/ros2_ws1/install/ethercat_generic_cia402_drive:/home/theanh/ros2_ws1/install/ethercat_generic_slave:/home/theanh/ros2_ws1/install/ethercat_driver_ros2:/home/theanh/ros2_ws1/install/ethercat_driver:/home/theanh/ros2_ws1/install/ethercat_interface:/home/theanh/agv_test_ws/install/sllidar_ros2:/home/theanh/agv_test_ws/install/agv_test_pkg:/opt/ros/humble'), ('SHELL', '/bin/bash'), ('LC_NAME', 'vi_VN'), ('QT_ACCESSIBILITY', '1'), ('GDMSESSION', 'ubuntu'), ('LESSCLOSE', '/usr/bin/lesspipe %s %s'), ('LC_MEASUREMENT', 'vi_VN'), ('LC_IDENTIFICATION', 'vi_VN'), ('QT_IM_MODULE', 'ibus'), ('PWD', '/home/theanh/Robot_Project/AMR_Robot/amr1_ws/build/amr_reality_pkg'), ('TURTLEBOT3_MODEL', 'waffle'), ('LC_ALL', 'en_US.UTF-8'), ('XDG_CONFIG_DIRS', '/etc/xdg/xdg-ubuntu:/etc/xdg'), ('XDG_DATA_DIRS', '/usr/share/ubuntu:/home/theanh/.local/share/flatpak/exports/share:/var/lib/flatpak/exports/share:/usr/local/share/:/usr/share/:/var/lib/snapd/desktop'), ('PYTHONPATH', '/home/theanh/ros2_ws1/install/ethercat_msgs/local/lib/python3.10/dist-packages:/opt/ros/humble/lib/python3.10/site-packages:/opt/ros/humble/local/lib/python3.10/dist-packages'), ('LC_NUMERIC', 'vi_VN'), ('LC_PAPER', 'vi_VN'), ('COLCON', '1'), ('VTE_VERSION', '6800'), ('CMAKE_PREFIX_PATH', '/home/theanh/Robot_Project/AMR_Robot/amr1_ws/install/sllidar_ros2:/home/theanh/Robot_Project/AMR_Robot/amr1_ws/install/laser_filters:/home/theanh/Robot_Project/AMR_Robot/amr1_ws/install/amr_sim_pkg:/home/theanh/Robot_Project/AMR_Robot/amr1_ws/install/amr_reality_pkg:/home/theanh/ros2_ws1/install/ros2_qt1_demo:/home/theanh/ros2_ws1/install/ethercat_manager:/home/theanh/ros2_ws1/install/control_one_motor_pkg_ex:/home/theanh/ros2_ws1/install/ethercat_msgs:/home/theanh/ros2_ws1/install/ethercat_generic_cia402_drive:/home/theanh/ros2_ws1/install/ethercat_generic_slave:/home/theanh/ros2_ws1/install/ethercat_driver_ros2:/home/theanh/ros2_ws1/install/ethercat_driver:/home/theanh/ros2_ws1/install/ethercat_interface:/home/theanh/agv_test_ws/install/sllidar_ros2:/home/theanh/agv_test_ws/install/agv_test_pkg:/opt/ros/humble')]), 'shell': False}
[7.864376] (amr_reality_pkg) StdoutLine: {'line': b'-- Install configuration: ""\n'}
[7.865029] (amr_reality_pkg) StdoutLine: {'line': b'-- Execute custom install script\n'}
[7.865817] (amr_reality_pkg) StdoutLine: {'line': b'-- Symlinking: /home/theanh/Robot_Project/AMR_Robot/amr1_ws/install/amr_reality_pkg/share/amr_reality_pkg/config/robot_control//cia402_slave.eds\n'}
[7.881500] (amr_reality_pkg) StdoutLine: {'line': b'-- Symlinking: /home/theanh/Robot_Project/AMR_Robot/amr1_ws/install/amr_reality_pkg/share/amr_reality_pkg/config/robot_control//ros2_controllers.yaml\n'}
[7.897788] (amr_reality_pkg) StdoutLine: {'line': b'-- Symlinking: /home/theanh/Robot_Project/AMR_Robot/amr1_ws/install/amr_reality_pkg/share/amr_reality_pkg/config/robot_control//bus.yml\n'}
[7.913312] (amr_reality_pkg) StdoutLine: {'line': b'-- Symlinking: /home/theanh/Robot_Project/AMR_Robot/amr1_ws/install/amr_reality_pkg/share/amr_reality_pkg/config/robot_control//joint1.bin\n'}
[7.914128] (-) TimerEvent: {}
[7.932221] (amr_reality_pkg) StdoutLine: {'line': b'-- Symlinking: /home/theanh/Robot_Project/AMR_Robot/amr1_ws/install/amr_reality_pkg/share/amr_reality_pkg/config/robot_control//joint2.bin\n'}
[7.949334] (amr_reality_pkg) StdoutLine: {'line': b'-- Symlinking: /home/theanh/Robot_Project/AMR_Robot/amr1_ws/install/amr_reality_pkg/share/amr_reality_pkg/config/robot_control//master.dcf\n'}
[7.962848] (amr_reality_pkg) StdoutLine: {'line': b'-- Symlinking: /home/theanh/Robot_Project/AMR_Robot/amr1_ws/install/amr_reality_pkg/share/amr_reality_pkg/config/robot_control//preprocessed_bus.yml\n'}
[7.977241] (amr_reality_pkg) StdoutLine: {'line': b'-- Symlinking: /home/theanh/Robot_Project/AMR_Robot/amr1_ws/install/amr_reality_pkg/share/amr_reality_pkg/launch/amr_reality.launch.py\n'}
[7.992481] (amr_reality_pkg) StdoutLine: {'line': b'-- Symlinking: /home/theanh/Robot_Project/AMR_Robot/amr1_ws/install/amr_reality_pkg/share/amr_reality_pkg/descriptions/meshes/Left_Link.STL\n'}
[7.995132] (sllidar_ros2) StderrLine: {'line': b'In file included from \x1b[01m\x1b[K/home/theanh/Robot_Project/AMR_Robot/amr1_ws/src/sllidar_ros2/./sdk/include/sl_lidar_cmd.h:41\x1b[m\x1b[K,\n'}
[7.995377] (sllidar_ros2) StderrLine: {'line': b'                 from \x1b[01m\x1b[K/home/theanh/Robot_Project/AMR_Robot/amr1_ws/src/sllidar_ros2/./sdk/include/sl_lidar_driver.h:54\x1b[m\x1b[K,\n'}
[7.995480] (sllidar_ros2) StderrLine: {'line': b'                 from \x1b[01m\x1b[K/home/theanh/Robot_Project/AMR_Robot/amr1_ws/src/sllidar_ros2/sdk/src/sl_tcp_channel.cpp:33\x1b[m\x1b[K:\n'}
[7.995579] (sllidar_ros2) StderrLine: {'line': b'\x1b[01m\x1b[K/home/theanh/Robot_Project/AMR_Robot/amr1_ws/src/sllidar_ros2/./sdk/include/sl_lidar_protocol.h:66:16:\x1b[m\x1b[K \x1b[01;35m\x1b[Kwarning: \x1b[m\x1b[KISO C++ forbids zero-size array \xe2\x80\x98\x1b[01m\x1b[Kdata\x1b[m\x1b[K\xe2\x80\x99 [\x1b[01;35m\x1b[K\x1b]8;;https://gcc.gnu.org/onlinedocs/gcc/Warning-Options.html#index-Wpedantic\x07-Wpedantic\x1b]8;;\x07\x1b[m\x1b[K]\n'}
[7.995679] (sllidar_ros2) StderrLine: {'line': b'   66 |     sl_u8 data[\x1b[01;35m\x1b[K0\x1b[m\x1b[K];\n'}
[7.995849] (sllidar_ros2) StderrLine: {'line': b'      |                \x1b[01;35m\x1b[K^\x1b[m\x1b[K\n'}
[7.995941] (sllidar_ros2) StderrLine: {'line': b'In file included from \x1b[01m\x1b[K/home/theanh/Robot_Project/AMR_Robot/amr1_ws/src/sllidar_ros2/./sdk/include/sl_lidar_driver.h:54\x1b[m\x1b[K,\n'}
[7.996031] (sllidar_ros2) StderrLine: {'line': b'                 from \x1b[01m\x1b[K/home/theanh/Robot_Project/AMR_Robot/amr1_ws/src/sllidar_ros2/sdk/src/sl_tcp_channel.cpp:33\x1b[m\x1b[K:\n'}
[7.996120] (sllidar_ros2) StderrLine: {'line': b'\x1b[01m\x1b[K/home/theanh/Robot_Project/AMR_Robot/amr1_ws/src/sllidar_ros2/./sdk/include/sl_lidar_cmd.h:324:20:\x1b[m\x1b[K \x1b[01;35m\x1b[Kwarning: \x1b[m\x1b[KISO C++ forbids zero-size array \xe2\x80\x98\x1b[01m\x1b[Kpayload\x1b[m\x1b[K\xe2\x80\x99 [\x1b[01;35m\x1b[K\x1b]8;;https://gcc.gnu.org/onlinedocs/gcc/Warning-Options.html#index-Wpedantic\x07-Wpedantic\x1b]8;;\x07\x1b[m\x1b[K]\n'}
[7.996267] (sllidar_ros2) StderrLine: {'line': b'  324 |     sl_u8  payload[\x1b[01;35m\x1b[K0\x1b[m\x1b[K];\n'}
[7.996361] (sllidar_ros2) StderrLine: {'line': b'      |                    \x1b[01;35m\x1b[K^\x1b[m\x1b[K\n'}
[8.001799] (sllidar_ros2) StderrLine: {'line': b'\x1b[01m\x1b[K/home/theanh/Robot_Project/AMR_Robot/amr1_ws/src/sllidar_ros2/sdk/src/sl_tcp_channel.cpp:\x1b[m\x1b[K In member function \xe2\x80\x98\x1b[01m\x1b[Kvoid sl::TcpChannel::setStatus(_u32)\x1b[m\x1b[K\xe2\x80\x99:\n'}
[8.002117] (sllidar_ros2) StderrLine: {'line': b'\x1b[01m\x1b[K/home/theanh/Robot_Project/AMR_Robot/amr1_ws/src/sllidar_ros2/sdk/src/sl_tcp_channel.cpp:109:29:\x1b[m\x1b[K \x1b[01;35m\x1b[Kwarning: \x1b[m\x1b[Kunused parameter \xe2\x80\x98\x1b[01m\x1b[Kflag\x1b[m\x1b[K\xe2\x80\x99 [\x1b[01;35m\x1b[K\x1b]8;;https://gcc.gnu.org/onlinedocs/gcc/Warning-Options.html#index-Wunused-parameter\x07-Wunused-parameter\x1b]8;;\x07\x1b[m\x1b[K]\n'}
[8.002292] (sllidar_ros2) StderrLine: {'line': b'  109 |         void setStatus(\x1b[01;35m\x1b[K_u32 flag\x1b[m\x1b[K){}\n'}
[8.002410] (sllidar_ros2) StderrLine: {'line': b'      |                        \x1b[01;35m\x1b[K~~~~~^~~~\x1b[m\x1b[K\n'}
[8.007696] (amr_reality_pkg) StdoutLine: {'line': b'-- Symlinking: /home/theanh/Robot_Project/AMR_Robot/amr1_ws/install/amr_reality_pkg/share/amr_reality_pkg/descriptions/meshes/Lidar_Link.STL\n'}
[8.014266] (-) TimerEvent: {}
[8.026898] (amr_reality_pkg) StdoutLine: {'line': b'-- Symlinking: /home/theanh/Robot_Project/AMR_Robot/amr1_ws/install/amr_reality_pkg/share/amr_reality_pkg/descriptions/meshes/Right_Link.STL\n'}
[8.051576] (amr_reality_pkg) StdoutLine: {'line': b'-- Symlinking: /home/theanh/Robot_Project/AMR_Robot/amr1_ws/install/amr_reality_pkg/share/amr_reality_pkg/descriptions/meshes/Yaw_Behind_Left_Link.STL\n'}
[8.084170] (amr_reality_pkg) StdoutLine: {'line': b'-- Symlinking: /home/theanh/Robot_Project/AMR_Robot/amr1_ws/install/amr_reality_pkg/share/amr_reality_pkg/descriptions/meshes/Yaw_Behind_Right_Link.STL\n'}
[8.108237] (sllidar_ros2) StdoutLine: {'line': b'[ 90%] \x1b[32mBuilding CXX object CMakeFiles/sllidar_node.dir/sdk/src/sl_udp_channel.cpp.o\x1b[0m\n'}
[8.114408] (-) TimerEvent: {}
[8.126806] (amr_reality_pkg) StdoutLine: {'line': b'-- Symlinking: /home/theanh/Robot_Project/AMR_Robot/amr1_ws/install/amr_reality_pkg/share/amr_reality_pkg/descriptions/meshes/Yaw_Front_Left_Link.STL\n'}
[8.146397] (amr_reality_pkg) StdoutLine: {'line': b'-- Symlinking: /home/theanh/Robot_Project/AMR_Robot/amr1_ws/install/amr_reality_pkg/share/amr_reality_pkg/descriptions/meshes/Yaw_Front_Right_Link.STL\n'}
[8.169952] (amr_reality_pkg) StdoutLine: {'line': b'-- Symlinking: /home/theanh/Robot_Project/AMR_Robot/amr1_ws/install/amr_reality_pkg/share/amr_reality_pkg/descriptions/meshes/base_link.STL\n'}
[8.199029] (amr_reality_pkg) StdoutLine: {'line': b'-- Symlinking: /home/theanh/Robot_Project/AMR_Robot/amr1_ws/install/amr_reality_pkg/share/amr_reality_pkg/descriptions/urdf/AMR1-00-Khung (1).SLDASM.urdf\n'}
[8.217256] (-) TimerEvent: {}
[8.236393] (amr_reality_pkg) StdoutLine: {'line': b'-- Symlinking: /home/theanh/Robot_Project/AMR_Robot/amr1_ws/install/amr_reality_pkg/share/amr_reality_pkg/descriptions/urdf/gazebo_control.xacro\n'}
[8.258025] (amr_reality_pkg) StdoutLine: {'line': b'-- Symlinking: /home/theanh/Robot_Project/AMR_Robot/amr1_ws/install/amr_reality_pkg/share/amr_reality_pkg/descriptions/urdf/robot.urdf.xacro\n'}
[8.280871] (amr_reality_pkg) StdoutLine: {'line': b'-- Symlinking: /home/theanh/Robot_Project/AMR_Robot/amr1_ws/install/amr_reality_pkg/share/amr_reality_pkg/descriptions/urdf/robot_controller/robot_controller.ros2_control.xacro\n'}
[8.291540] (sllidar_ros2) StderrLine: {'line': b'In file included from \x1b[01m\x1b[K/home/theanh/Robot_Project/AMR_Robot/amr1_ws/src/sllidar_ros2/./sdk/include/rplidar_protocol.h:36\x1b[m\x1b[K,\n'}
[8.291891] (sllidar_ros2) StderrLine: {'line': b'                 from \x1b[01m\x1b[K/home/theanh/Robot_Project/AMR_Robot/amr1_ws/src/sllidar_ros2/./sdk/include/rplidar.h:39\x1b[m\x1b[K,\n'}
[8.292081] (sllidar_ros2) StderrLine: {'line': b'                 from \x1b[01m\x1b[K/home/theanh/Robot_Project/AMR_Robot/amr1_ws/src/sllidar_ros2/sdk/src/sdkcommon.h:49\x1b[m\x1b[K,\n'}
[8.292284] (sllidar_ros2) StderrLine: {'line': b'                 from \x1b[01m\x1b[K/home/theanh/Robot_Project/AMR_Robot/amr1_ws/src/sllidar_ros2/sdk/src/sl_async_transceiver.cpp:35\x1b[m\x1b[K:\n'}
[8.292435] (sllidar_ros2) StderrLine: {'line': b'\x1b[01m\x1b[K/home/theanh/Robot_Project/AMR_Robot/amr1_ws/src/sllidar_ros2/./sdk/include/sl_lidar_protocol.h:66:16:\x1b[m\x1b[K \x1b[01;35m\x1b[Kwarning: \x1b[m\x1b[KISO C++ forbids zero-size array \xe2\x80\x98\x1b[01m\x1b[Kdata\x1b[m\x1b[K\xe2\x80\x99 [\x1b[01;35m\x1b[K\x1b]8;;https://gcc.gnu.org/onlinedocs/gcc/Warning-Options.html#index-Wpedantic\x07-Wpedantic\x1b]8;;\x07\x1b[m\x1b[K]\n'}
[8.292605] (sllidar_ros2) StderrLine: {'line': b'   66 |     sl_u8 data[\x1b[01;35m\x1b[K0\x1b[m\x1b[K];\n'}
[8.292707] (sllidar_ros2) StderrLine: {'line': b'      |                \x1b[01;35m\x1b[K^\x1b[m\x1b[K\n'}
[8.292792] (sllidar_ros2) StderrLine: {'line': b'In file included from \x1b[01m\x1b[K/home/theanh/Robot_Project/AMR_Robot/amr1_ws/src/sllidar_ros2/./sdk/include/rplidar_protocol.h:36\x1b[m\x1b[K,\n'}
[8.292881] (sllidar_ros2) StderrLine: {'line': b'                 from \x1b[01m\x1b[K/home/theanh/Robot_Project/AMR_Robot/amr1_ws/src/sllidar_ros2/./sdk/include/rplidar.h:39\x1b[m\x1b[K,\n'}
[8.292971] (sllidar_ros2) StderrLine: {'line': b'                 from \x1b[01m\x1b[K/home/theanh/Robot_Project/AMR_Robot/amr1_ws/src/sllidar_ros2/sdk/src/sdkcommon.h:49\x1b[m\x1b[K,\n'}
[8.293082] (sllidar_ros2) StderrLine: {'line': b'                 from \x1b[01m\x1b[K/home/theanh/Robot_Project/AMR_Robot/amr1_ws/src/sllidar_ros2/sdk/src/rplidar_driver.cpp:33\x1b[m\x1b[K:\n'}
[8.295350] (sllidar_ros2) StderrLine: {'line': b'\x1b[01m\x1b[K/home/theanh/Robot_Project/AMR_Robot/amr1_ws/src/sllidar_ros2/./sdk/include/sl_lidar_protocol.h:66:16:\x1b[m\x1b[K \x1b[01;35m\x1b[Kwarning: \x1b[m\x1b[KISO C++ forbids zero-size array \xe2\x80\x98\x1b[01m\x1b[Kdata\x1b[m\x1b[K\xe2\x80\x99 [\x1b[01;35m\x1b[K\x1b]8;;https://gcc.gnu.org/onlinedocs/gcc/Warning-Options.html#index-Wpedantic\x07-Wpedantic\x1b]8;;\x07\x1b[m\x1b[K]\n'}
[8.295589] (sllidar_ros2) StderrLine: {'line': b'   66 |     sl_u8 data[\x1b[01;35m\x1b[K0\x1b[m\x1b[K];\n'}
[8.295743] (sllidar_ros2) StderrLine: {'line': b'      |                \x1b[01;35m\x1b[K^\x1b[m\x1b[K\n'}
[8.295871] (sllidar_ros2) StderrLine: {'line': b'In file included from \x1b[01m\x1b[K/home/theanh/Robot_Project/AMR_Robot/amr1_ws/src/sllidar_ros2/./sdk/include/rplidar_cmd.h:36\x1b[m\x1b[K,\n'}
[8.295996] (sllidar_ros2) StderrLine: {'line': b'                 from \x1b[01m\x1b[K/home/theanh/Robot_Project/AMR_Robot/amr1_ws/src/sllidar_ros2/./sdk/include/rplidar.h:40\x1b[m\x1b[K,\n'}
[8.296113] (sllidar_ros2) StderrLine: {'line': b'                 from \x1b[01m\x1b[K/home/theanh/Robot_Project/AMR_Robot/amr1_ws/src/sllidar_ros2/sdk/src/sdkcommon.h:49\x1b[m\x1b[K,\n'}
[8.296269] (sllidar_ros2) StderrLine: {'line': b'                 from \x1b[01m\x1b[K/home/theanh/Robot_Project/AMR_Robot/amr1_ws/src/sllidar_ros2/sdk/src/sl_async_transceiver.cpp:35\x1b[m\x1b[K:\n'}
[8.296386] (sllidar_ros2) StderrLine: {'line': b'\x1b[01m\x1b[K/home/theanh/Robot_Project/AMR_Robot/amr1_ws/src/sllidar_ros2/./sdk/include/sl_lidar_cmd.h:324:20:\x1b[m\x1b[K \x1b[01;35m\x1b[Kwarning: \x1b[m\x1b[KISO C++ forbids zero-size array \xe2\x80\x98\x1b[01m\x1b[Kpayload\x1b[m\x1b[K\xe2\x80\x99 [\x1b[01;35m\x1b[K\x1b]8;;https://gcc.gnu.org/onlinedocs/gcc/Warning-Options.html#index-Wpedantic\x07-Wpedantic\x1b]8;;\x07\x1b[m\x1b[K]\n'}
[8.296497] (sllidar_ros2) StderrLine: {'line': b'  324 |     sl_u8  payload[\x1b[01;35m\x1b[K0\x1b[m\x1b[K];\n'}
[8.296599] (sllidar_ros2) StderrLine: {'line': b'      |                    \x1b[01;35m\x1b[K^\x1b[m\x1b[K\n'}
[8.296702] (sllidar_ros2) StderrLine: {'line': b'In file included from \x1b[01m\x1b[K/home/theanh/Robot_Project/AMR_Robot/amr1_ws/src/sllidar_ros2/./sdk/include/rplidar_cmd.h:36\x1b[m\x1b[K,\n'}
[8.296803] (sllidar_ros2) StderrLine: {'line': b'                 from \x1b[01m\x1b[K/home/theanh/Robot_Project/AMR_Robot/amr1_ws/src/sllidar_ros2/./sdk/include/rplidar.h:40\x1b[m\x1b[K,\n'}
[8.296906] (sllidar_ros2) StderrLine: {'line': b'                 from \x1b[01m\x1b[K/home/theanh/Robot_Project/AMR_Robot/amr1_ws/src/sllidar_ros2/sdk/src/sdkcommon.h:49\x1b[m\x1b[K,\n'}
[8.297008] (sllidar_ros2) StderrLine: {'line': b'                 from \x1b[01m\x1b[K/home/theanh/Robot_Project/AMR_Robot/amr1_ws/src/sllidar_ros2/sdk/src/rplidar_driver.cpp:33\x1b[m\x1b[K:\n'}
[8.297130] (sllidar_ros2) StderrLine: {'line': b'\x1b[01m\x1b[K/home/theanh/Robot_Project/AMR_Robot/amr1_ws/src/sllidar_ros2/./sdk/include/sl_lidar_cmd.h:324:20:\x1b[m\x1b[K \x1b[01;35m\x1b[Kwarning: \x1b[m\x1b[KISO C++ forbids zero-size array \xe2\x80\x98\x1b[01m\x1b[Kpayload\x1b[m\x1b[K\xe2\x80\x99 [\x1b[01;35m\x1b[K\x1b]8;;https://gcc.gnu.org/onlinedocs/gcc/Warning-Options.html#index-Wpedantic\x07-Wpedantic\x1b]8;;\x07\x1b[m\x1b[K]\n'}
[8.299406] (sllidar_ros2) StderrLine: {'line': b'  324 |     sl_u8  payload[\x1b[01;35m\x1b[K0\x1b[m\x1b[K];\n'}
[8.299556] (sllidar_ros2) StderrLine: {'line': b'      |                    \x1b[01;35m\x1b[K^\x1b[m\x1b[K\n'}
[8.317411] (-) TimerEvent: {}
[8.325260] (amr_reality_pkg) StdoutLine: {'line': b'-- Symlinking: /home/theanh/Robot_Project/AMR_Robot/amr1_ws/install/amr_reality_pkg/share/amr_reality_pkg/descriptions/urdf/robot_controller/robot_controller.urdf.xacro\n'}
[8.327254] (sllidar_ros2) StderrLine: {'line': b'In file included from \x1b[01m\x1b[K/home/theanh/Robot_Project/AMR_Robot/amr1_ws/src/sllidar_ros2/./sdk/include/rplidar_protocol.h:36\x1b[m\x1b[K,\n'}
[8.327524] (sllidar_ros2) StderrLine: {'line': b'                 from \x1b[01m\x1b[K/home/theanh/Robot_Project/AMR_Robot/amr1_ws/src/sllidar_ros2/./sdk/include/rplidar.h:39\x1b[m\x1b[K,\n'}
[8.327690] (sllidar_ros2) StderrLine: {'line': b'                 from \x1b[01m\x1b[K/home/theanh/Robot_Project/AMR_Robot/amr1_ws/src/sllidar_ros2/./sdk/src/sdkcommon.h:49\x1b[m\x1b[K,\n'}
[8.327843] (sllidar_ros2) StderrLine: {'line': b'                 from \x1b[01m\x1b[K/home/theanh/Robot_Project/AMR_Robot/amr1_ws/src/sllidar_ros2/sdk/src/dataunpacker/unpacker/../dataunnpacker_commondef.h:41\x1b[m\x1b[K,\n'}
[8.328096] (sllidar_ros2) StderrLine: {'line': b'                 from \x1b[01m\x1b[K/home/theanh/Robot_Project/AMR_Robot/amr1_ws/src/sllidar_ros2/sdk/src/dataunpacker/unpacker/handler_hqnode.cpp:39\x1b[m\x1b[K:\n'}
[8.328242] (sllidar_ros2) StderrLine: {'line': b'\x1b[01m\x1b[K/home/theanh/Robot_Project/AMR_Robot/amr1_ws/src/sllidar_ros2/./sdk/include/sl_lidar_protocol.h:66:16:\x1b[m\x1b[K \x1b[01;35m\x1b[Kwarning: \x1b[m\x1b[KISO C++ forbids zero-size array \xe2\x80\x98\x1b[01m\x1b[Kdata\x1b[m\x1b[K\xe2\x80\x99 [\x1b[01;35m\x1b[K\x1b]8;;https://gcc.gnu.org/onlinedocs/gcc/Warning-Options.html#index-Wpedantic\x07-Wpedantic\x1b]8;;\x07\x1b[m\x1b[K]\n'}
[8.329084] (sllidar_ros2) StderrLine: {'line': b'   66 |     sl_u8 data[\x1b[01;35m\x1b[K0\x1b[m\x1b[K];\n'}
[8.329245] (sllidar_ros2) StderrLine: {'line': b'      |                \x1b[01;35m\x1b[K^\x1b[m\x1b[K\n'}
[8.329373] (sllidar_ros2) StderrLine: {'line': b'In file included from \x1b[01m\x1b[K/home/theanh/Robot_Project/AMR_Robot/amr1_ws/src/sllidar_ros2/./sdk/include/rplidar_cmd.h:36\x1b[m\x1b[K,\n'}
[8.329493] (sllidar_ros2) StderrLine: {'line': b'                 from \x1b[01m\x1b[K/home/theanh/Robot_Project/AMR_Robot/amr1_ws/src/sllidar_ros2/./sdk/include/rplidar.h:40\x1b[m\x1b[K,\n'}
[8.329605] (sllidar_ros2) StderrLine: {'line': b'                 from \x1b[01m\x1b[K/home/theanh/Robot_Project/AMR_Robot/amr1_ws/src/sllidar_ros2/./sdk/src/sdkcommon.h:49\x1b[m\x1b[K,\n'}
[8.329715] (sllidar_ros2) StderrLine: {'line': b'                 from \x1b[01m\x1b[K/home/theanh/Robot_Project/AMR_Robot/amr1_ws/src/sllidar_ros2/sdk/src/dataunpacker/unpacker/../dataunnpacker_commondef.h:41\x1b[m\x1b[K,\n'}
[8.329825] (sllidar_ros2) StderrLine: {'line': b'                 from \x1b[01m\x1b[K/home/theanh/Robot_Project/AMR_Robot/amr1_ws/src/sllidar_ros2/sdk/src/dataunpacker/unpacker/handler_hqnode.cpp:39\x1b[m\x1b[K:\n'}
[8.329955] (sllidar_ros2) StderrLine: {'line': b'\x1b[01m\x1b[K/home/theanh/Robot_Project/AMR_Robot/amr1_ws/src/sllidar_ros2/./sdk/include/sl_lidar_cmd.h:324:20:\x1b[m\x1b[K \x1b[01;35m\x1b[Kwarning: \x1b[m\x1b[KISO C++ forbids zero-size array \xe2\x80\x98\x1b[01m\x1b[Kpayload\x1b[m\x1b[K\xe2\x80\x99 [\x1b[01;35m\x1b[K\x1b]8;;https://gcc.gnu.org/onlinedocs/gcc/Warning-Options.html#index-Wpedantic\x07-Wpedantic\x1b]8;;\x07\x1b[m\x1b[K]\n'}
[8.330075] (sllidar_ros2) StderrLine: {'line': b'  324 |     sl_u8  payload[\x1b[01;35m\x1b[K0\x1b[m\x1b[K];\n'}
[8.330203] (sllidar_ros2) StderrLine: {'line': b'      |                    \x1b[01;35m\x1b[K^\x1b[m\x1b[K\n'}
[8.345676] (sllidar_ros2) StderrLine: {'line': b'In file included from \x1b[01m\x1b[K/home/theanh/Robot_Project/AMR_Robot/amr1_ws/src/sllidar_ros2/./sdk/include/rplidar_protocol.h:36\x1b[m\x1b[K,\n'}
[8.346023] (sllidar_ros2) StderrLine: {'line': b'                 from \x1b[01m\x1b[K/home/theanh/Robot_Project/AMR_Robot/amr1_ws/src/sllidar_ros2/./sdk/include/rplidar.h:39\x1b[m\x1b[K,\n'}
[8.347284] (sllidar_ros2) StderrLine: {'line': b'                 from \x1b[01m\x1b[K/home/theanh/Robot_Project/AMR_Robot/amr1_ws/src/sllidar_ros2/sdk/src/sdkcommon.h:49\x1b[m\x1b[K,\n'}
[8.347490] (sllidar_ros2) StderrLine: {'line': b'                 from \x1b[01m\x1b[K/home/theanh/Robot_Project/AMR_Robot/amr1_ws/src/sllidar_ros2/sdk/src/sl_lidarprotocol_codec.cpp:35\x1b[m\x1b[K:\n'}
[8.347621] (sllidar_ros2) StderrLine: {'line': b'\x1b[01m\x1b[K/home/theanh/Robot_Project/AMR_Robot/amr1_ws/src/sllidar_ros2/./sdk/include/sl_lidar_protocol.h:66:16:\x1b[m\x1b[K \x1b[01;35m\x1b[Kwarning: \x1b[m\x1b[KISO C++ forbids zero-size array \xe2\x80\x98\x1b[01m\x1b[Kdata\x1b[m\x1b[K\xe2\x80\x99 [\x1b[01;35m\x1b[K\x1b]8;;https://gcc.gnu.org/onlinedocs/gcc/Warning-Options.html#index-Wpedantic\x07-Wpedantic\x1b]8;;\x07\x1b[m\x1b[K]\n'}
[8.347719] (sllidar_ros2) StderrLine: {'line': b'   66 |     sl_u8 data[\x1b[01;35m\x1b[K0\x1b[m\x1b[K];\n'}
[8.347800] (sllidar_ros2) StderrLine: {'line': b'      |                \x1b[01;35m\x1b[K^\x1b[m\x1b[K\n'}
[8.347883] (sllidar_ros2) StderrLine: {'line': b'In file included from \x1b[01m\x1b[K/home/theanh/Robot_Project/AMR_Robot/amr1_ws/src/sllidar_ros2/./sdk/include/rplidar_cmd.h:36\x1b[m\x1b[K,\n'}
[8.347960] (sllidar_ros2) StderrLine: {'line': b'                 from \x1b[01m\x1b[K/home/theanh/Robot_Project/AMR_Robot/amr1_ws/src/sllidar_ros2/./sdk/include/rplidar.h:40\x1b[m\x1b[K,\n'}
[8.348040] (sllidar_ros2) StderrLine: {'line': b'                 from \x1b[01m\x1b[K/home/theanh/Robot_Project/AMR_Robot/amr1_ws/src/sllidar_ros2/sdk/src/sdkcommon.h:49\x1b[m\x1b[K,\n'}
[8.348115] (sllidar_ros2) StderrLine: {'line': b'                 from \x1b[01m\x1b[K/home/theanh/Robot_Project/AMR_Robot/amr1_ws/src/sllidar_ros2/sdk/src/sl_lidarprotocol_codec.cpp:35\x1b[m\x1b[K:\n'}
[8.350335] (sllidar_ros2) StderrLine: {'line': b'\x1b[01m\x1b[K/home/theanh/Robot_Project/AMR_Robot/amr1_ws/src/sllidar_ros2/./sdk/include/sl_lidar_cmd.h:324:20:\x1b[m\x1b[K \x1b[01;35m\x1b[Kwarning: \x1b[m\x1b[KISO C++ forbids zero-size array \xe2\x80\x98\x1b[01m\x1b[Kpayload\x1b[m\x1b[K\xe2\x80\x99 [\x1b[01;35m\x1b[K\x1b]8;;https://gcc.gnu.org/onlinedocs/gcc/Warning-Options.html#index-Wpedantic\x07-Wpedantic\x1b]8;;\x07\x1b[m\x1b[K]\n'}
[8.350524] (sllidar_ros2) StderrLine: {'line': b'  324 |     sl_u8  payload[\x1b[01;35m\x1b[K0\x1b[m\x1b[K];\n'}
[8.350630] (sllidar_ros2) StderrLine: {'line': b'      |                    \x1b[01;35m\x1b[K^\x1b[m\x1b[K\n'}
[8.350827] (amr_reality_pkg) StdoutLine: {'line': b'-- Symlinking: /home/theanh/Robot_Project/AMR_Robot/amr1_ws/install/amr_reality_pkg/share/amr_reality_pkg/descriptions/urdf/sensors.xacro\n'}
[8.372905] (amr_reality_pkg) StdoutLine: {'line': b'-- Symlinking: /home/theanh/Robot_Project/AMR_Robot/amr1_ws/install/amr_reality_pkg/share/amr_reality_pkg/config/laser_filter.yaml\n'}
[8.376660] (sllidar_ros2) StderrLine: {'line': b'In file included from \x1b[01m\x1b[K/home/theanh/Robot_Project/AMR_Robot/amr1_ws/src/sllidar_ros2/./sdk/include/rplidar_protocol.h:36\x1b[m\x1b[K,\n'}
[8.376957] (sllidar_ros2) StderrLine: {'line': b'                 from \x1b[01m\x1b[K/home/theanh/Robot_Project/AMR_Robot/amr1_ws/src/sllidar_ros2/./sdk/include/rplidar.h:39\x1b[m\x1b[K,\n'}
[8.377119] (sllidar_ros2) StderrLine: {'line': b'                 from \x1b[01m\x1b[K/home/theanh/Robot_Project/AMR_Robot/amr1_ws/src/sllidar_ros2/./sdk/src/sdkcommon.h:49\x1b[m\x1b[K,\n'}
[8.377276] (sllidar_ros2) StderrLine: {'line': b'                 from \x1b[01m\x1b[K/home/theanh/Robot_Project/AMR_Robot/amr1_ws/src/sllidar_ros2/sdk/src/dataunpacker/unpacker/../dataunnpacker_commondef.h:41\x1b[m\x1b[K,\n'}
[8.380282] (sllidar_ros2) StderrLine: {'line': b'                 from \x1b[01m\x1b[K/home/theanh/Robot_Project/AMR_Robot/amr1_ws/src/sllidar_ros2/sdk/src/dataunpacker/unpacker/handler_normalnode.cpp:39\x1b[m\x1b[K:\n'}
[8.380526] (sllidar_ros2) StderrLine: {'line': b'\x1b[01m\x1b[K/home/theanh/Robot_Project/AMR_Robot/amr1_ws/src/sllidar_ros2/./sdk/include/sl_lidar_protocol.h:66:16:\x1b[m\x1b[K \x1b[01;35m\x1b[Kwarning: \x1b[m\x1b[KISO C++ forbids zero-size array \xe2\x80\x98\x1b[01m\x1b[Kdata\x1b[m\x1b[K\xe2\x80\x99 [\x1b[01;35m\x1b[K\x1b]8;;https://gcc.gnu.org/onlinedocs/gcc/Warning-Options.html#index-Wpedantic\x07-Wpedantic\x1b]8;;\x07\x1b[m\x1b[K]\n'}
[8.380686] (sllidar_ros2) StderrLine: {'line': b'   66 |     sl_u8 data[\x1b[01;35m\x1b[K0\x1b[m\x1b[K];\n'}
[8.380817] (sllidar_ros2) StderrLine: {'line': b'      |                \x1b[01;35m\x1b[K^\x1b[m\x1b[K\n'}
[8.381078] (sllidar_ros2) StderrLine: {'line': b'In file included from \x1b[01m\x1b[K/home/theanh/Robot_Project/AMR_Robot/amr1_ws/src/sllidar_ros2/./sdk/include/rplidar_cmd.h:36\x1b[m\x1b[K,\n'}
[8.381250] (sllidar_ros2) StderrLine: {'line': b'                 from \x1b[01m\x1b[K/home/theanh/Robot_Project/AMR_Robot/amr1_ws/src/sllidar_ros2/./sdk/include/rplidar.h:40\x1b[m\x1b[K,\n'}
[8.381376] (sllidar_ros2) StderrLine: {'line': b'                 from \x1b[01m\x1b[K/home/theanh/Robot_Project/AMR_Robot/amr1_ws/src/sllidar_ros2/./sdk/src/sdkcommon.h:49\x1b[m\x1b[K,\n'}
[8.381479] (sllidar_ros2) StderrLine: {'line': b'                 from \x1b[01m\x1b[K/home/theanh/Robot_Project/AMR_Robot/amr1_ws/src/sllidar_ros2/sdk/src/dataunpacker/unpacker/../dataunnpacker_commondef.h:41\x1b[m\x1b[K,\n'}
[8.381612] (sllidar_ros2) StderrLine: {'line': b'                 from \x1b[01m\x1b[K/home/theanh/Robot_Project/AMR_Robot/amr1_ws/src/sllidar_ros2/sdk/src/dataunpacker/unpacker/handler_normalnode.cpp:39\x1b[m\x1b[K:\n'}
[8.381724] (sllidar_ros2) StderrLine: {'line': b'\x1b[01m\x1b[K/home/theanh/Robot_Project/AMR_Robot/amr1_ws/src/sllidar_ros2/./sdk/include/sl_lidar_cmd.h:324:20:\x1b[m\x1b[K \x1b[01;35m\x1b[Kwarning: \x1b[m\x1b[KISO C++ forbids zero-size array \xe2\x80\x98\x1b[01m\x1b[Kpayload\x1b[m\x1b[K\xe2\x80\x99 [\x1b[01;35m\x1b[K\x1b]8;;https://gcc.gnu.org/onlinedocs/gcc/Warning-Options.html#index-Wpedantic\x07-Wpedantic\x1b]8;;\x07\x1b[m\x1b[K]\n'}
[8.381848] (sllidar_ros2) StderrLine: {'line': b'  324 |     sl_u8  payload[\x1b[01;35m\x1b[K0\x1b[m\x1b[K];\n'}
[8.381958] (sllidar_ros2) StderrLine: {'line': b'      |                    \x1b[01;35m\x1b[K^\x1b[m\x1b[K\n'}
[8.390079] (sllidar_ros2) StderrLine: {'line': b'\x1b[01m\x1b[K/home/theanh/Robot_Project/AMR_Robot/amr1_ws/src/sllidar_ros2/sdk/src/arch/linux/net_serial.cpp:\x1b[m\x1b[K In member function \xe2\x80\x98\x1b[01m\x1b[Kbool rp::arch::net::raw_serial::open(const char*, uint32_t, uint32_t)\x1b[m\x1b[K\xe2\x80\x99:\n'}
[8.390415] (sllidar_ros2) StderrLine: {'line': b'\x1b[01m\x1b[K/home/theanh/Robot_Project/AMR_Robot/amr1_ws/src/sllidar_ros2/sdk/src/arch/linux/net_serial.cpp:97:74:\x1b[m\x1b[K \x1b[01;35m\x1b[Kwarning: \x1b[m\x1b[Kunused parameter \xe2\x80\x98\x1b[01m\x1b[Kflags\x1b[m\x1b[K\xe2\x80\x99 [\x1b[01;35m\x1b[K\x1b]8;;https://gcc.gnu.org/onlinedocs/gcc/Warning-Options.html#index-Wunused-parameter\x07-Wunused-parameter\x1b]8;;\x07\x1b[m\x1b[K]\n'}
[8.390603] (sllidar_ros2) StderrLine: {'line': b'   97 | bool raw_serial::open(const char * portname, uint32_t baudrate, \x1b[01;35m\x1b[Kuint32_t flags\x1b[m\x1b[K)\n'}
[8.390754] (sllidar_ros2) StderrLine: {'line': b'      |                                                                 \x1b[01;35m\x1b[K~~~~~~~~~^~~~~\x1b[m\x1b[K\n'}
[8.391028] (sllidar_ros2) StderrLine: {'line': b'\x1b[01m\x1b[K/home/theanh/Robot_Project/AMR_Robot/amr1_ws/src/sllidar_ros2/sdk/src/arch/linux/net_serial.cpp:\x1b[m\x1b[K In member function \xe2\x80\x98\x1b[01m\x1b[Kvirtual void rp::arch::net::raw_serial::flush(_u32)\x1b[m\x1b[K\xe2\x80\x99:\n'}
[8.391177] (sllidar_ros2) StderrLine: {'line': b'\x1b[01m\x1b[K/home/theanh/Robot_Project/AMR_Robot/amr1_ws/src/sllidar_ros2/sdk/src/arch/linux/net_serial.cpp:281:30:\x1b[m\x1b[K \x1b[01;35m\x1b[Kwarning: \x1b[m\x1b[Kunused parameter \xe2\x80\x98\x1b[01m\x1b[Kflags\x1b[m\x1b[K\xe2\x80\x99 [\x1b[01;35m\x1b[K\x1b]8;;https://gcc.gnu.org/onlinedocs/gcc/Warning-Options.html#index-Wunused-parameter\x07-Wunused-parameter\x1b]8;;\x07\x1b[m\x1b[K]\n'}
[8.391347] (sllidar_ros2) StderrLine: {'line': b'  281 | void raw_serial::flush( \x1b[01;35m\x1b[K_u32 flags\x1b[m\x1b[K)\n'}
[8.391463] (sllidar_ros2) StderrLine: {'line': b'      |                         \x1b[01;35m\x1b[K~~~~~^~~~~\x1b[m\x1b[K\n'}
[8.391577] (sllidar_ros2) StderrLine: {'line': b'\x1b[01m\x1b[K/home/theanh/Robot_Project/AMR_Robot/amr1_ws/src/sllidar_ros2/sdk/src/arch/linux/net_serial.cpp:\x1b[m\x1b[K In member function \xe2\x80\x98\x1b[01m\x1b[Kvirtual int rp::arch::net::raw_serial::waitforsent(_u32, size_t*)\x1b[m\x1b[K\xe2\x80\x99:\n'}
[8.391705] (sllidar_ros2) StderrLine: {'line': b'\x1b[01m\x1b[K/home/theanh/Robot_Project/AMR_Robot/amr1_ws/src/sllidar_ros2/sdk/src/arch/linux/net_serial.cpp:286:34:\x1b[m\x1b[K \x1b[01;35m\x1b[Kwarning: \x1b[m\x1b[Kunused parameter \xe2\x80\x98\x1b[01m\x1b[Ktimeout\x1b[m\x1b[K\xe2\x80\x99 [\x1b[01;35m\x1b[K\x1b]8;;https://gcc.gnu.org/onlinedocs/gcc/Warning-Options.html#index-Wunused-parameter\x07-Wunused-parameter\x1b]8;;\x07\x1b[m\x1b[K]\n'}
[8.391832] (sllidar_ros2) StderrLine: {'line': b'  286 | int raw_serial::waitforsent(\x1b[01;35m\x1b[K_u32 timeout\x1b[m\x1b[K, size_t * returned_size)\n'}
[8.391942] (sllidar_ros2) StderrLine: {'line': b'      |                             \x1b[01;35m\x1b[K~~~~~^~~~~~~\x1b[m\x1b[K\n'}
[8.392046] (sllidar_ros2) StderrLine: {'line': b'\x1b[01m\x1b[K/home/theanh/Robot_Project/AMR_Robot/amr1_ws/src/sllidar_ros2/sdk/src/arch/linux/net_serial.cpp:\x1b[m\x1b[K In member function \xe2\x80\x98\x1b[01m\x1b[Kvirtual int rp::arch::net::raw_serial::waitforrecv(_u32, size_t*)\x1b[m\x1b[K\xe2\x80\x99:\n'}
[8.393205] (sllidar_ros2) StderrLine: {'line': b'\x1b[01m\x1b[K/home/theanh/Robot_Project/AMR_Robot/amr1_ws/src/sllidar_ros2/sdk/src/arch/linux/net_serial.cpp:292:34:\x1b[m\x1b[K \x1b[01;35m\x1b[Kwarning: \x1b[m\x1b[Kunused parameter \xe2\x80\x98\x1b[01m\x1b[Ktimeout\x1b[m\x1b[K\xe2\x80\x99 [\x1b[01;35m\x1b[K\x1b]8;;https://gcc.gnu.org/onlinedocs/gcc/Warning-Options.html#index-Wunused-parameter\x07-Wunused-parameter\x1b]8;;\x07\x1b[m\x1b[K]\n'}
[8.393669] (sllidar_ros2) StderrLine: {'line': b'  292 | int raw_serial::waitforrecv(\x1b[01;35m\x1b[K_u32 timeout\x1b[m\x1b[K, size_t * returned_size)\n'}
[8.393783] (sllidar_ros2) StderrLine: {'line': b'      |                             \x1b[01;35m\x1b[K~~~~~^~~~~~~\x1b[m\x1b[K\n'}
[8.393870] (sllidar_ros2) StderrLine: {'line': b'In file included from \x1b[01m\x1b[K/home/theanh/Robot_Project/AMR_Robot/amr1_ws/src/sllidar_ros2/./sdk/include/rplidar_protocol.h:36\x1b[m\x1b[K,\n'}
[8.393957] (sllidar_ros2) StderrLine: {'line': b'                 from \x1b[01m\x1b[K/home/theanh/Robot_Project/AMR_Robot/amr1_ws/src/sllidar_ros2/./sdk/include/rplidar.h:39\x1b[m\x1b[K,\n'}
[8.394041] (sllidar_ros2) StderrLine: {'line': b'                 from \x1b[01m\x1b[K/home/theanh/Robot_Project/AMR_Robot/amr1_ws/src/sllidar_ros2/./sdk/src/sdkcommon.h:49\x1b[m\x1b[K,\n'}
[8.394129] (sllidar_ros2) StderrLine: {'line': b'                 from \x1b[01m\x1b[K/home/theanh/Robot_Project/AMR_Robot/amr1_ws/src/sllidar_ros2/sdk/src/dataunpacker/unpacker/../dataunnpacker_commondef.h:41\x1b[m\x1b[K,\n'}
[8.396391] (sllidar_ros2) StderrLine: {'line': b'                 from \x1b[01m\x1b[K/home/theanh/Robot_Project/AMR_Robot/amr1_ws/src/sllidar_ros2/sdk/src/dataunpacker/unpacker/handler_capsules.cpp:39\x1b[m\x1b[K:\n'}
[8.396550] (sllidar_ros2) StderrLine: {'line': b'\x1b[01m\x1b[K/home/theanh/Robot_Project/AMR_Robot/amr1_ws/src/sllidar_ros2/./sdk/include/sl_lidar_protocol.h:66:16:\x1b[m\x1b[K \x1b[01;35m\x1b[Kwarning: \x1b[m\x1b[KISO C++ forbids zero-size array \xe2\x80\x98\x1b[01m\x1b[Kdata\x1b[m\x1b[K\xe2\x80\x99 [\x1b[01;35m\x1b[K\x1b]8;;https://gcc.gnu.org/onlinedocs/gcc/Warning-Options.html#index-Wpedantic\x07-Wpedantic\x1b]8;;\x07\x1b[m\x1b[K]\n'}
[8.396675] (sllidar_ros2) StderrLine: {'line': b'   66 |     sl_u8 data[\x1b[01;35m\x1b[K0\x1b[m\x1b[K];\n'}
[8.396769] (sllidar_ros2) StderrLine: {'line': b'      |                \x1b[01;35m\x1b[K^\x1b[m\x1b[K\n'}
[8.396873] (sllidar_ros2) StderrLine: {'line': b'\x1b[01m\x1b[K/home/theanh/Robot_Project/AMR_Robot/amr1_ws/src/sllidar_ros2/sdk/src/arch/linux/net_serial.cpp:\x1b[m\x1b[K In member function \xe2\x80\x98\x1b[01m\x1b[Kvirtual void rp::arch::net::raw_serial::cancelOperation()\x1b[m\x1b[K\xe2\x80\x99:\n'}
[8.396980] (sllidar_ros2) StderrLine: {'line': b'\x1b[01m\x1b[K/home/theanh/Robot_Project/AMR_Robot/amr1_ws/src/sllidar_ros2/sdk/src/arch/linux/net_serial.cpp:427:5:\x1b[m\x1b[K \x1b[01;35m\x1b[Kwarning: \x1b[m\x1b[Kvalue computed is not used [\x1b[01;35m\x1b[K\x1b]8;;https://gcc.gnu.org/onlinedocs/gcc/Warning-Options.html#index-Wunused-value\x07-Wunused-value\x1b]8;;\x07\x1b[m\x1b[K]\n'}
[8.397088] (sllidar_ros2) StderrLine: {'line': b'  427 |     \x1b[01;35m\x1b[K(int)::write(_selfpipe[1], "x", 1)\x1b[m\x1b[K;\n'}
[8.397221] (sllidar_ros2) StderrLine: {'line': b'      |     \x1b[01;35m\x1b[K^~~~~~~~~~~~~~~~~~~~~~~~~~~~~~~~~~\x1b[m\x1b[K\n'}
[8.397334] (sllidar_ros2) StderrLine: {'line': b'In file included from \x1b[01m\x1b[K/home/theanh/Robot_Project/AMR_Robot/amr1_ws/src/sllidar_ros2/./sdk/include/rplidar_cmd.h:36\x1b[m\x1b[K,\n'}
[8.397435] (sllidar_ros2) StderrLine: {'line': b'                 from \x1b[01m\x1b[K/home/theanh/Robot_Project/AMR_Robot/amr1_ws/src/sllidar_ros2/./sdk/include/rplidar.h:40\x1b[m\x1b[K,\n'}
[8.397535] (sllidar_ros2) StderrLine: {'line': b'                 from \x1b[01m\x1b[K/home/theanh/Robot_Project/AMR_Robot/amr1_ws/src/sllidar_ros2/./sdk/src/sdkcommon.h:49\x1b[m\x1b[K,\n'}
[8.397641] (sllidar_ros2) StderrLine: {'line': b'                 from \x1b[01m\x1b[K/home/theanh/Robot_Project/AMR_Robot/amr1_ws/src/sllidar_ros2/sdk/src/dataunpacker/unpacker/../dataunnpacker_commondef.h:41\x1b[m\x1b[K,\n'}
[8.397748] (sllidar_ros2) StderrLine: {'line': b'                 from \x1b[01m\x1b[K/home/theanh/Robot_Project/AMR_Robot/amr1_ws/src/sllidar_ros2/sdk/src/dataunpacker/unpacker/handler_capsules.cpp:39\x1b[m\x1b[K:\n'}
[8.397852] (sllidar_ros2) StderrLine: {'line': b'\x1b[01m\x1b[K/home/theanh/Robot_Project/AMR_Robot/amr1_ws/src/sllidar_ros2/./sdk/include/sl_lidar_cmd.h:324:20:\x1b[m\x1b[K \x1b[01;35m\x1b[Kwarning: \x1b[m\x1b[KISO C++ forbids zero-size array \xe2\x80\x98\x1b[01m\x1b[Kpayload\x1b[m\x1b[K\xe2\x80\x99 [\x1b[01;35m\x1b[K\x1b]8;;https://gcc.gnu.org/onlinedocs/gcc/Warning-Options.html#index-Wpedantic\x07-Wpedantic\x1b]8;;\x07\x1b[m\x1b[K]\n'}
[8.397959] (sllidar_ros2) StderrLine: {'line': b'  324 |     sl_u8  payload[\x1b[01;35m\x1b[K0\x1b[m\x1b[K];\n'}
[8.398059] (sllidar_ros2) StderrLine: {'line': b'      |                    \x1b[01;35m\x1b[K^\x1b[m\x1b[K\n'}
[8.404837] (amr_reality_pkg) StdoutLine: {'line': b'-- Symlinking: /home/theanh/Robot_Project/AMR_Robot/amr1_ws/install/amr_reality_pkg/share/ament_index/resource_index/package_run_dependencies/amr_reality_pkg\n'}
[8.417581] (-) TimerEvent: {}
[8.419394] (sllidar_ros2) StderrLine: {'line': b'In file included from \x1b[01m\x1b[K/home/theanh/Robot_Project/AMR_Robot/amr1_ws/src/sllidar_ros2/./sdk/include/rplidar_protocol.h:36\x1b[m\x1b[K,\n'}
[8.419719] (sllidar_ros2) StderrLine: {'line': b'                 from \x1b[01m\x1b[K/home/theanh/Robot_Project/AMR_Robot/amr1_ws/src/sllidar_ros2/./sdk/include/rplidar.h:39\x1b[m\x1b[K,\n'}
[8.419912] (sllidar_ros2) StderrLine: {'line': b'                 from \x1b[01m\x1b[K/home/theanh/Robot_Project/AMR_Robot/amr1_ws/src/sllidar_ros2/./sdk/src/sdkcommon.h:49\x1b[m\x1b[K,\n'}
[8.420085] (sllidar_ros2) StderrLine: {'line': b'                 from \x1b[01m\x1b[K/home/theanh/Robot_Project/AMR_Robot/amr1_ws/src/sllidar_ros2/sdk/src/dataunpacker/dataunnpacker_commondef.h:41\x1b[m\x1b[K,\n'}
[8.420354] (sllidar_ros2) StderrLine: {'line': b'                 from \x1b[01m\x1b[K/home/theanh/Robot_Project/AMR_Robot/amr1_ws/src/sllidar_ros2/sdk/src/dataunpacker/dataunpacker.cpp:39\x1b[m\x1b[K:\n'}
[8.420508] (sllidar_ros2) StderrLine: {'line': b'\x1b[01m\x1b[K/home/theanh/Robot_Project/AMR_Robot/amr1_ws/src/sllidar_ros2/./sdk/include/sl_lidar_protocol.h:66:16:\x1b[m\x1b[K \x1b[01;35m\x1b[Kwarning: \x1b[m\x1b[KISO C++ forbids zero-size array \xe2\x80\x98\x1b[01m\x1b[Kdata\x1b[m\x1b[K\xe2\x80\x99 [\x1b[01;35m\x1b[K\x1b]8;;https://gcc.gnu.org/onlinedocs/gcc/Warning-Options.html#index-Wpedantic\x07-Wpedantic\x1b]8;;\x07\x1b[m\x1b[K]\n'}
[8.420646] (sllidar_ros2) StderrLine: {'line': b'   66 |     sl_u8 data[\x1b[01;35m\x1b[K0\x1b[m\x1b[K];\n'}
[8.420765] (sllidar_ros2) StderrLine: {'line': b'      |                \x1b[01;35m\x1b[K^\x1b[m\x1b[K\n'}
[8.420874] (sllidar_ros2) StderrLine: {'line': b'In file included from \x1b[01m\x1b[K/home/theanh/Robot_Project/AMR_Robot/amr1_ws/src/sllidar_ros2/./sdk/include/rplidar_cmd.h:36\x1b[m\x1b[K,\n'}
[8.420984] (sllidar_ros2) StderrLine: {'line': b'                 from \x1b[01m\x1b[K/home/theanh/Robot_Project/AMR_Robot/amr1_ws/src/sllidar_ros2/./sdk/include/rplidar.h:40\x1b[m\x1b[K,\n'}
[8.421097] (sllidar_ros2) StderrLine: {'line': b'                 from \x1b[01m\x1b[K/home/theanh/Robot_Project/AMR_Robot/amr1_ws/src/sllidar_ros2/./sdk/src/sdkcommon.h:49\x1b[m\x1b[K,\n'}
[8.421247] (sllidar_ros2) StderrLine: {'line': b'                 from \x1b[01m\x1b[K/home/theanh/Robot_Project/AMR_Robot/amr1_ws/src/sllidar_ros2/sdk/src/dataunpacker/dataunnpacker_commondef.h:41\x1b[m\x1b[K,\n'}
[8.421369] (sllidar_ros2) StderrLine: {'line': b'                 from \x1b[01m\x1b[K/home/theanh/Robot_Project/AMR_Robot/amr1_ws/src/sllidar_ros2/sdk/src/dataunpacker/dataunpacker.cpp:39\x1b[m\x1b[K:\n'}
[8.421482] (sllidar_ros2) StderrLine: {'line': b'\x1b[01m\x1b[K/home/theanh/Robot_Project/AMR_Robot/amr1_ws/src/sllidar_ros2/./sdk/include/sl_lidar_cmd.h:324:20:\x1b[m\x1b[K \x1b[01;35m\x1b[Kwarning: \x1b[m\x1b[KISO C++ forbids zero-size array \xe2\x80\x98\x1b[01m\x1b[Kpayload\x1b[m\x1b[K\xe2\x80\x99 [\x1b[01;35m\x1b[K\x1b]8;;https://gcc.gnu.org/onlinedocs/gcc/Warning-Options.html#index-Wpedantic\x07-Wpedantic\x1b]8;;\x07\x1b[m\x1b[K]\n'}
[8.421592] (sllidar_ros2) StderrLine: {'line': b'  324 |     sl_u8  payload[\x1b[01;35m\x1b[K0\x1b[m\x1b[K];\n'}
[8.421687] (sllidar_ros2) StderrLine: {'line': b'      |                    \x1b[01;35m\x1b[K^\x1b[m\x1b[K\n'}
[8.437254] (amr_reality_pkg) StdoutLine: {'line': b'-- Symlinking: /home/theanh/Robot_Project/AMR_Robot/amr1_ws/install/amr_reality_pkg/share/ament_index/resource_index/parent_prefix_path/amr_reality_pkg\n'}
[8.457533] (sllidar_ros2) StderrLine: {'line': b'In file included from \x1b[01m\x1b[K/home/theanh/Robot_Project/AMR_Robot/amr1_ws/src/sllidar_ros2/sdk/src/sl_async_transceiver.cpp:44\x1b[m\x1b[K:\n'}
[8.457851] (sllidar_ros2) StderrLine: {'line': b'\x1b[01m\x1b[K/home/theanh/Robot_Project/AMR_Robot/amr1_ws/src/sllidar_ros2/sdk/src/sl_async_transceiver.h:\x1b[m\x1b[K In member function \xe2\x80\x98\x1b[01m\x1b[Kvirtual void sl::internal::IAsyncProtocolCodec::onChannelError(u_result)\x1b[m\x1b[K\xe2\x80\x99:\n'}
[8.458026] (sllidar_ros2) StderrLine: {'line': b'\x1b[01m\x1b[K/home/theanh/Robot_Project/AMR_Robot/amr1_ws/src/sllidar_ros2/sdk/src/sl_async_transceiver.h:90:48:\x1b[m\x1b[K \x1b[01;35m\x1b[Kwarning: \x1b[m\x1b[Kunused parameter \xe2\x80\x98\x1b[01m\x1b[KerrCode\x1b[m\x1b[K\xe2\x80\x99 [\x1b[01;35m\x1b[K\x1b]8;;https://gcc.gnu.org/onlinedocs/gcc/Warning-Options.html#index-Wunused-parameter\x07-Wunused-parameter\x1b]8;;\x07\x1b[m\x1b[K]\n'}
[8.459232] (sllidar_ros2) StderrLine: {'line': b'   90 |         virtual void   onChannelError(\x1b[01;35m\x1b[Ku_result errCode\x1b[m\x1b[K) {}\n'}
[8.459475] (sllidar_ros2) StderrLine: {'line': b'      |                                       \x1b[01;35m\x1b[K~~~~~~~~~^~~~~~~\x1b[m\x1b[K\n'}
[8.473477] (amr_reality_pkg) StdoutLine: {'line': b'-- Symlinking: /home/theanh/Robot_Project/AMR_Robot/amr1_ws/install/amr_reality_pkg/share/amr_reality_pkg/environment/ament_prefix_path.sh\n'}
[8.503254] (amr_reality_pkg) StdoutLine: {'line': b'-- Symlinking: /home/theanh/Robot_Project/AMR_Robot/amr1_ws/install/amr_reality_pkg/share/amr_reality_pkg/environment/ament_prefix_path.dsv\n'}
[8.517713] (-) TimerEvent: {}
[8.543132] (sllidar_ros2) StderrLine: {'line': b'In file included from \x1b[01m\x1b[K/home/theanh/Robot_Project/AMR_Robot/amr1_ws/src/sllidar_ros2/sdk/src/dataunpacker/unpacker/handler_hqnode.cpp:40\x1b[m\x1b[K:\n'}
[8.544468] (sllidar_ros2) StderrLine: {'line': b'\x1b[01m\x1b[K/home/theanh/Robot_Project/AMR_Robot/amr1_ws/src/sllidar_ros2/sdk/src/dataunpacker/unpacker/../dataunpacker.h:\x1b[m\x1b[K In member function \xe2\x80\x98\x1b[01m\x1b[Kvirtual void sl::internal::LIDARSampleDataListener::onCustomSampleDataDecoded(_u8, _u32, const void*, size_t)\x1b[m\x1b[K\xe2\x80\x99:\n'}
[8.544624] (sllidar_ros2) StderrLine: {'line': b'\x1b[01m\x1b[K/home/theanh/Robot_Project/AMR_Robot/amr1_ws/src/sllidar_ros2/sdk/src/dataunpacker/unpacker/../dataunpacker.h:54:52:\x1b[m\x1b[K \x1b[01;35m\x1b[Kwarning: \x1b[m\x1b[Kunused parameter \xe2\x80\x98\x1b[01m\x1b[KansType\x1b[m\x1b[K\xe2\x80\x99 [\x1b[01;35m\x1b[K\x1b]8;;https://gcc.gnu.org/onlinedocs/gcc/Warning-Options.html#index-Wunused-parameter\x07-Wunused-parameter\x1b]8;;\x07\x1b[m\x1b[K]\n'}
[8.544745] (sllidar_ros2) StderrLine: {'line': b'   54 |         virtual void onCustomSampleDataDecoded(\x1b[01;35m\x1b[K_u8 ansType\x1b[m\x1b[K, _u32 customCode, const void* data, size_t size) {}\n'}
[8.544833] (sllidar_ros2) StderrLine: {'line': b'      |                                                \x1b[01;35m\x1b[K~~~~^~~~~~~\x1b[m\x1b[K\n'}
[8.544918] (sllidar_ros2) StderrLine: {'line': b'\x1b[01m\x1b[K/home/theanh/Robot_Project/AMR_Robot/amr1_ws/src/sllidar_ros2/sdk/src/dataunpacker/unpacker/../dataunpacker.h:54:66:\x1b[m\x1b[K \x1b[01;35m\x1b[Kwarning: \x1b[m\x1b[Kunused parameter \xe2\x80\x98\x1b[01m\x1b[KcustomCode\x1b[m\x1b[K\xe2\x80\x99 [\x1b[01;35m\x1b[K\x1b]8;;https://gcc.gnu.org/onlinedocs/gcc/Warning-Options.html#index-Wunused-parameter\x07-Wunused-parameter\x1b]8;;\x07\x1b[m\x1b[K]\n'}
[8.545024] (sllidar_ros2) StderrLine: {'line': b'   54 |         virtual void onCustomSampleDataDecoded(_u8 ansType, \x1b[01;35m\x1b[K_u32 customCode\x1b[m\x1b[K, const void* data, size_t size) {}\n'}
[8.545114] (sllidar_ros2) StderrLine: {'line': b'      |                                                             \x1b[01;35m\x1b[K~~~~~^~~~~~~~~~\x1b[m\x1b[K\n'}
[8.545209] (sllidar_ros2) StderrLine: {'line': b'\x1b[01m\x1b[K/home/theanh/Robot_Project/AMR_Robot/amr1_ws/src/sllidar_ros2/sdk/src/dataunpacker/unpacker/../dataunpacker.h:54:90:\x1b[m\x1b[K \x1b[01;35m\x1b[Kwarning: \x1b[m\x1b[Kunused parameter \xe2\x80\x98\x1b[01m\x1b[Kdata\x1b[m\x1b[K\xe2\x80\x99 [\x1b[01;35m\x1b[K\x1b]8;;https://gcc.gnu.org/onlinedocs/gcc/Warning-Options.html#index-Wunused-parameter\x07-Wunused-parameter\x1b]8;;\x07\x1b[m\x1b[K]\n'}
[8.545302] (sllidar_ros2) StderrLine: {'line': b'   54 |         virtual void onCustomSampleDataDecoded(_u8 ansType, _u32 customCode, \x1b[01;35m\x1b[Kconst void* data\x1b[m\x1b[K, size_t size) {}\n'}
[8.545383] (sllidar_ros2) StderrLine: {'line': b'      |                                                                              \x1b[01;35m\x1b[K~~~~~~~~~~~~^~~~\x1b[m\x1b[K\n'}
[8.545474] (sllidar_ros2) StderrLine: {'line': b'\x1b[01m\x1b[K/home/theanh/Robot_Project/AMR_Robot/amr1_ws/src/sllidar_ros2/sdk/src/dataunpacker/unpacker/../dataunpacker.h:54:103:\x1b[m\x1b[K \x1b[01;35m\x1b[Kwarning: \x1b[m\x1b[Kunused parameter \xe2\x80\x98\x1b[01m\x1b[Ksize\x1b[m\x1b[K\xe2\x80\x99 [\x1b[01;35m\x1b[K\x1b]8;;https://gcc.gnu.org/onlinedocs/gcc/Warning-Options.html#index-Wunused-parameter\x07-Wunused-parameter\x1b]8;;\x07\x1b[m\x1b[K]\n'}
[8.545595] (sllidar_ros2) StderrLine: {'line': b'   54 |         virtual void onCustomSampleDataDecoded(_u8 ansType, _u32 customCode, const void* data, \x1b[01;35m\x1b[Ksize_t size\x1b[m\x1b[K) {}\n'}
[8.545692] (sllidar_ros2) StderrLine: {'line': b'      |                                                                                                \x1b[01;35m\x1b[K~~~~~~~^~~~\x1b[m\x1b[K\n'}
[8.545769] (sllidar_ros2) StderrLine: {'line': b'\x1b[01m\x1b[K/home/theanh/Robot_Project/AMR_Robot/amr1_ws/src/sllidar_ros2/sdk/src/dataunpacker/unpacker/../dataunpacker.h:\x1b[m\x1b[K In member function \xe2\x80\x98\x1b[01m\x1b[Kvirtual void sl::internal::LIDARSampleDataListener::onDecodingError(int, _u8, const void*, size_t)\x1b[m\x1b[K\xe2\x80\x99:\n'}
[8.545859] (sllidar_ros2) StderrLine: {'line': b'\x1b[01m\x1b[K/home/theanh/Robot_Project/AMR_Robot/amr1_ws/src/sllidar_ros2/sdk/src/dataunpacker/unpacker/../dataunpacker.h:56:42:\x1b[m\x1b[K \x1b[01;35m\x1b[Kwarning: \x1b[m\x1b[Kunused parameter \xe2\x80\x98\x1b[01m\x1b[KerrMsg\x1b[m\x1b[K\xe2\x80\x99 [\x1b[01;35m\x1b[K\x1b]8;;https://gcc.gnu.org/onlinedocs/gcc/Warning-Options.html#index-Wunused-parameter\x07-Wunused-parameter\x1b]8;;\x07\x1b[m\x1b[K]\n'}
[8.545935] (sllidar_ros2) StderrLine: {'line': b'   56 |         virtual void onDecodingError(\x1b[01;35m\x1b[Kint errMsg\x1b[m\x1b[K, _u8 ansType, const void* payload, size_t size) {}\n'}
[8.546012] (sllidar_ros2) StderrLine: {'line': b'      |                                      \x1b[01;35m\x1b[K~~~~^~~~~~\x1b[m\x1b[K\n'}
[8.546086] (sllidar_ros2) StderrLine: {'line': b'\x1b[01m\x1b[K/home/theanh/Robot_Project/AMR_Robot/amr1_ws/src/sllidar_ros2/sdk/src/dataunpacker/unpacker/../dataunpacker.h:56:54:\x1b[m\x1b[K \x1b[01;35m\x1b[Kwarning: \x1b[m\x1b[Kunused parameter \xe2\x80\x98\x1b[01m\x1b[KansType\x1b[m\x1b[K\xe2\x80\x99 [\x1b[01;35m\x1b[K\x1b]8;;https://gcc.gnu.org/onlinedocs/gcc/Warning-Options.html#index-Wunused-parameter\x07-Wunused-parameter\x1b]8;;\x07\x1b[m\x1b[K]\n'}
[8.548189] (sllidar_ros2) StderrLine: {'line': b'   56 |         virtual void onDecodingError(int errMsg, \x1b[01;35m\x1b[K_u8 ansType\x1b[m\x1b[K, const void* payload, size_t size) {}\n'}
[8.548461] (sllidar_ros2) StderrLine: {'line': b'      |                                                  \x1b[01;35m\x1b[K~~~~^~~~~~~\x1b[m\x1b[K\n'}
[8.548561] (sllidar_ros2) StderrLine: {'line': b'\x1b[01m\x1b[K/home/theanh/Robot_Project/AMR_Robot/amr1_ws/src/sllidar_ros2/sdk/src/dataunpacker/unpacker/../dataunpacker.h:56:75:\x1b[m\x1b[K \x1b[01;35m\x1b[Kwarning: \x1b[m\x1b[Kunused parameter \xe2\x80\x98\x1b[01m\x1b[Kpayload\x1b[m\x1b[K\xe2\x80\x99 [\x1b[01;35m\x1b[K\x1b]8;;https://gcc.gnu.org/onlinedocs/gcc/Warning-Options.html#index-Wunused-parameter\x07-Wunused-parameter\x1b]8;;\x07\x1b[m\x1b[K]\n'}
[8.548656] (sllidar_ros2) StderrLine: {'line': b'   56 |         virtual void onDecodingError(int errMsg, _u8 ansType, \x1b[01;35m\x1b[Kconst void* payload\x1b[m\x1b[K, size_t size) {}\n'}
[8.548739] (sllidar_ros2) StderrLine: {'line': b'      |                                                               \x1b[01;35m\x1b[K~~~~~~~~~~~~^~~~~~~\x1b[m\x1b[K\n'}
[8.548822] (sllidar_ros2) StderrLine: {'line': b'\x1b[01m\x1b[K/home/theanh/Robot_Project/AMR_Robot/amr1_ws/src/sllidar_ros2/sdk/src/dataunpacker/unpacker/../dataunpacker.h:56:91:\x1b[m\x1b[K \x1b[01;35m\x1b[Kwarning: \x1b[m\x1b[Kunused parameter \xe2\x80\x98\x1b[01m\x1b[Ksize\x1b[m\x1b[K\xe2\x80\x99 [\x1b[01;35m\x1b[K\x1b]8;;https://gcc.gnu.org/onlinedocs/gcc/Warning-Options.html#index-Wunused-parameter\x07-Wunused-parameter\x1b]8;;\x07\x1b[m\x1b[K]\n'}
[8.548911] (sllidar_ros2) StderrLine: {'line': b'   56 |         virtual void onDecodingError(int errMsg, _u8 ansType, const void* payload, \x1b[01;35m\x1b[Ksize_t size\x1b[m\x1b[K) {}\n'}
[8.548992] (sllidar_ros2) StderrLine: {'line': b'      |                                                                                    \x1b[01;35m\x1b[K~~~~~~~^~~~\x1b[m\x1b[K\n'}
[8.549066] (amr_reality_pkg) StdoutLine: {'line': b'-- Symlinking: /home/theanh/Robot_Project/AMR_Robot/amr1_ws/install/amr_reality_pkg/share/amr_reality_pkg/environment/path.sh\n'}
[8.568261] (sllidar_ros2) StderrLine: {'line': b'In file included from \x1b[01m\x1b[K/home/theanh/Robot_Project/AMR_Robot/amr1_ws/src/sllidar_ros2/./sdk/include/rplidar_protocol.h:36\x1b[m\x1b[K,\n'}
[8.568587] (sllidar_ros2) StderrLine: {'line': b'                 from \x1b[01m\x1b[K/home/theanh/Robot_Project/AMR_Robot/amr1_ws/src/sllidar_ros2/./sdk/include/rplidar.h:39\x1b[m\x1b[K,\n'}
[8.568751] (sllidar_ros2) StderrLine: {'line': b'                 from \x1b[01m\x1b[K/home/theanh/Robot_Project/AMR_Robot/amr1_ws/src/sllidar_ros2/./sdk/src/sdkcommon.h:49\x1b[m\x1b[K,\n'}
[8.568857] (sllidar_ros2) StderrLine: {'line': b'                 from \x1b[01m\x1b[K/home/theanh/Robot_Project/AMR_Robot/amr1_ws/src/sllidar_ros2/sdk/src/hal/thread.cpp:35\x1b[m\x1b[K:\n'}
[8.568946] (sllidar_ros2) StderrLine: {'line': b'\x1b[01m\x1b[K/home/theanh/Robot_Project/AMR_Robot/amr1_ws/src/sllidar_ros2/./sdk/include/sl_lidar_protocol.h:66:16:\x1b[m\x1b[K \x1b[01;35m\x1b[Kwarning: \x1b[m\x1b[KISO C++ forbids zero-size array \xe2\x80\x98\x1b[01m\x1b[Kdata\x1b[m\x1b[K\xe2\x80\x99 [\x1b[01;35m\x1b[K\x1b]8;;https://gcc.gnu.org/onlinedocs/gcc/Warning-Options.html#index-Wpedantic\x07-Wpedantic\x1b]8;;\x07\x1b[m\x1b[K]\n'}
[8.569033] (sllidar_ros2) StderrLine: {'line': b'   66 |     sl_u8 data[\x1b[01;35m\x1b[K0\x1b[m\x1b[K];\n'}
[8.569111] (sllidar_ros2) StderrLine: {'line': b'      |                \x1b[01;35m\x1b[K^\x1b[m\x1b[K\n'}
[8.570434] (sllidar_ros2) StderrLine: {'line': b'In file included from \x1b[01m\x1b[K/home/theanh/Robot_Project/AMR_Robot/amr1_ws/src/sllidar_ros2/./sdk/include/rplidar_protocol.h:36\x1b[m\x1b[K,\n'}
[8.570553] (sllidar_ros2) StderrLine: {'line': b'                 from \x1b[01m\x1b[K/home/theanh/Robot_Project/AMR_Robot/amr1_ws/src/sllidar_ros2/./sdk/include/rplidar.h:39\x1b[m\x1b[K,\n'}
[8.570646] (sllidar_ros2) StderrLine: {'line': b'                 from \x1b[01m\x1b[K/home/theanh/Robot_Project/AMR_Robot/amr1_ws/src/sllidar_ros2/sdk/src/sdkcommon.h:49\x1b[m\x1b[K,\n'}
[8.570726] (sllidar_ros2) StderrLine: {'line': b'                 from \x1b[01m\x1b[K/home/theanh/Robot_Project/AMR_Robot/amr1_ws/src/sllidar_ros2/sdk/src/sl_lidar_driver.cpp:33\x1b[m\x1b[K:\n'}
[8.570800] (sllidar_ros2) StderrLine: {'line': b'\x1b[01m\x1b[K/home/theanh/Robot_Project/AMR_Robot/amr1_ws/src/sllidar_ros2/./sdk/include/sl_lidar_protocol.h:66:16:\x1b[m\x1b[K \x1b[01;35m\x1b[Kwarning: \x1b[m\x1b[KISO C++ forbids zero-size array \xe2\x80\x98\x1b[01m\x1b[Kdata\x1b[m\x1b[K\xe2\x80\x99 [\x1b[01;35m\x1b[K\x1b]8;;https://gcc.gnu.org/onlinedocs/gcc/Warning-Options.html#index-Wpedantic\x07-Wpedantic\x1b]8;;\x07\x1b[m\x1b[K]\n'}
[8.570880] (sllidar_ros2) StderrLine: {'line': b'   66 |     sl_u8 data[\x1b[01;35m\x1b[K0\x1b[m\x1b[K];\n'}
[8.570954] (sllidar_ros2) StderrLine: {'line': b'      |                \x1b[01;35m\x1b[K^\x1b[m\x1b[K\n'}
[8.571026] (sllidar_ros2) StderrLine: {'line': b'In file included from \x1b[01m\x1b[K/home/theanh/Robot_Project/AMR_Robot/amr1_ws/src/sllidar_ros2/./sdk/include/rplidar_cmd.h:36\x1b[m\x1b[K,\n'}
[8.571098] (sllidar_ros2) StderrLine: {'line': b'                 from \x1b[01m\x1b[K/home/theanh/Robot_Project/AMR_Robot/amr1_ws/src/sllidar_ros2/./sdk/include/rplidar.h:40\x1b[m\x1b[K,\n'}
[8.571186] (sllidar_ros2) StderrLine: {'line': b'                 from \x1b[01m\x1b[K/home/theanh/Robot_Project/AMR_Robot/amr1_ws/src/sllidar_ros2/sdk/src/sdkcommon.h:49\x1b[m\x1b[K,\n'}
[8.571271] (sllidar_ros2) StderrLine: {'line': b'                 from \x1b[01m\x1b[K/home/theanh/Robot_Project/AMR_Robot/amr1_ws/src/sllidar_ros2/sdk/src/sl_lidar_driver.cpp:33\x1b[m\x1b[K:\n'}
[8.571345] (sllidar_ros2) StderrLine: {'line': b'\x1b[01m\x1b[K/home/theanh/Robot_Project/AMR_Robot/amr1_ws/src/sllidar_ros2/./sdk/include/sl_lidar_cmd.h:324:20:\x1b[m\x1b[K \x1b[01;35m\x1b[Kwarning: \x1b[m\x1b[KISO C++ forbids zero-size array \xe2\x80\x98\x1b[01m\x1b[Kpayload\x1b[m\x1b[K\xe2\x80\x99 [\x1b[01;35m\x1b[K\x1b]8;;https://gcc.gnu.org/onlinedocs/gcc/Warning-Options.html#index-Wpedantic\x07-Wpedantic\x1b]8;;\x07\x1b[m\x1b[K]\n'}
[8.571424] (sllidar_ros2) StderrLine: {'line': b'  324 |     sl_u8  payload[\x1b[01;35m\x1b[K0\x1b[m\x1b[K];\n'}
[8.571497] (sllidar_ros2) StderrLine: {'line': b'      |                    \x1b[01;35m\x1b[K^\x1b[m\x1b[K\n'}
[8.571570] (sllidar_ros2) StderrLine: {'line': b'In file included from \x1b[01m\x1b[K/home/theanh/Robot_Project/AMR_Robot/amr1_ws/src/sllidar_ros2/./sdk/include/rplidar_cmd.h:36\x1b[m\x1b[K,\n'}
[8.571654] (sllidar_ros2) StderrLine: {'line': b'                 from \x1b[01m\x1b[K/home/theanh/Robot_Project/AMR_Robot/amr1_ws/src/sllidar_ros2/./sdk/include/rplidar.h:40\x1b[m\x1b[K,\n'}
[8.571740] (sllidar_ros2) StderrLine: {'line': b'                 from \x1b[01m\x1b[K/home/theanh/Robot_Project/AMR_Robot/amr1_ws/src/sllidar_ros2/./sdk/src/sdkcommon.h:49\x1b[m\x1b[K,\n'}
[8.571831] (sllidar_ros2) StderrLine: {'line': b'                 from \x1b[01m\x1b[K/home/theanh/Robot_Project/AMR_Robot/amr1_ws/src/sllidar_ros2/sdk/src/hal/thread.cpp:35\x1b[m\x1b[K:\n'}
[8.571911] (sllidar_ros2) StderrLine: {'line': b'\x1b[01m\x1b[K/home/theanh/Robot_Project/AMR_Robot/amr1_ws/src/sllidar_ros2/./sdk/include/sl_lidar_cmd.h:324:20:\x1b[m\x1b[K \x1b[01;35m\x1b[Kwarning: \x1b[m\x1b[KISO C++ forbids zero-size array \xe2\x80\x98\x1b[01m\x1b[Kpayload\x1b[m\x1b[K\xe2\x80\x99 [\x1b[01;35m\x1b[K\x1b]8;;https://gcc.gnu.org/onlinedocs/gcc/Warning-Options.html#index-Wpedantic\x07-Wpedantic\x1b]8;;\x07\x1b[m\x1b[K]\n'}
[8.571992] (sllidar_ros2) StderrLine: {'line': b'  324 |     sl_u8  payload[\x1b[01;35m\x1b[K0\x1b[m\x1b[K];\n'}
[8.572064] (sllidar_ros2) StderrLine: {'line': b'      |                    \x1b[01;35m\x1b[K^\x1b[m\x1b[K\n'}
[8.576224] (amr_reality_pkg) StdoutLine: {'line': b'-- Symlinking: /home/theanh/Robot_Project/AMR_Robot/amr1_ws/install/amr_reality_pkg/share/amr_reality_pkg/environment/path.dsv\n'}
[8.576519] (sllidar_ros2) StderrLine: {'line': b'\x1b[01m\x1b[K/home/theanh/Robot_Project/AMR_Robot/amr1_ws/src/sllidar_ros2/sdk/src/rplidar_driver.cpp:\x1b[m\x1b[K In member function \xe2\x80\x98\x1b[01m\x1b[Ku_result rp::standalone::rplidar::RPlidarDriver::connect(const char*, _u32, _u32)\x1b[m\x1b[K\xe2\x80\x99:\n'}
[8.576678] (sllidar_ros2) StderrLine: {'line': b'\x1b[01m\x1b[K/home/theanh/Robot_Project/AMR_Robot/amr1_ws/src/sllidar_ros2/sdk/src/rplidar_driver.cpp:67:77:\x1b[m\x1b[K \x1b[01;35m\x1b[Kwarning: \x1b[m\x1b[Kunused parameter \xe2\x80\x98\x1b[01m\x1b[Kflag\x1b[m\x1b[K\xe2\x80\x99 [\x1b[01;35m\x1b[K\x1b]8;;https://gcc.gnu.org/onlinedocs/gcc/Warning-Options.html#index-Wunused-parameter\x07-Wunused-parameter\x1b]8;;\x07\x1b[m\x1b[K]\n'}
[8.576813] (sllidar_ros2) StderrLine: {'line': b'   67 |     u_result RPlidarDriver::connect(const char *path, _u32 portOrBaud, \x1b[01;35m\x1b[K_u32 flag\x1b[m\x1b[K)\n'}
[8.576906] (sllidar_ros2) StderrLine: {'line': b'      |                                                                        \x1b[01;35m\x1b[K~~~~~^~~~\x1b[m\x1b[K\n'}
[8.576996] (sllidar_ros2) StderrLine: {'line': b'\x1b[01m\x1b[K/home/theanh/Robot_Project/AMR_Robot/amr1_ws/src/sllidar_ros2/sdk/src/rplidar_driver.cpp:\x1b[m\x1b[K In member function \xe2\x80\x98\x1b[01m\x1b[Ku_result rp::standalone::rplidar::RPlidarDriver::reset(_u32)\x1b[m\x1b[K\xe2\x80\x99:\n'}
[8.577075] (sllidar_ros2) StderrLine: {'line': b'\x1b[01m\x1b[K/home/theanh/Robot_Project/AMR_Robot/amr1_ws/src/sllidar_ros2/sdk/src/rplidar_driver.cpp:101:40:\x1b[m\x1b[K \x1b[01;35m\x1b[Kwarning: \x1b[m\x1b[Kunused parameter \xe2\x80\x98\x1b[01m\x1b[Ktimeout\x1b[m\x1b[K\xe2\x80\x99 [\x1b[01;35m\x1b[K\x1b]8;;https://gcc.gnu.org/onlinedocs/gcc/Warning-Options.html#index-Wunused-parameter\x07-Wunused-parameter\x1b]8;;\x07\x1b[m\x1b[K]\n'}
[8.577164] (sllidar_ros2) StderrLine: {'line': b'  101 |     u_result RPlidarDriver::reset(\x1b[01;35m\x1b[K_u32 timeout\x1b[m\x1b[K)\n'}
[8.577266] (sllidar_ros2) StderrLine: {'line': b'      |                                   \x1b[01;35m\x1b[K~~~~~^~~~~~~\x1b[m\x1b[K\n'}
[8.577343] (sllidar_ros2) StderrLine: {'line': b'\x1b[01m\x1b[K/home/theanh/Robot_Project/AMR_Robot/amr1_ws/src/sllidar_ros2/sdk/src/rplidar_driver.cpp:\x1b[m\x1b[K In member function \xe2\x80\x98\x1b[01m\x1b[Ku_result rp::standalone::rplidar::RPlidarDriver::getScanDataWithInterval(rplidar_response_measurement_node_t*, size_t&)\x1b[m\x1b[K\xe2\x80\x99:\n'}
[8.577419] (sllidar_ros2) StderrLine: {'line': b'\x1b[01m\x1b[K/home/theanh/Robot_Project/AMR_Robot/amr1_ws/src/sllidar_ros2/sdk/src/rplidar_driver.cpp:180:91:\x1b[m\x1b[K \x1b[01;35m\x1b[Kwarning: \x1b[m\x1b[Kunused parameter \xe2\x80\x98\x1b[01m\x1b[Knodebuffer\x1b[m\x1b[K\xe2\x80\x99 [\x1b[01;35m\x1b[K\x1b]8;;https://gcc.gnu.org/onlinedocs/gcc/Warning-Options.html#index-Wunused-parameter\x07-Wunused-parameter\x1b]8;;\x07\x1b[m\x1b[K]\n'}
[8.577511] (sllidar_ros2) StderrLine: {'line': b'  180 |     u_result RPlidarDriver::getScanDataWithInterval(\x1b[01;35m\x1b[Krplidar_response_measurement_node_t * nodebuffer\x1b[m\x1b[K, size_t & count)\n'}
[8.577589] (sllidar_ros2) StderrLine: {'line': b'      |                                                     \x1b[01;35m\x1b[K~~~~~~~~~~~~~~~~~~~~~~~~~~~~~~~~~~~~~~^~~~~~~~~~\x1b[m\x1b[K\n'}
[8.578365] (sllidar_ros2) StderrLine: {'line': b'\x1b[01m\x1b[K/home/theanh/Robot_Project/AMR_Robot/amr1_ws/src/sllidar_ros2/sdk/src/rplidar_driver.cpp:180:112:\x1b[m\x1b[K \x1b[01;35m\x1b[Kwarning: \x1b[m\x1b[Kunused parameter \xe2\x80\x98\x1b[01m\x1b[Kcount\x1b[m\x1b[K\xe2\x80\x99 [\x1b[01;35m\x1b[K\x1b]8;;https://gcc.gnu.org/onlinedocs/gcc/Warning-Options.html#index-Wunused-parameter\x07-Wunused-parameter\x1b]8;;\x07\x1b[m\x1b[K]\n'}
[8.578516] (sllidar_ros2) StderrLine: {'line': b'  180 |     u_result RPlidarDriver::getScanDataWithInterval(rplidar_response_measurement_node_t * nodebuffer, \x1b[01;35m\x1b[Ksize_t & count\x1b[m\x1b[K)\n'}
[8.578613] (sllidar_ros2) StderrLine: {'line': b'      |                                                                                                       \x1b[01;35m\x1b[K~~~~~~~~~^~~~~\x1b[m\x1b[K\n'}
[8.596219] (amr_reality_pkg) StdoutLine: {'line': b'-- Symlinking: /home/theanh/Robot_Project/AMR_Robot/amr1_ws/install/amr_reality_pkg/share/amr_reality_pkg/local_setup.bash\n'}
[8.617869] (-) TimerEvent: {}
[8.619040] (amr_reality_pkg) StdoutLine: {'line': b'-- Symlinking: /home/theanh/Robot_Project/AMR_Robot/amr1_ws/install/amr_reality_pkg/share/amr_reality_pkg/local_setup.sh\n'}
[8.661589] (amr_reality_pkg) StdoutLine: {'line': b'-- Symlinking: /home/theanh/Robot_Project/AMR_Robot/amr1_ws/install/amr_reality_pkg/share/amr_reality_pkg/local_setup.zsh\n'}
[8.663429] (sllidar_ros2) StderrLine: {'line': b'In file included from \x1b[01m\x1b[K/home/theanh/Robot_Project/AMR_Robot/amr1_ws/src/sllidar_ros2/sdk/src/hal/thread.cpp:43\x1b[m\x1b[K:\n'}
[8.663700] (sllidar_ros2) StderrLine: {'line': b'\x1b[01m\x1b[K/home/theanh/Robot_Project/AMR_Robot/amr1_ws/src/sllidar_ros2/./sdk/src/arch/linux/thread.hpp:\x1b[m\x1b[K In static member function \xe2\x80\x98\x1b[01m\x1b[Kstatic rp::hal::Thread rp::hal::Thread::create(thread_proc_t, void*)\x1b[m\x1b[K\xe2\x80\x99:\n'}
[8.663852] (sllidar_ros2) StderrLine: {'line': b'\x1b[01m\x1b[K/home/theanh/Robot_Project/AMR_Robot/amr1_ws/src/sllidar_ros2/./sdk/src/arch/linux/thread.hpp:52:57:\x1b[m\x1b[K \x1b[01;35m\x1b[Kwarning: \x1b[m\x1b[Kcast between incompatible function types from \xe2\x80\x98\x1b[01m\x1b[Kthread_proc_t\x1b[m\x1b[K\xe2\x80\x99 {aka \xe2\x80\x98\x1b[01m\x1b[Klong unsigned int (*)(void*)\x1b[m\x1b[K\xe2\x80\x99} to \xe2\x80\x98\x1b[01m\x1b[Kvoid* (*)(void*)\x1b[m\x1b[K\xe2\x80\x99 [\x1b[01;35m\x1b[K\x1b]8;;https://gcc.gnu.org/onlinedocs/gcc/Warning-Options.html#index-Wcast-function-type\x07-Wcast-function-type\x1b]8;;\x07\x1b[m\x1b[K]\n'}
[8.663991] (sllidar_ros2) StderrLine: {'line': b'   52 |     pthread_create((pthread_t *)&newborn._handle, NULL, \x1b[01;35m\x1b[K(void * (*)(void *))proc\x1b[m\x1b[K, data);\n'}
[8.664112] (sllidar_ros2) StderrLine: {'line': b'      |                                                         \x1b[01;35m\x1b[K^~~~~~~~~~~~~~~~~~~~~~~~\x1b[m\x1b[K\n'}
[8.665363] (sllidar_ros2) StderrLine: {'line': b'\x1b[01m\x1b[K/home/theanh/Robot_Project/AMR_Robot/amr1_ws/src/sllidar_ros2/./sdk/src/arch/linux/thread.hpp:\x1b[m\x1b[K In member function \xe2\x80\x98\x1b[01m\x1b[Ku_result rp::hal::Thread::join(long unsigned int)\x1b[m\x1b[K\xe2\x80\x99:\n'}
[8.665526] (sllidar_ros2) StderrLine: {'line': b'\x1b[01m\x1b[K/home/theanh/Robot_Project/AMR_Robot/amr1_ws/src/sllidar_ros2/./sdk/src/arch/linux/thread.hpp:176:37:\x1b[m\x1b[K \x1b[01;35m\x1b[Kwarning: \x1b[m\x1b[Kunused parameter \xe2\x80\x98\x1b[01m\x1b[Ktimeout\x1b[m\x1b[K\xe2\x80\x99 [\x1b[01;35m\x1b[K\x1b]8;;https://gcc.gnu.org/onlinedocs/gcc/Warning-Options.html#index-Wunused-parameter\x07-Wunused-parameter\x1b]8;;\x07\x1b[m\x1b[K]\n'}
[8.665688] (sllidar_ros2) StderrLine: {'line': b'  176 | u_result Thread::join(\x1b[01;35m\x1b[Kunsigned long timeout\x1b[m\x1b[K)\n'}
[8.665814] (sllidar_ros2) StderrLine: {'line': b'      |                       \x1b[01;35m\x1b[K~~~~~~~~~~~~~~^~~~~~~\x1b[m\x1b[K\n'}
[8.693352] (amr_reality_pkg) StdoutLine: {'line': b'-- Symlinking: /home/theanh/Robot_Project/AMR_Robot/amr1_ws/install/amr_reality_pkg/share/amr_reality_pkg/local_setup.dsv\n'}
[8.713052] (sllidar_ros2) StderrLine: {'line': b'In file included from \x1b[01m\x1b[K/home/theanh/Robot_Project/AMR_Robot/amr1_ws/src/sllidar_ros2/./sdk/include/sl_lidar_cmd.h:41\x1b[m\x1b[K,\n'}
[8.713370] (sllidar_ros2) StderrLine: {'line': b'                 from \x1b[01m\x1b[K/home/theanh/Robot_Project/AMR_Robot/amr1_ws/src/sllidar_ros2/./sdk/include/sl_lidar_driver.h:54\x1b[m\x1b[K,\n'}
[8.713523] (sllidar_ros2) StderrLine: {'line': b'                 from \x1b[01m\x1b[K/home/theanh/Robot_Project/AMR_Robot/amr1_ws/src/sllidar_ros2/sdk/src/sl_udp_channel.cpp:33\x1b[m\x1b[K:\n'}
[8.713624] (sllidar_ros2) StderrLine: {'line': b'\x1b[01m\x1b[K/home/theanh/Robot_Project/AMR_Robot/amr1_ws/src/sllidar_ros2/./sdk/include/sl_lidar_protocol.h:66:16:\x1b[m\x1b[K \x1b[01;35m\x1b[Kwarning: \x1b[m\x1b[KISO C++ forbids zero-size array \xe2\x80\x98\x1b[01m\x1b[Kdata\x1b[m\x1b[K\xe2\x80\x99 [\x1b[01;35m\x1b[K\x1b]8;;https://gcc.gnu.org/onlinedocs/gcc/Warning-Options.html#index-Wpedantic\x07-Wpedantic\x1b]8;;\x07\x1b[m\x1b[K]\n'}
[8.713751] (sllidar_ros2) StderrLine: {'line': b'   66 |     sl_u8 data[\x1b[01;35m\x1b[K0\x1b[m\x1b[K];\n'}
[8.713864] (sllidar_ros2) StderrLine: {'line': b'      |                \x1b[01;35m\x1b[K^\x1b[m\x1b[K\n'}
[8.713970] (amr_reality_pkg) StdoutLine: {'line': b'-- Symlinking: /home/theanh/Robot_Project/AMR_Robot/amr1_ws/install/amr_reality_pkg/share/amr_reality_pkg/package.dsv\n'}
[8.714688] (sllidar_ros2) StderrLine: {'line': b'In file included from \x1b[01m\x1b[K/home/theanh/Robot_Project/AMR_Robot/amr1_ws/src/sllidar_ros2/./sdk/include/sl_lidar_driver.h:54\x1b[m\x1b[K,\n'}
[8.714830] (sllidar_ros2) StderrLine: {'line': b'                 from \x1b[01m\x1b[K/home/theanh/Robot_Project/AMR_Robot/amr1_ws/src/sllidar_ros2/sdk/src/sl_udp_channel.cpp:33\x1b[m\x1b[K:\n'}
[8.714927] (sllidar_ros2) StderrLine: {'line': b'\x1b[01m\x1b[K/home/theanh/Robot_Project/AMR_Robot/amr1_ws/src/sllidar_ros2/./sdk/include/sl_lidar_cmd.h:324:20:\x1b[m\x1b[K \x1b[01;35m\x1b[Kwarning: \x1b[m\x1b[KISO C++ forbids zero-size array \xe2\x80\x98\x1b[01m\x1b[Kpayload\x1b[m\x1b[K\xe2\x80\x99 [\x1b[01;35m\x1b[K\x1b]8;;https://gcc.gnu.org/onlinedocs/gcc/Warning-Options.html#index-Wpedantic\x07-Wpedantic\x1b]8;;\x07\x1b[m\x1b[K]\n'}
[8.715025] (sllidar_ros2) StderrLine: {'line': b'  324 |     sl_u8  payload[\x1b[01;35m\x1b[K0\x1b[m\x1b[K];\n'}
[8.715113] (sllidar_ros2) StderrLine: {'line': b'      |                    \x1b[01;35m\x1b[K^\x1b[m\x1b[K\n'}
[8.717957] (-) TimerEvent: {}
[8.720251] (sllidar_ros2) StderrLine: {'line': b'In file included from \x1b[01m\x1b[K/home/theanh/Robot_Project/AMR_Robot/amr1_ws/src/sllidar_ros2/sdk/src/dataunpacker/dataunpacker.cpp:40\x1b[m\x1b[K:\n'}
[8.720617] (sllidar_ros2) StderrLine: {'line': b'\x1b[01m\x1b[K/home/theanh/Robot_Project/AMR_Robot/amr1_ws/src/sllidar_ros2/sdk/src/dataunpacker/dataunpacker.h:\x1b[m\x1b[K In member function \xe2\x80\x98\x1b[01m\x1b[Kvirtual void sl::internal::LIDARSampleDataListener::onCustomSampleDataDecoded(_u8, _u32, const void*, size_t)\x1b[m\x1b[K\xe2\x80\x99:\n'}
[8.720762] (sllidar_ros2) StderrLine: {'line': b'\x1b[01m\x1b[K/home/theanh/Robot_Project/AMR_Robot/amr1_ws/src/sllidar_ros2/sdk/src/dataunpacker/dataunpacker.h:54:52:\x1b[m\x1b[K \x1b[01;35m\x1b[Kwarning: \x1b[m\x1b[Kunused parameter \xe2\x80\x98\x1b[01m\x1b[KansType\x1b[m\x1b[K\xe2\x80\x99 [\x1b[01;35m\x1b[K\x1b]8;;https://gcc.gnu.org/onlinedocs/gcc/Warning-Options.html#index-Wunused-parameter\x07-Wunused-parameter\x1b]8;;\x07\x1b[m\x1b[K]\n'}
[8.720892] (sllidar_ros2) StderrLine: {'line': b'   54 |         virtual void onCustomSampleDataDecoded(\x1b[01;35m\x1b[K_u8 ansType\x1b[m\x1b[K, _u32 customCode, const void* data, size_t size) {}\n'}
[8.720989] (sllidar_ros2) StderrLine: {'line': b'      |                                                \x1b[01;35m\x1b[K~~~~^~~~~~~\x1b[m\x1b[K\n'}
[8.721077] (sllidar_ros2) StderrLine: {'line': b'\x1b[01m\x1b[K/home/theanh/Robot_Project/AMR_Robot/amr1_ws/src/sllidar_ros2/sdk/src/dataunpacker/dataunpacker.h:54:66:\x1b[m\x1b[K \x1b[01;35m\x1b[Kwarning: \x1b[m\x1b[Kunused parameter \xe2\x80\x98\x1b[01m\x1b[KcustomCode\x1b[m\x1b[K\xe2\x80\x99 [\x1b[01;35m\x1b[K\x1b]8;;https://gcc.gnu.org/onlinedocs/gcc/Warning-Options.html#index-Wunused-parameter\x07-Wunused-parameter\x1b]8;;\x07\x1b[m\x1b[K]\n'}
[8.721174] (sllidar_ros2) StderrLine: {'line': b'   54 |         virtual void onCustomSampleDataDecoded(_u8 ansType, \x1b[01;35m\x1b[K_u32 customCode\x1b[m\x1b[K, const void* data, size_t size) {}\n'}
[8.721267] (sllidar_ros2) StderrLine: {'line': b'      |                                                             \x1b[01;35m\x1b[K~~~~~^~~~~~~~~~\x1b[m\x1b[K\n'}
[8.721346] (sllidar_ros2) StderrLine: {'line': b'\x1b[01m\x1b[K/home/theanh/Robot_Project/AMR_Robot/amr1_ws/src/sllidar_ros2/sdk/src/dataunpacker/dataunpacker.h:54:90:\x1b[m\x1b[K \x1b[01;35m\x1b[Kwarning: \x1b[m\x1b[Kunused parameter \xe2\x80\x98\x1b[01m\x1b[Kdata\x1b[m\x1b[K\xe2\x80\x99 [\x1b[01;35m\x1b[K\x1b]8;;https://gcc.gnu.org/onlinedocs/gcc/Warning-Options.html#index-Wunused-parameter\x07-Wunused-parameter\x1b]8;;\x07\x1b[m\x1b[K]\n'}
[8.721432] (sllidar_ros2) StderrLine: {'line': b'   54 |         virtual void onCustomSampleDataDecoded(_u8 ansType, _u32 customCode, \x1b[01;35m\x1b[Kconst void* data\x1b[m\x1b[K, size_t size) {}\n'}
[8.721521] (sllidar_ros2) StderrLine: {'line': b'      |                                                                              \x1b[01;35m\x1b[K~~~~~~~~~~~~^~~~\x1b[m\x1b[K\n'}
[8.721623] (sllidar_ros2) StderrLine: {'line': b'\x1b[01m\x1b[K/home/theanh/Robot_Project/AMR_Robot/amr1_ws/src/sllidar_ros2/sdk/src/dataunpacker/dataunpacker.h:54:103:\x1b[m\x1b[K \x1b[01;35m\x1b[Kwarning: \x1b[m\x1b[Kunused parameter \xe2\x80\x98\x1b[01m\x1b[Ksize\x1b[m\x1b[K\xe2\x80\x99 [\x1b[01;35m\x1b[K\x1b]8;;https://gcc.gnu.org/onlinedocs/gcc/Warning-Options.html#index-Wunused-parameter\x07-Wunused-parameter\x1b]8;;\x07\x1b[m\x1b[K]\n'}
[8.721721] (sllidar_ros2) StderrLine: {'line': b'   54 |         virtual void onCustomSampleDataDecoded(_u8 ansType, _u32 customCode, const void* data, \x1b[01;35m\x1b[Ksize_t size\x1b[m\x1b[K) {}\n'}
[8.721807] (sllidar_ros2) StderrLine: {'line': b'      |                                                                                                \x1b[01;35m\x1b[K~~~~~~~^~~~\x1b[m\x1b[K\n'}
[8.721893] (sllidar_ros2) StderrLine: {'line': b'\x1b[01m\x1b[K/home/theanh/Robot_Project/AMR_Robot/amr1_ws/src/sllidar_ros2/sdk/src/dataunpacker/dataunpacker.h:\x1b[m\x1b[K In member function \xe2\x80\x98\x1b[01m\x1b[Kvirtual void sl::internal::LIDARSampleDataListener::onDecodingError(int, _u8, const void*, size_t)\x1b[m\x1b[K\xe2\x80\x99:\n'}
[8.722020] (sllidar_ros2) StderrLine: {'line': b'\x1b[01m\x1b[K/home/theanh/Robot_Project/AMR_Robot/amr1_ws/src/sllidar_ros2/sdk/src/dataunpacker/dataunpacker.h:56:42:\x1b[m\x1b[K \x1b[01;35m\x1b[Kwarning: \x1b[m\x1b[Kunused parameter \xe2\x80\x98\x1b[01m\x1b[KerrMsg\x1b[m\x1b[K\xe2\x80\x99 [\x1b[01;35m\x1b[K\x1b]8;;https://gcc.gnu.org/onlinedocs/gcc/Warning-Options.html#index-Wunused-parameter\x07-Wunused-parameter\x1b]8;;\x07\x1b[m\x1b[K]\n'}
[8.722138] (sllidar_ros2) StderrLine: {'line': b'   56 |         virtual void onDecodingError(\x1b[01;35m\x1b[Kint errMsg\x1b[m\x1b[K, _u8 ansType, const void* payload, size_t size) {}\n'}
[8.722282] (sllidar_ros2) StderrLine: {'line': b'      |                                      \x1b[01;35m\x1b[K~~~~^~~~~~\x1b[m\x1b[K\n'}
[8.722405] (sllidar_ros2) StderrLine: {'line': b'\x1b[01m\x1b[K/home/theanh/Robot_Project/AMR_Robot/amr1_ws/src/sllidar_ros2/sdk/src/dataunpacker/dataunpacker.h:56:54:\x1b[m\x1b[K \x1b[01;35m\x1b[Kwarning: \x1b[m\x1b[Kunused parameter \xe2\x80\x98\x1b[01m\x1b[KansType\x1b[m\x1b[K\xe2\x80\x99 [\x1b[01;35m\x1b[K\x1b]8;;https://gcc.gnu.org/onlinedocs/gcc/Warning-Options.html#index-Wunused-parameter\x07-Wunused-parameter\x1b]8;;\x07\x1b[m\x1b[K]\n'}
[8.722510] (sllidar_ros2) StderrLine: {'line': b'   56 |         virtual void onDecodingError(int errMsg, \x1b[01;35m\x1b[K_u8 ansType\x1b[m\x1b[K, const void* payload, size_t size) {}\n'}
[8.722609] (sllidar_ros2) StderrLine: {'line': b'      |                                                  \x1b[01;35m\x1b[K~~~~^~~~~~~\x1b[m\x1b[K\n'}
[8.722708] (sllidar_ros2) StderrLine: {'line': b'\x1b[01m\x1b[K/home/theanh/Robot_Project/AMR_Robot/amr1_ws/src/sllidar_ros2/sdk/src/dataunpacker/dataunpacker.h:56:75:\x1b[m\x1b[K \x1b[01;35m\x1b[Kwarning: \x1b[m\x1b[Kunused parameter \xe2\x80\x98\x1b[01m\x1b[Kpayload\x1b[m\x1b[K\xe2\x80\x99 [\x1b[01;35m\x1b[K\x1b]8;;https://gcc.gnu.org/onlinedocs/gcc/Warning-Options.html#index-Wunused-parameter\x07-Wunused-parameter\x1b]8;;\x07\x1b[m\x1b[K]\n'}
[8.722810] (sllidar_ros2) StderrLine: {'line': b'   56 |         virtual void onDecodingError(int errMsg, _u8 ansType, \x1b[01;35m\x1b[Kconst void* payload\x1b[m\x1b[K, size_t size) {}\n'}
[8.722905] (sllidar_ros2) StderrLine: {'line': b'      |                                                               \x1b[01;35m\x1b[K~~~~~~~~~~~~^~~~~~~\x1b[m\x1b[K\n'}
[8.723008] (sllidar_ros2) StderrLine: {'line': b'\x1b[01m\x1b[K/home/theanh/Robot_Project/AMR_Robot/amr1_ws/src/sllidar_ros2/sdk/src/dataunpacker/dataunpacker.h:56:91:\x1b[m\x1b[K \x1b[01;35m\x1b[Kwarning: \x1b[m\x1b[Kunused parameter \xe2\x80\x98\x1b[01m\x1b[Ksize\x1b[m\x1b[K\xe2\x80\x99 [\x1b[01;35m\x1b[K\x1b]8;;https://gcc.gnu.org/onlinedocs/gcc/Warning-Options.html#index-Wunused-parameter\x07-Wunused-parameter\x1b]8;;\x07\x1b[m\x1b[K]\n'}
[8.723111] (sllidar_ros2) StderrLine: {'line': b'   56 |         virtual void onDecodingError(int errMsg, _u8 ansType, const void* payload, \x1b[01;35m\x1b[Ksize_t size\x1b[m\x1b[K) {}\n'}
[8.724470] (sllidar_ros2) StderrLine: {'line': b'      |                                                                                    \x1b[01;35m\x1b[K~~~~~~~^~~~\x1b[m\x1b[K\n'}
[8.724611] (sllidar_ros2) StderrLine: {'line': b'In file included from \x1b[01m\x1b[K/home/theanh/Robot_Project/AMR_Robot/amr1_ws/src/sllidar_ros2/sdk/src/sl_lidarprotocol_codec.cpp:49\x1b[m\x1b[K:\n'}
[8.724728] (sllidar_ros2) StderrLine: {'line': b'\x1b[01m\x1b[K/home/theanh/Robot_Project/AMR_Robot/amr1_ws/src/sllidar_ros2/sdk/src/sl_async_transceiver.h:\x1b[m\x1b[K In member function \xe2\x80\x98\x1b[01m\x1b[Kvirtual void sl::internal::IAsyncProtocolCodec::onChannelError(u_result)\x1b[m\x1b[K\xe2\x80\x99:\n'}
[8.724844] (sllidar_ros2) StderrLine: {'line': b'\x1b[01m\x1b[K/home/theanh/Robot_Project/AMR_Robot/amr1_ws/src/sllidar_ros2/sdk/src/sl_async_transceiver.h:90:48:\x1b[m\x1b[K \x1b[01;35m\x1b[Kwarning: \x1b[m\x1b[Kunused parameter \xe2\x80\x98\x1b[01m\x1b[KerrCode\x1b[m\x1b[K\xe2\x80\x99 [\x1b[01;35m\x1b[K\x1b]8;;https://gcc.gnu.org/onlinedocs/gcc/Warning-Options.html#index-Wunused-parameter\x07-Wunused-parameter\x1b]8;;\x07\x1b[m\x1b[K]\n'}
[8.724963] (sllidar_ros2) StderrLine: {'line': b'   90 |         virtual void   onChannelError(\x1b[01;35m\x1b[Ku_result errCode\x1b[m\x1b[K) {}\n'}
[8.725071] (sllidar_ros2) StderrLine: {'line': b'      |                                       \x1b[01;35m\x1b[K~~~~~~~~~^~~~~~~\x1b[m\x1b[K\n'}
[8.728244] (sllidar_ros2) StderrLine: {'line': b'\x1b[01m\x1b[K/home/theanh/Robot_Project/AMR_Robot/amr1_ws/src/sllidar_ros2/sdk/src/sl_udp_channel.cpp:\x1b[m\x1b[K In member function \xe2\x80\x98\x1b[01m\x1b[Kvoid sl::UdpChannel::setStatus(_u32)\x1b[m\x1b[K\xe2\x80\x99:\n'}
[8.728531] (sllidar_ros2) StderrLine: {'line': b'\x1b[01m\x1b[K/home/theanh/Robot_Project/AMR_Robot/amr1_ws/src/sllidar_ros2/sdk/src/sl_udp_channel.cpp:112:29:\x1b[m\x1b[K \x1b[01;35m\x1b[Kwarning: \x1b[m\x1b[Kunused parameter \xe2\x80\x98\x1b[01m\x1b[Kflag\x1b[m\x1b[K\xe2\x80\x99 [\x1b[01;35m\x1b[K\x1b]8;;https://gcc.gnu.org/onlinedocs/gcc/Warning-Options.html#index-Wunused-parameter\x07-Wunused-parameter\x1b]8;;\x07\x1b[m\x1b[K]\n'}
[8.728707] (sllidar_ros2) StderrLine: {'line': b'  112 |         void setStatus(\x1b[01;35m\x1b[K_u32 flag\x1b[m\x1b[K){}\n'}
[8.728837] (sllidar_ros2) StderrLine: {'line': b'      |                        \x1b[01;35m\x1b[K~~~~~^~~~\x1b[m\x1b[K\n'}
[8.738318] (amr_reality_pkg) StdoutLine: {'line': b'-- Symlinking: /home/theanh/Robot_Project/AMR_Robot/amr1_ws/install/amr_reality_pkg/share/ament_index/resource_index/packages/amr_reality_pkg\n'}
[8.755548] (sllidar_ros2) StderrLine: {'line': b'In file included from \x1b[01m\x1b[K/home/theanh/Robot_Project/AMR_Robot/amr1_ws/src/sllidar_ros2/sdk/src/dataunpacker/unpacker/handler_capsules.cpp:40\x1b[m\x1b[K:\n'}
[8.755842] (sllidar_ros2) StderrLine: {'line': b'\x1b[01m\x1b[K/home/theanh/Robot_Project/AMR_Robot/amr1_ws/src/sllidar_ros2/sdk/src/dataunpacker/unpacker/../dataunpacker.h:\x1b[m\x1b[K In member function \xe2\x80\x98\x1b[01m\x1b[Kvirtual void sl::internal::LIDARSampleDataListener::onCustomSampleDataDecoded(_u8, _u32, const void*, size_t)\x1b[m\x1b[K\xe2\x80\x99:\n'}
[8.755999] (sllidar_ros2) StderrLine: {'line': b'\x1b[01m\x1b[K/home/theanh/Robot_Project/AMR_Robot/amr1_ws/src/sllidar_ros2/sdk/src/dataunpacker/unpacker/../dataunpacker.h:54:52:\x1b[m\x1b[K \x1b[01;35m\x1b[Kwarning: \x1b[m\x1b[Kunused parameter \xe2\x80\x98\x1b[01m\x1b[KansType\x1b[m\x1b[K\xe2\x80\x99 [\x1b[01;35m\x1b[K\x1b]8;;https://gcc.gnu.org/onlinedocs/gcc/Warning-Options.html#index-Wunused-parameter\x07-Wunused-parameter\x1b]8;;\x07\x1b[m\x1b[K]\n'}
[8.756172] (sllidar_ros2) StderrLine: {'line': b'   54 |         virtual void onCustomSampleDataDecoded(\x1b[01;35m\x1b[K_u8 ansType\x1b[m\x1b[K, _u32 customCode, const void* data, size_t size) {}\n'}
[8.756315] (sllidar_ros2) StderrLine: {'line': b'      |                                                \x1b[01;35m\x1b[K~~~~^~~~~~~\x1b[m\x1b[K\n'}
[8.756417] (sllidar_ros2) StderrLine: {'line': b'\x1b[01m\x1b[K/home/theanh/Robot_Project/AMR_Robot/amr1_ws/src/sllidar_ros2/sdk/src/dataunpacker/unpacker/../dataunpacker.h:54:66:\x1b[m\x1b[K \x1b[01;35m\x1b[Kwarning: \x1b[m\x1b[Kunused parameter \xe2\x80\x98\x1b[01m\x1b[KcustomCode\x1b[m\x1b[K\xe2\x80\x99 [\x1b[01;35m\x1b[K\x1b]8;;https://gcc.gnu.org/onlinedocs/gcc/Warning-Options.html#index-Wunused-parameter\x07-Wunused-parameter\x1b]8;;\x07\x1b[m\x1b[K]\n'}
[8.756517] (sllidar_ros2) StderrLine: {'line': b'   54 |         virtual void onCustomSampleDataDecoded(_u8 ansType, \x1b[01;35m\x1b[K_u32 customCode\x1b[m\x1b[K, const void* data, size_t size) {}\n'}
[8.756610] (sllidar_ros2) StderrLine: {'line': b'      |                                                             \x1b[01;35m\x1b[K~~~~~^~~~~~~~~~\x1b[m\x1b[K\n'}
[8.756701] (sllidar_ros2) StderrLine: {'line': b'\x1b[01m\x1b[K/home/theanh/Robot_Project/AMR_Robot/amr1_ws/src/sllidar_ros2/sdk/src/dataunpacker/unpacker/../dataunpacker.h:54:90:\x1b[m\x1b[K \x1b[01;35m\x1b[Kwarning: \x1b[m\x1b[Kunused parameter \xe2\x80\x98\x1b[01m\x1b[Kdata\x1b[m\x1b[K\xe2\x80\x99 [\x1b[01;35m\x1b[K\x1b]8;;https://gcc.gnu.org/onlinedocs/gcc/Warning-Options.html#index-Wunused-parameter\x07-Wunused-parameter\x1b]8;;\x07\x1b[m\x1b[K]\n'}
[8.756791] (sllidar_ros2) StderrLine: {'line': b'   54 |         virtual void onCustomSampleDataDecoded(_u8 ansType, _u32 customCode, \x1b[01;35m\x1b[Kconst void* data\x1b[m\x1b[K, size_t size) {}\n'}
[8.756876] (sllidar_ros2) StderrLine: {'line': b'      |                                                                              \x1b[01;35m\x1b[K~~~~~~~~~~~~^~~~\x1b[m\x1b[K\n'}
[8.756964] (sllidar_ros2) StderrLine: {'line': b'\x1b[01m\x1b[K/home/theanh/Robot_Project/AMR_Robot/amr1_ws/src/sllidar_ros2/sdk/src/dataunpacker/unpacker/../dataunpacker.h:54:103:\x1b[m\x1b[K \x1b[01;35m\x1b[Kwarning: \x1b[m\x1b[Kunused parameter \xe2\x80\x98\x1b[01m\x1b[Ksize\x1b[m\x1b[K\xe2\x80\x99 [\x1b[01;35m\x1b[K\x1b]8;;https://gcc.gnu.org/onlinedocs/gcc/Warning-Options.html#index-Wunused-parameter\x07-Wunused-parameter\x1b]8;;\x07\x1b[m\x1b[K]\n'}
[8.757070] (sllidar_ros2) StderrLine: {'line': b'   54 |         virtual void onCustomSampleDataDecoded(_u8 ansType, _u32 customCode, const void* data, \x1b[01;35m\x1b[Ksize_t size\x1b[m\x1b[K) {}\n'}
[8.757172] (sllidar_ros2) StderrLine: {'line': b'      |                                                                                                \x1b[01;35m\x1b[K~~~~~~~^~~~\x1b[m\x1b[K\n'}
[8.757292] (sllidar_ros2) StderrLine: {'line': b'\x1b[01m\x1b[K/home/theanh/Robot_Project/AMR_Robot/amr1_ws/src/sllidar_ros2/sdk/src/dataunpacker/unpacker/../dataunpacker.h:\x1b[m\x1b[K In member function \xe2\x80\x98\x1b[01m\x1b[Kvirtual void sl::internal::LIDARSampleDataListener::onDecodingError(int, _u8, const void*, size_t)\x1b[m\x1b[K\xe2\x80\x99:\n'}
[8.757396] (sllidar_ros2) StderrLine: {'line': b'\x1b[01m\x1b[K/home/theanh/Robot_Project/AMR_Robot/amr1_ws/src/sllidar_ros2/sdk/src/dataunpacker/unpacker/../dataunpacker.h:56:42:\x1b[m\x1b[K \x1b[01;35m\x1b[Kwarning: \x1b[m\x1b[Kunused parameter \xe2\x80\x98\x1b[01m\x1b[KerrMsg\x1b[m\x1b[K\xe2\x80\x99 [\x1b[01;35m\x1b[K\x1b]8;;https://gcc.gnu.org/onlinedocs/gcc/Warning-Options.html#index-Wunused-parameter\x07-Wunused-parameter\x1b]8;;\x07\x1b[m\x1b[K]\n'}
[8.757496] (sllidar_ros2) StderrLine: {'line': b'   56 |         virtual void onDecodingError(\x1b[01;35m\x1b[Kint errMsg\x1b[m\x1b[K, _u8 ansType, const void* payload, size_t size) {}\n'}
[8.757592] (sllidar_ros2) StderrLine: {'line': b'      |                                      \x1b[01;35m\x1b[K~~~~^~~~~~\x1b[m\x1b[K\n'}
[8.757681] (sllidar_ros2) StderrLine: {'line': b'\x1b[01m\x1b[K/home/theanh/Robot_Project/AMR_Robot/amr1_ws/src/sllidar_ros2/sdk/src/dataunpacker/unpacker/../dataunpacker.h:56:54:\x1b[m\x1b[K \x1b[01;35m\x1b[Kwarning: \x1b[m\x1b[Kunused parameter \xe2\x80\x98\x1b[01m\x1b[KansType\x1b[m\x1b[K\xe2\x80\x99 [\x1b[01;35m\x1b[K\x1b]8;;https://gcc.gnu.org/onlinedocs/gcc/Warning-Options.html#index-Wunused-parameter\x07-Wunused-parameter\x1b]8;;\x07\x1b[m\x1b[K]\n'}
[8.757776] (sllidar_ros2) StderrLine: {'line': b'   56 |         virtual void onDecodingError(int errMsg, \x1b[01;35m\x1b[K_u8 ansType\x1b[m\x1b[K, const void* payload, size_t size) {}\n'}
[8.757864] (sllidar_ros2) StderrLine: {'line': b'      |                                                  \x1b[01;35m\x1b[K~~~~^~~~~~~\x1b[m\x1b[K\n'}
[8.757951] (sllidar_ros2) StderrLine: {'line': b'\x1b[01m\x1b[K/home/theanh/Robot_Project/AMR_Robot/amr1_ws/src/sllidar_ros2/sdk/src/dataunpacker/unpacker/../dataunpacker.h:56:75:\x1b[m\x1b[K \x1b[01;35m\x1b[Kwarning: \x1b[m\x1b[Kunused parameter \xe2\x80\x98\x1b[01m\x1b[Kpayload\x1b[m\x1b[K\xe2\x80\x99 [\x1b[01;35m\x1b[K\x1b]8;;https://gcc.gnu.org/onlinedocs/gcc/Warning-Options.html#index-Wunused-parameter\x07-Wunused-parameter\x1b]8;;\x07\x1b[m\x1b[K]\n'}
[8.758068] (sllidar_ros2) StderrLine: {'line': b'   56 |         virtual void onDecodingError(int errMsg, _u8 ansType, \x1b[01;35m\x1b[Kconst void* payload\x1b[m\x1b[K, size_t size) {}\n'}
[8.762074] (sllidar_ros2) StderrLine: {'line': b'      |                                                               \x1b[01;35m\x1b[K~~~~~~~~~~~~^~~~~~~\x1b[m\x1b[K\n'}
[8.762417] (sllidar_ros2) StderrLine: {'line': b'\x1b[01m\x1b[K/home/theanh/Robot_Project/AMR_Robot/amr1_ws/src/sllidar_ros2/sdk/src/dataunpacker/unpacker/../dataunpacker.h:56:91:\x1b[m\x1b[K \x1b[01;35m\x1b[Kwarning: \x1b[m\x1b[Kunused parameter \xe2\x80\x98\x1b[01m\x1b[Ksize\x1b[m\x1b[K\xe2\x80\x99 [\x1b[01;35m\x1b[K\x1b]8;;https://gcc.gnu.org/onlinedocs/gcc/Warning-Options.html#index-Wunused-parameter\x07-Wunused-parameter\x1b]8;;\x07\x1b[m\x1b[K]\n'}
[8.762590] (sllidar_ros2) StderrLine: {'line': b'   56 |         virtual void onDecodingError(int errMsg, _u8 ansType, const void* payload, \x1b[01;35m\x1b[Ksize_t size\x1b[m\x1b[K) {}\n'}
[8.762719] (sllidar_ros2) StderrLine: {'line': b'      |                                                                                    \x1b[01;35m\x1b[K~~~~~~~^~~~\x1b[m\x1b[K\n'}
[8.771398] (sllidar_ros2) StderrLine: {'line': b'\x1b[01m\x1b[K/home/theanh/Robot_Project/AMR_Robot/amr1_ws/src/sllidar_ros2/sdk/src/dataunpacker/unpacker/handler_capsules.cpp:\x1b[m\x1b[K In member function \xe2\x80\x98\x1b[01m\x1b[Kvoid sl::internal::unpacker::UnpackerHandler_DenseCapsuleNode::_onScanNodeDenseCapsuleData(rplidar_response_dense_capsule_measurement_nodes_t&, sl::internal::LIDARSampleDataUnpackerInner*)\x1b[m\x1b[K\xe2\x80\x99:\n'}
[8.771745] (sllidar_ros2) StderrLine: {'line': b'\x1b[01m\x1b[K/home/theanh/Robot_Project/AMR_Robot/amr1_ws/src/sllidar_ros2/sdk/src/dataunpacker/unpacker/handler_capsules.cpp:763:30:\x1b[m\x1b[K \x1b[01;35m\x1b[Kwarning: \x1b[m\x1b[Ktype qualifiers ignored on cast result type [\x1b[01;35m\x1b[K\x1b]8;;https://gcc.gnu.org/onlinedocs/gcc/Warning-Options.html#index-Wignored-qualifiers\x07-Wignored-qualifiers\x1b]8;;\x07\x1b[m\x1b[K]\n'}
[8.771922] (sllidar_ros2) StderrLine: {'line': b'  763 |             const int dist = \x1b[01;35m\x1b[Kstatic_cast<const int>(_cached_previous_dense_capsuledata.cabins[pos].distance)\x1b[m\x1b[K;\n'}
[8.772061] (sllidar_ros2) StderrLine: {'line': b'      |                              \x1b[01;35m\x1b[K^~~~~~~~~~~~~~~~~~~~~~~~~~~~~~~~~~~~~~~~~~~~~~~~~~~~~~~~~~~~~~~~~~~~~~~~~~~~~~~\x1b[m\x1b[K\n'}
[8.774782] (sllidar_ros2) StderrLine: {'line': b'In file included from \x1b[01m\x1b[K/home/theanh/Robot_Project/AMR_Robot/amr1_ws/src/sllidar_ros2/sdk/src/dataunpacker/unpacker/handler_normalnode.cpp:40\x1b[m\x1b[K:\n'}
[8.775129] (sllidar_ros2) StderrLine: {'line': b'\x1b[01m\x1b[K/home/theanh/Robot_Project/AMR_Robot/amr1_ws/src/sllidar_ros2/sdk/src/dataunpacker/unpacker/../dataunpacker.h:\x1b[m\x1b[K In member function \xe2\x80\x98\x1b[01m\x1b[Kvirtual void sl::internal::LIDARSampleDataListener::onCustomSampleDataDecoded(_u8, _u32, const void*, size_t)\x1b[m\x1b[K\xe2\x80\x99:\n'}
[8.775497] (sllidar_ros2) StderrLine: {'line': b'\x1b[01m\x1b[K/home/theanh/Robot_Project/AMR_Robot/amr1_ws/src/sllidar_ros2/sdk/src/dataunpacker/unpacker/../dataunpacker.h:54:52:\x1b[m\x1b[K \x1b[01;35m\x1b[Kwarning: \x1b[m\x1b[Kunused parameter \xe2\x80\x98\x1b[01m\x1b[KansType\x1b[m\x1b[K\xe2\x80\x99 [\x1b[01;35m\x1b[K\x1b]8;;https://gcc.gnu.org/onlinedocs/gcc/Warning-Options.html#index-Wunused-parameter\x07-Wunused-parameter\x1b]8;;\x07\x1b[m\x1b[K]\n'}
[8.775648] (sllidar_ros2) StderrLine: {'line': b'   54 |         virtual void onCustomSampleDataDecoded(\x1b[01;35m\x1b[K_u8 ansType\x1b[m\x1b[K, _u32 customCode, const void* data, size_t size) {}\n'}
[8.775786] (sllidar_ros2) StderrLine: {'line': b'      |                                                \x1b[01;35m\x1b[K~~~~^~~~~~~\x1b[m\x1b[K\n'}
[8.775917] (sllidar_ros2) StderrLine: {'line': b'\x1b[01m\x1b[K/home/theanh/Robot_Project/AMR_Robot/amr1_ws/src/sllidar_ros2/sdk/src/dataunpacker/unpacker/../dataunpacker.h:54:66:\x1b[m\x1b[K \x1b[01;35m\x1b[Kwarning: \x1b[m\x1b[Kunused parameter \xe2\x80\x98\x1b[01m\x1b[KcustomCode\x1b[m\x1b[K\xe2\x80\x99 [\x1b[01;35m\x1b[K\x1b]8;;https://gcc.gnu.org/onlinedocs/gcc/Warning-Options.html#index-Wunused-parameter\x07-Wunused-parameter\x1b]8;;\x07\x1b[m\x1b[K]\n'}
[8.776036] (sllidar_ros2) StderrLine: {'line': b'   54 |         virtual void onCustomSampleDataDecoded(_u8 ansType, \x1b[01;35m\x1b[K_u32 customCode\x1b[m\x1b[K, const void* data, size_t size) {}\n'}
[8.776139] (sllidar_ros2) StderrLine: {'line': b'      |                                                             \x1b[01;35m\x1b[K~~~~~^~~~~~~~~~\x1b[m\x1b[K\n'}
[8.783524] (sllidar_ros2) StderrLine: {'line': b'\x1b[01m\x1b[K/home/theanh/Robot_Project/AMR_Robot/amr1_ws/src/sllidar_ros2/sdk/src/dataunpacker/unpacker/../dataunpacker.h:54:90:\x1b[m\x1b[K \x1b[01;35m\x1b[Kwarning: \x1b[m\x1b[Kunused parameter \xe2\x80\x98\x1b[01m\x1b[Kdata\x1b[m\x1b[K\xe2\x80\x99 [\x1b[01;35m\x1b[K\x1b]8;;https://gcc.gnu.org/onlinedocs/gcc/Warning-Options.html#index-Wunused-parameter\x07-Wunused-parameter\x1b]8;;\x07\x1b[m\x1b[K]\n'}
[8.783727] (sllidar_ros2) StderrLine: {'line': b'   54 |         virtual void onCustomSampleDataDecoded(_u8 ansType, _u32 customCode, \x1b[01;35m\x1b[Kconst void* data\x1b[m\x1b[K, size_t size) {}\n'}
[8.783868] (sllidar_ros2) StderrLine: {'line': b'      |                                                                              \x1b[01;35m\x1b[K~~~~~~~~~~~~^~~~\x1b[m\x1b[K\n'}
[8.784010] (sllidar_ros2) StderrLine: {'line': b'\x1b[01m\x1b[K/home/theanh/Robot_Project/AMR_Robot/amr1_ws/src/sllidar_ros2/sdk/src/dataunpacker/unpacker/../dataunpacker.h:54:103:\x1b[m\x1b[K \x1b[01;35m\x1b[Kwarning: \x1b[m\x1b[Kunused parameter \xe2\x80\x98\x1b[01m\x1b[Ksize\x1b[m\x1b[K\xe2\x80\x99 [\x1b[01;35m\x1b[K\x1b]8;;https://gcc.gnu.org/onlinedocs/gcc/Warning-Options.html#index-Wunused-parameter\x07-Wunused-parameter\x1b]8;;\x07\x1b[m\x1b[K]\n'}
[8.784143] (sllidar_ros2) StderrLine: {'line': b'   54 |         virtual void onCustomSampleDataDecoded(_u8 ansType, _u32 customCode, const void* data, \x1b[01;35m\x1b[Ksize_t size\x1b[m\x1b[K) {}\n'}
[8.784302] (sllidar_ros2) StderrLine: {'line': b'      |                                                                                                \x1b[01;35m\x1b[K~~~~~~~^~~~\x1b[m\x1b[K\n'}
[8.784411] (sllidar_ros2) StderrLine: {'line': b'\x1b[01m\x1b[K/home/theanh/Robot_Project/AMR_Robot/amr1_ws/src/sllidar_ros2/sdk/src/dataunpacker/unpacker/../dataunpacker.h:\x1b[m\x1b[K In member function \xe2\x80\x98\x1b[01m\x1b[Kvirtual void sl::internal::LIDARSampleDataListener::onDecodingError(int, _u8, const void*, size_t)\x1b[m\x1b[K\xe2\x80\x99:\n'}
[8.784524] (sllidar_ros2) StderrLine: {'line': b'\x1b[01m\x1b[K/home/theanh/Robot_Project/AMR_Robot/amr1_ws/src/sllidar_ros2/sdk/src/dataunpacker/unpacker/../dataunpacker.h:56:42:\x1b[m\x1b[K \x1b[01;35m\x1b[Kwarning: \x1b[m\x1b[Kunused parameter \xe2\x80\x98\x1b[01m\x1b[KerrMsg\x1b[m\x1b[K\xe2\x80\x99 [\x1b[01;35m\x1b[K\x1b]8;;https://gcc.gnu.org/onlinedocs/gcc/Warning-Options.html#index-Wunused-parameter\x07-Wunused-parameter\x1b]8;;\x07\x1b[m\x1b[K]\n'}
[8.784611] (sllidar_ros2) StderrLine: {'line': b'   56 |         virtual void onDecodingError(\x1b[01;35m\x1b[Kint errMsg\x1b[m\x1b[K, _u8 ansType, const void* payload, size_t size) {}\n'}
[8.784682] (sllidar_ros2) StderrLine: {'line': b'      |                                      \x1b[01;35m\x1b[K~~~~^~~~~~\x1b[m\x1b[K\n'}
[8.784749] (sllidar_ros2) StderrLine: {'line': b'\x1b[01m\x1b[K/home/theanh/Robot_Project/AMR_Robot/amr1_ws/src/sllidar_ros2/sdk/src/dataunpacker/unpacker/../dataunpacker.h:56:54:\x1b[m\x1b[K \x1b[01;35m\x1b[Kwarning: \x1b[m\x1b[Kunused parameter \xe2\x80\x98\x1b[01m\x1b[KansType\x1b[m\x1b[K\xe2\x80\x99 [\x1b[01;35m\x1b[K\x1b]8;;https://gcc.gnu.org/onlinedocs/gcc/Warning-Options.html#index-Wunused-parameter\x07-Wunused-parameter\x1b]8;;\x07\x1b[m\x1b[K]\n'}
[8.784831] (sllidar_ros2) StderrLine: {'line': b'   56 |         virtual void onDecodingError(int errMsg, \x1b[01;35m\x1b[K_u8 ansType\x1b[m\x1b[K, const void* payload, size_t size) {}\n'}
[8.784921] (sllidar_ros2) StderrLine: {'line': b'      |                                                  \x1b[01;35m\x1b[K~~~~^~~~~~~\x1b[m\x1b[K\n'}
[8.785096] (sllidar_ros2) StderrLine: {'line': b'\x1b[01m\x1b[K/home/theanh/Robot_Project/AMR_Robot/amr1_ws/src/sllidar_ros2/sdk/src/dataunpacker/unpacker/../dataunpacker.h:56:75:\x1b[m\x1b[K \x1b[01;35m\x1b[Kwarning: \x1b[m\x1b[Kunused parameter \xe2\x80\x98\x1b[01m\x1b[Kpayload\x1b[m\x1b[K\xe2\x80\x99 [\x1b[01;35m\x1b[K\x1b]8;;https://gcc.gnu.org/onlinedocs/gcc/Warning-Options.html#index-Wunused-parameter\x07-Wunused-parameter\x1b]8;;\x07\x1b[m\x1b[K]\n'}
[8.785212] (sllidar_ros2) StderrLine: {'line': b'   56 |         virtual void onDecodingError(int errMsg, _u8 ansType, \x1b[01;35m\x1b[Kconst void* payload\x1b[m\x1b[K, size_t size) {}\n'}
[8.785307] (sllidar_ros2) StderrLine: {'line': b'      |                                                               \x1b[01;35m\x1b[K~~~~~~~~~~~~^~~~~~~\x1b[m\x1b[K\n'}
[8.785401] (sllidar_ros2) StderrLine: {'line': b'\x1b[01m\x1b[K/home/theanh/Robot_Project/AMR_Robot/amr1_ws/src/sllidar_ros2/sdk/src/dataunpacker/unpacker/../dataunpacker.h:56:91:\x1b[m\x1b[K \x1b[01;35m\x1b[Kwarning: \x1b[m\x1b[Kunused parameter \xe2\x80\x98\x1b[01m\x1b[Ksize\x1b[m\x1b[K\xe2\x80\x99 [\x1b[01;35m\x1b[K\x1b]8;;https://gcc.gnu.org/onlinedocs/gcc/Warning-Options.html#index-Wunused-parameter\x07-Wunused-parameter\x1b]8;;\x07\x1b[m\x1b[K]\n'}
[8.785506] (sllidar_ros2) StderrLine: {'line': b'   56 |         virtual void onDecodingError(int errMsg, _u8 ansType, const void* payload, \x1b[01;35m\x1b[Ksize_t size\x1b[m\x1b[K) {}\n'}
[8.785595] (sllidar_ros2) StderrLine: {'line': b'      |                                                                                    \x1b[01;35m\x1b[K~~~~~~~^~~~\x1b[m\x1b[K\n'}
[8.786696] (amr_reality_pkg) StdoutLine: {'line': b'-- Symlinking: /home/theanh/Robot_Project/AMR_Robot/amr1_ws/install/amr_reality_pkg/share/amr_reality_pkg/cmake/amr_reality_pkgConfig.cmake\n'}
[8.818102] (-) TimerEvent: {}
[8.818817] (amr_reality_pkg) StdoutLine: {'line': b'-- Symlinking: /home/theanh/Robot_Project/AMR_Robot/amr1_ws/install/amr_reality_pkg/share/amr_reality_pkg/cmake/amr_reality_pkgConfig-version.cmake\n'}
[8.846340] (amr_reality_pkg) StdoutLine: {'line': b'-- Symlinking: /home/theanh/Robot_Project/AMR_Robot/amr1_ws/install/amr_reality_pkg/share/amr_reality_pkg/package.xml\n'}
[8.879614] (amr_reality_pkg) CommandEnded: {'returncode': 0}
[8.916399] (sllidar_ros2) StderrLine: {'line': b'In file included from \x1b[01m\x1b[K/home/theanh/Robot_Project/AMR_Robot/amr1_ws/src/sllidar_ros2/./sdk/include/rplidar_protocol.h:36\x1b[m\x1b[K,\n'}
[8.916776] (sllidar_ros2) StderrLine: {'line': b'                 from \x1b[01m\x1b[K/home/theanh/Robot_Project/AMR_Robot/amr1_ws/src/sllidar_ros2/./sdk/include/rplidar.h:39\x1b[m\x1b[K,\n'}
[8.918341] (-) TimerEvent: {}
[8.918552] (sllidar_ros2) StderrLine: {'line': b'                 from \x1b[01m\x1b[K/home/theanh/Robot_Project/AMR_Robot/amr1_ws/src/sllidar_ros2/./sdk/src/sdkcommon.h:49\x1b[m\x1b[K,\n'}
[8.918712] (sllidar_ros2) StderrLine: {'line': b'                 from \x1b[01m\x1b[K/home/theanh/Robot_Project/AMR_Robot/amr1_ws/src/sllidar_ros2/sdk/src/arch/linux/net_socket.cpp:10\x1b[m\x1b[K:\n'}
[8.918836] (sllidar_ros2) StderrLine: {'line': b'\x1b[01m\x1b[K/home/theanh/Robot_Project/AMR_Robot/amr1_ws/src/sllidar_ros2/./sdk/include/sl_lidar_protocol.h:66:16:\x1b[m\x1b[K \x1b[01;35m\x1b[Kwarning: \x1b[m\x1b[KISO C++ forbids zero-size array \xe2\x80\x98\x1b[01m\x1b[Kdata\x1b[m\x1b[K\xe2\x80\x99 [\x1b[01;35m\x1b[K\x1b]8;;https://gcc.gnu.org/onlinedocs/gcc/Warning-Options.html#index-Wpedantic\x07-Wpedantic\x1b]8;;\x07\x1b[m\x1b[K]\n'}
[8.918939] (sllidar_ros2) StderrLine: {'line': b'   66 |     sl_u8 data[\x1b[01;35m\x1b[K0\x1b[m\x1b[K];\n'}
[8.919048] (sllidar_ros2) StderrLine: {'line': b'      |                \x1b[01;35m\x1b[K^\x1b[m\x1b[K\n'}
[8.919370] (sllidar_ros2) StderrLine: {'line': b'In file included from \x1b[01m\x1b[K/home/theanh/Robot_Project/AMR_Robot/amr1_ws/src/sllidar_ros2/./sdk/include/rplidar_cmd.h:36\x1b[m\x1b[K,\n'}
[8.919502] (sllidar_ros2) StderrLine: {'line': b'                 from \x1b[01m\x1b[K/home/theanh/Robot_Project/AMR_Robot/amr1_ws/src/sllidar_ros2/./sdk/include/rplidar.h:40\x1b[m\x1b[K,\n'}
[8.919610] (sllidar_ros2) StderrLine: {'line': b'                 from \x1b[01m\x1b[K/home/theanh/Robot_Project/AMR_Robot/amr1_ws/src/sllidar_ros2/./sdk/src/sdkcommon.h:49\x1b[m\x1b[K,\n'}
[8.920212] (sllidar_ros2) StderrLine: {'line': b'                 from \x1b[01m\x1b[K/home/theanh/Robot_Project/AMR_Robot/amr1_ws/src/sllidar_ros2/sdk/src/arch/linux/net_socket.cpp:10\x1b[m\x1b[K:\n'}
[8.920939] (sllidar_ros2) StderrLine: {'line': b'\x1b[01m\x1b[K/home/theanh/Robot_Project/AMR_Robot/amr1_ws/src/sllidar_ros2/./sdk/include/sl_lidar_cmd.h:324:20:\x1b[m\x1b[K \x1b[01;35m\x1b[Kwarning: \x1b[m\x1b[KISO C++ forbids zero-size array \xe2\x80\x98\x1b[01m\x1b[Kpayload\x1b[m\x1b[K\xe2\x80\x99 [\x1b[01;35m\x1b[K\x1b]8;;https://gcc.gnu.org/onlinedocs/gcc/Warning-Options.html#index-Wpedantic\x07-Wpedantic\x1b]8;;\x07\x1b[m\x1b[K]\n'}
[8.921119] (sllidar_ros2) StderrLine: {'line': b'  324 |     sl_u8  payload[\x1b[01;35m\x1b[K0\x1b[m\x1b[K];\n'}
[8.921491] (sllidar_ros2) StderrLine: {'line': b'      |                    \x1b[01;35m\x1b[K^\x1b[m\x1b[K\n'}
[8.981405] (amr_reality_pkg) JobEnded: {'identifier': 'amr_reality_pkg', 'rc': 0}
[8.986809] (sllidar_ros2) StderrLine: {'line': b'In file included from \x1b[01m\x1b[K/home/theanh/Robot_Project/AMR_Robot/amr1_ws/src/sllidar_ros2/sdk/src/sl_lidar_driver.cpp:50\x1b[m\x1b[K:\n'}
[8.987492] (sllidar_ros2) StderrLine: {'line': b'\x1b[01m\x1b[K/home/theanh/Robot_Project/AMR_Robot/amr1_ws/src/sllidar_ros2/sdk/src/dataunpacker/dataunpacker.h:\x1b[m\x1b[K In member function \xe2\x80\x98\x1b[01m\x1b[Kvirtual void sl::internal::LIDARSampleDataListener::onCustomSampleDataDecoded(_u8, _u32, const void*, size_t)\x1b[m\x1b[K\xe2\x80\x99:\n'}
[8.987585] (sllidar_ros2) StderrLine: {'line': b'\x1b[01m\x1b[K/home/theanh/Robot_Project/AMR_Robot/amr1_ws/src/sllidar_ros2/sdk/src/dataunpacker/dataunpacker.h:54:52:\x1b[m\x1b[K \x1b[01;35m\x1b[Kwarning: \x1b[m\x1b[Kunused parameter \xe2\x80\x98\x1b[01m\x1b[KansType\x1b[m\x1b[K\xe2\x80\x99 [\x1b[01;35m\x1b[K\x1b]8;;https://gcc.gnu.org/onlinedocs/gcc/Warning-Options.html#index-Wunused-parameter\x07-Wunused-parameter\x1b]8;;\x07\x1b[m\x1b[K]\n'}
[8.987660] (sllidar_ros2) StderrLine: {'line': b'   54 |         virtual void onCustomSampleDataDecoded(\x1b[01;35m\x1b[K_u8 ansType\x1b[m\x1b[K, _u32 customCode, const void* data, size_t size) {}\n'}
[8.987727] (sllidar_ros2) StderrLine: {'line': b'      |                                                \x1b[01;35m\x1b[K~~~~^~~~~~~\x1b[m\x1b[K\n'}
[8.987789] (sllidar_ros2) StderrLine: {'line': b'\x1b[01m\x1b[K/home/theanh/Robot_Project/AMR_Robot/amr1_ws/src/sllidar_ros2/sdk/src/dataunpacker/dataunpacker.h:54:66:\x1b[m\x1b[K \x1b[01;35m\x1b[Kwarning: \x1b[m\x1b[Kunused parameter \xe2\x80\x98\x1b[01m\x1b[KcustomCode\x1b[m\x1b[K\xe2\x80\x99 [\x1b[01;35m\x1b[K\x1b]8;;https://gcc.gnu.org/onlinedocs/gcc/Warning-Options.html#index-Wunused-parameter\x07-Wunused-parameter\x1b]8;;\x07\x1b[m\x1b[K]\n'}
[8.987854] (sllidar_ros2) StderrLine: {'line': b'   54 |         virtual void onCustomSampleDataDecoded(_u8 ansType, \x1b[01;35m\x1b[K_u32 customCode\x1b[m\x1b[K, const void* data, size_t size) {}\n'}
[8.987916] (sllidar_ros2) StderrLine: {'line': b'      |                                                             \x1b[01;35m\x1b[K~~~~~^~~~~~~~~~\x1b[m\x1b[K\n'}
[8.987978] (sllidar_ros2) StderrLine: {'line': b'\x1b[01m\x1b[K/home/theanh/Robot_Project/AMR_Robot/amr1_ws/src/sllidar_ros2/sdk/src/dataunpacker/dataunpacker.h:54:90:\x1b[m\x1b[K \x1b[01;35m\x1b[Kwarning: \x1b[m\x1b[Kunused parameter \xe2\x80\x98\x1b[01m\x1b[Kdata\x1b[m\x1b[K\xe2\x80\x99 [\x1b[01;35m\x1b[K\x1b]8;;https://gcc.gnu.org/onlinedocs/gcc/Warning-Options.html#index-Wunused-parameter\x07-Wunused-parameter\x1b]8;;\x07\x1b[m\x1b[K]\n'}
[8.988043] (sllidar_ros2) StderrLine: {'line': b'   54 |         virtual void onCustomSampleDataDecoded(_u8 ansType, _u32 customCode, \x1b[01;35m\x1b[Kconst void* data\x1b[m\x1b[K, size_t size) {}\n'}
[8.988108] (sllidar_ros2) StderrLine: {'line': b'      |                                                                              \x1b[01;35m\x1b[K~~~~~~~~~~~~^~~~\x1b[m\x1b[K\n'}
[8.988194] (sllidar_ros2) StderrLine: {'line': b'\x1b[01m\x1b[K/home/theanh/Robot_Project/AMR_Robot/amr1_ws/src/sllidar_ros2/sdk/src/dataunpacker/dataunpacker.h:54:103:\x1b[m\x1b[K \x1b[01;35m\x1b[Kwarning: \x1b[m\x1b[Kunused parameter \xe2\x80\x98\x1b[01m\x1b[Ksize\x1b[m\x1b[K\xe2\x80\x99 [\x1b[01;35m\x1b[K\x1b]8;;https://gcc.gnu.org/onlinedocs/gcc/Warning-Options.html#index-Wunused-parameter\x07-Wunused-parameter\x1b]8;;\x07\x1b[m\x1b[K]\n'}
[8.988273] (sllidar_ros2) StderrLine: {'line': b'   54 |         virtual void onCustomSampleDataDecoded(_u8 ansType, _u32 customCode, const void* data, \x1b[01;35m\x1b[Ksize_t size\x1b[m\x1b[K) {}\n'}
[8.988335] (sllidar_ros2) StderrLine: {'line': b'      |                                                                                                \x1b[01;35m\x1b[K~~~~~~~^~~~\x1b[m\x1b[K\n'}
[8.988411] (sllidar_ros2) StderrLine: {'line': b'\x1b[01m\x1b[K/home/theanh/Robot_Project/AMR_Robot/amr1_ws/src/sllidar_ros2/sdk/src/dataunpacker/dataunpacker.h:\x1b[m\x1b[K In member function \xe2\x80\x98\x1b[01m\x1b[Kvirtual void sl::internal::LIDARSampleDataListener::onDecodingError(int, _u8, const void*, size_t)\x1b[m\x1b[K\xe2\x80\x99:\n'}
[8.988482] (sllidar_ros2) StderrLine: {'line': b'\x1b[01m\x1b[K/home/theanh/Robot_Project/AMR_Robot/amr1_ws/src/sllidar_ros2/sdk/src/dataunpacker/dataunpacker.h:56:42:\x1b[m\x1b[K \x1b[01;35m\x1b[Kwarning: \x1b[m\x1b[Kunused parameter \xe2\x80\x98\x1b[01m\x1b[KerrMsg\x1b[m\x1b[K\xe2\x80\x99 [\x1b[01;35m\x1b[K\x1b]8;;https://gcc.gnu.org/onlinedocs/gcc/Warning-Options.html#index-Wunused-parameter\x07-Wunused-parameter\x1b]8;;\x07\x1b[m\x1b[K]\n'}
[8.988547] (sllidar_ros2) StderrLine: {'line': b'   56 |         virtual void onDecodingError(\x1b[01;35m\x1b[Kint errMsg\x1b[m\x1b[K, _u8 ansType, const void* payload, size_t size) {}\n'}
[8.988609] (sllidar_ros2) StderrLine: {'line': b'      |                                      \x1b[01;35m\x1b[K~~~~^~~~~~\x1b[m\x1b[K\n'}
[8.988670] (sllidar_ros2) StderrLine: {'line': b'\x1b[01m\x1b[K/home/theanh/Robot_Project/AMR_Robot/amr1_ws/src/sllidar_ros2/sdk/src/dataunpacker/dataunpacker.h:56:54:\x1b[m\x1b[K \x1b[01;35m\x1b[Kwarning: \x1b[m\x1b[Kunused parameter \xe2\x80\x98\x1b[01m\x1b[KansType\x1b[m\x1b[K\xe2\x80\x99 [\x1b[01;35m\x1b[K\x1b]8;;https://gcc.gnu.org/onlinedocs/gcc/Warning-Options.html#index-Wunused-parameter\x07-Wunused-parameter\x1b]8;;\x07\x1b[m\x1b[K]\n'}
[8.988746] (sllidar_ros2) StderrLine: {'line': b'   56 |         virtual void onDecodingError(int errMsg, \x1b[01;35m\x1b[K_u8 ansType\x1b[m\x1b[K, const void* payload, size_t size) {}\n'}
[8.988808] (sllidar_ros2) StderrLine: {'line': b'      |                                                  \x1b[01;35m\x1b[K~~~~^~~~~~~\x1b[m\x1b[K\n'}
[8.988895] (sllidar_ros2) StderrLine: {'line': b'\x1b[01m\x1b[K/home/theanh/Robot_Project/AMR_Robot/amr1_ws/src/sllidar_ros2/sdk/src/dataunpacker/dataunpacker.h:56:75:\x1b[m\x1b[K \x1b[01;35m\x1b[Kwarning: \x1b[m\x1b[Kunused parameter \xe2\x80\x98\x1b[01m\x1b[Kpayload\x1b[m\x1b[K\xe2\x80\x99 [\x1b[01;35m\x1b[K\x1b]8;;https://gcc.gnu.org/onlinedocs/gcc/Warning-Options.html#index-Wunused-parameter\x07-Wunused-parameter\x1b]8;;\x07\x1b[m\x1b[K]\n'}
[8.988961] (sllidar_ros2) StderrLine: {'line': b'   56 |         virtual void onDecodingError(int errMsg, _u8 ansType, \x1b[01;35m\x1b[Kconst void* payload\x1b[m\x1b[K, size_t size) {}\n'}
[8.989022] (sllidar_ros2) StderrLine: {'line': b'      |                                                               \x1b[01;35m\x1b[K~~~~~~~~~~~~^~~~~~~\x1b[m\x1b[K\n'}
[8.989082] (sllidar_ros2) StderrLine: {'line': b'\x1b[01m\x1b[K/home/theanh/Robot_Project/AMR_Robot/amr1_ws/src/sllidar_ros2/sdk/src/dataunpacker/dataunpacker.h:56:91:\x1b[m\x1b[K \x1b[01;35m\x1b[Kwarning: \x1b[m\x1b[Kunused parameter \xe2\x80\x98\x1b[01m\x1b[Ksize\x1b[m\x1b[K\xe2\x80\x99 [\x1b[01;35m\x1b[K\x1b]8;;https://gcc.gnu.org/onlinedocs/gcc/Warning-Options.html#index-Wunused-parameter\x07-Wunused-parameter\x1b]8;;\x07\x1b[m\x1b[K]\n'}
[8.989145] (sllidar_ros2) StderrLine: {'line': b'   56 |         virtual void onDecodingError(int errMsg, _u8 ansType, const void* payload, \x1b[01;35m\x1b[Ksize_t size\x1b[m\x1b[K) {}\n'}
[8.989364] (sllidar_ros2) StderrLine: {'line': b'      |                                                                                    \x1b[01;35m\x1b[K~~~~~~~^~~~\x1b[m\x1b[K\n'}
[8.998209] (sllidar_ros2) StderrLine: {'line': b'In file included from \x1b[01m\x1b[K/home/theanh/Robot_Project/AMR_Robot/amr1_ws/src/sllidar_ros2/./sdk/src/arch/linux/arch_linux.h:42\x1b[m\x1b[K,\n'}
[8.998407] (sllidar_ros2) StderrLine: {'line': b'                 from \x1b[01m\x1b[K/home/theanh/Robot_Project/AMR_Robot/amr1_ws/src/sllidar_ros2/./sdk/src/sdkcommon.h:41\x1b[m\x1b[K,\n'}
[8.998478] (sllidar_ros2) StderrLine: {'line': b'                 from \x1b[01m\x1b[K/home/theanh/Robot_Project/AMR_Robot/amr1_ws/src/sllidar_ros2/sdk/src/arch/linux/net_socket.cpp:10\x1b[m\x1b[K:\n'}
[8.998555] (sllidar_ros2) StderrLine: {'line': b'\x1b[01m\x1b[K/home/theanh/Robot_Project/AMR_Robot/amr1_ws/src/sllidar_ros2/sdk/src/arch/linux/net_socket.cpp:\x1b[m\x1b[K In member function \xe2\x80\x98\x1b[01m\x1b[Kvirtual u_result rp::arch::net::DGramSocketImpl::sendTo(const rp::net::SocketAddress*, const void*, size_t)\x1b[m\x1b[K\xe2\x80\x99:\n'}
[8.998620] (sllidar_ros2) StderrLine: {'line': b'\x1b[01m\x1b[K/home/theanh/Robot_Project/AMR_Robot/amr1_ws/src/sllidar_ros2/sdk/src/arch/linux/net_socket.cpp:733:24:\x1b[m\x1b[K \x1b[01;35m\x1b[Kwarning: \x1b[m\x1b[Kcomparison of integer expressions of different signedness: \xe2\x80\x98\x1b[01m\x1b[Kint\x1b[m\x1b[K\xe2\x80\x99 and \xe2\x80\x98\x1b[01m\x1b[Ksize_t\x1b[m\x1b[K\xe2\x80\x99 {aka \xe2\x80\x98\x1b[01m\x1b[Klong unsigned int\x1b[m\x1b[K\xe2\x80\x99} [\x1b[01;35m\x1b[K\x1b]8;;https://gcc.gnu.org/onlinedocs/gcc/Warning-Options.html#index-Wsign-compare\x07-Wsign-compare\x1b]8;;\x07\x1b[m\x1b[K]\n'}
[8.998683] (sllidar_ros2) StderrLine: {'line': b'  733 |             assert(\x1b[01;35m\x1b[Kans == len\x1b[m\x1b[K);\n'}
[8.998740] (sllidar_ros2) StderrLine: {'line': b'      |                    \x1b[01;35m\x1b[K~~~~^~~~~~\x1b[m\x1b[K\n'}
[9.000028] (sllidar_ros2) StderrLine: {'line': b'In file included from \x1b[01m\x1b[K/home/theanh/Robot_Project/AMR_Robot/amr1_ws/src/sllidar_ros2/sdk/src/sl_lidar_driver.cpp:51\x1b[m\x1b[K:\n'}
[9.000176] (sllidar_ros2) StderrLine: {'line': b'\x1b[01m\x1b[K/home/theanh/Robot_Project/AMR_Robot/amr1_ws/src/sllidar_ros2/sdk/src/sl_async_transceiver.h:\x1b[m\x1b[K In member function \xe2\x80\x98\x1b[01m\x1b[Kvirtual void sl::internal::IAsyncProtocolCodec::onChannelError(u_result)\x1b[m\x1b[K\xe2\x80\x99:\n'}
[9.000268] (sllidar_ros2) StderrLine: {'line': b'\x1b[01m\x1b[K/home/theanh/Robot_Project/AMR_Robot/amr1_ws/src/sllidar_ros2/sdk/src/sl_async_transceiver.h:90:48:\x1b[m\x1b[K \x1b[01;35m\x1b[Kwarning: \x1b[m\x1b[Kunused parameter \xe2\x80\x98\x1b[01m\x1b[KerrCode\x1b[m\x1b[K\xe2\x80\x99 [\x1b[01;35m\x1b[K\x1b]8;;https://gcc.gnu.org/onlinedocs/gcc/Warning-Options.html#index-Wunused-parameter\x07-Wunused-parameter\x1b]8;;\x07\x1b[m\x1b[K]\n'}
[9.000364] (sllidar_ros2) StderrLine: {'line': b'   90 |         virtual void   onChannelError(\x1b[01;35m\x1b[Ku_result errCode\x1b[m\x1b[K) {}\n'}
[9.000434] (sllidar_ros2) StderrLine: {'line': b'      |                                       \x1b[01;35m\x1b[K~~~~~~~~~^~~~~~~\x1b[m\x1b[K\n'}
[9.018462] (-) TimerEvent: {}
[9.031239] (sllidar_ros2) StderrLine: {'line': b'\x1b[01m\x1b[K/home/theanh/Robot_Project/AMR_Robot/amr1_ws/src/sllidar_ros2/sdk/src/sl_lidar_driver.cpp:\x1b[m\x1b[K In member function \xe2\x80\x98\x1b[01m\x1b[Kvirtual sl_result sl::SlamtecLidarDriver::reset(sl_u32)\x1b[m\x1b[K\xe2\x80\x99:\n'}
[9.031435] (sllidar_ros2) StderrLine: {'line': b'\x1b[01m\x1b[K/home/theanh/Robot_Project/AMR_Robot/amr1_ws/src/sllidar_ros2/sdk/src/sl_lidar_driver.cpp:511:32:\x1b[m\x1b[K \x1b[01;35m\x1b[Kwarning: \x1b[m\x1b[Kunused parameter \xe2\x80\x98\x1b[01m\x1b[KtimeoutInMs\x1b[m\x1b[K\xe2\x80\x99 [\x1b[01;35m\x1b[K\x1b]8;;https://gcc.gnu.org/onlinedocs/gcc/Warning-Options.html#index-Wunused-parameter\x07-Wunused-parameter\x1b]8;;\x07\x1b[m\x1b[K]\n'}
[9.031523] (sllidar_ros2) StderrLine: {'line': b'  511 |         sl_result reset(\x1b[01;35m\x1b[Ksl_u32 timeoutInMs = DEFAULT_TIMEOUT\x1b[m\x1b[K)\n'}
[9.031585] (sllidar_ros2) StderrLine: {'line': b'      |                         \x1b[01;35m\x1b[K~~~~~~~^~~~~~~~~~~~~~~~~~~~~~~~~~~~~\x1b[m\x1b[K\n'}
[9.034950] (sllidar_ros2) StderrLine: {'line': b'\x1b[01m\x1b[K/home/theanh/Robot_Project/AMR_Robot/amr1_ws/src/sllidar_ros2/sdk/src/sl_lidar_driver.cpp:\x1b[m\x1b[K In member function \xe2\x80\x98\x1b[01m\x1b[Kvirtual sl_result sl::SlamtecLidarDriver::startScan(bool, bool, sl_u32, sl::LidarScanMode*)\x1b[m\x1b[K\xe2\x80\x99:\n'}
[9.035094] (sllidar_ros2) StderrLine: {'line': b'\x1b[01m\x1b[K/home/theanh/Robot_Project/AMR_Robot/amr1_ws/src/sllidar_ros2/sdk/src/sl_lidar_driver.cpp:586:69:\x1b[m\x1b[K \x1b[01;35m\x1b[Kwarning: \x1b[m\x1b[Kunused parameter \xe2\x80\x98\x1b[01m\x1b[Koptions\x1b[m\x1b[K\xe2\x80\x99 [\x1b[01;35m\x1b[K\x1b]8;;https://gcc.gnu.org/onlinedocs/gcc/Warning-Options.html#index-Wunused-parameter\x07-Wunused-parameter\x1b]8;;\x07\x1b[m\x1b[K]\n'}
[9.035196] (sllidar_ros2) StderrLine: {'line': b'  586 |         sl_result startScan(bool force, bool useTypicalScan, \x1b[01;35m\x1b[Ksl_u32 options = 0\x1b[m\x1b[K, LidarScanMode* outUsedScanMode = nullptr)\n'}
[9.035269] (sllidar_ros2) StderrLine: {'line': b'      |                                                              \x1b[01;35m\x1b[K~~~~~~~^~~~~~~~~~~\x1b[m\x1b[K\n'}
[9.036811] (sllidar_ros2) StderrLine: {'line': b'\x1b[01m\x1b[K/home/theanh/Robot_Project/AMR_Robot/amr1_ws/src/sllidar_ros2/sdk/src/sl_lidar_driver.cpp:\x1b[m\x1b[K In member function \xe2\x80\x98\x1b[01m\x1b[Kvirtual sl_result sl::SlamtecLidarDriver::stop(sl_u32)\x1b[m\x1b[K\xe2\x80\x99:\n'}
[9.036886] (sllidar_ros2) StderrLine: {'line': b'\x1b[01m\x1b[K/home/theanh/Robot_Project/AMR_Robot/amr1_ws/src/sllidar_ros2/sdk/src/sl_lidar_driver.cpp:763:31:\x1b[m\x1b[K \x1b[01;35m\x1b[Kwarning: \x1b[m\x1b[Kunused parameter \xe2\x80\x98\x1b[01m\x1b[Ktimeout\x1b[m\x1b[K\xe2\x80\x99 [\x1b[01;35m\x1b[K\x1b]8;;https://gcc.gnu.org/onlinedocs/gcc/Warning-Options.html#index-Wunused-parameter\x07-Wunused-parameter\x1b]8;;\x07\x1b[m\x1b[K]\n'}
[9.036947] (sllidar_ros2) StderrLine: {'line': b'  763 |         sl_result stop(\x1b[01;35m\x1b[Ksl_u32 timeout = DEFAULT_TIMEOUT\x1b[m\x1b[K)\n'}
[9.037003] (sllidar_ros2) StderrLine: {'line': b'      |                        \x1b[01;35m\x1b[K~~~~~~~^~~~~~~~~~~~~~~~~~~~~~~~~\x1b[m\x1b[K\n'}
[9.038483] (sllidar_ros2) StderrLine: {'line': b'\x1b[01m\x1b[K/home/theanh/Robot_Project/AMR_Robot/amr1_ws/src/sllidar_ros2/sdk/src/sl_lidar_driver.cpp:\x1b[m\x1b[K In member function \xe2\x80\x98\x1b[01m\x1b[Kvirtual sl_result sl::SlamtecLidarDriver::getFrequency(const sl::LidarScanMode&, const sl_lidar_response_measurement_node_hq_t*, size_t, float&)\x1b[m\x1b[K\xe2\x80\x99:\n'}
[9.038582] (sllidar_ros2) StderrLine: {'line': b'\x1b[01m\x1b[K/home/theanh/Robot_Project/AMR_Robot/amr1_ws/src/sllidar_ros2/sdk/src/sl_lidar_driver.cpp:880:110:\x1b[m\x1b[K \x1b[01;35m\x1b[Kwarning: \x1b[m\x1b[Kunused parameter \xe2\x80\x98\x1b[01m\x1b[Knodes\x1b[m\x1b[K\xe2\x80\x99 [\x1b[01;35m\x1b[K\x1b]8;;https://gcc.gnu.org/onlinedocs/gcc/Warning-Options.html#index-Wunused-parameter\x07-Wunused-parameter\x1b]8;;\x07\x1b[m\x1b[K]\n'}
[9.038643] (sllidar_ros2) StderrLine: {'line': b'  880 |         sl_result getFrequency(const LidarScanMode& scanMode, \x1b[01;35m\x1b[Kconst sl_lidar_response_measurement_node_hq_t* nodes\x1b[m\x1b[K, size_t count, float& frequency)\n'}
[9.038699] (sllidar_ros2) StderrLine: {'line': b'      |                                                               \x1b[01;35m\x1b[K~~~~~~~~~~~~~~~~~~~~~~~~~~~~~~~~~~~~~~~~~~~~~~~^~~~~\x1b[m\x1b[K\n'}
[9.040886] (sllidar_ros2) StderrLine: {'line': b'\x1b[01m\x1b[K/home/theanh/Robot_Project/AMR_Robot/amr1_ws/src/sllidar_ros2/sdk/src/sl_lidar_driver.cpp:\x1b[m\x1b[K In member function \xe2\x80\x98\x1b[01m\x1b[Kvirtual sl_result sl::SlamtecLidarDriver::getMotorInfo(sl::LidarMotorInfo&, sl_u32)\x1b[m\x1b[K\xe2\x80\x99:\n'}
[9.041291] (sllidar_ros2) StderrLine: {'line': b'\x1b[01m\x1b[K/home/theanh/Robot_Project/AMR_Robot/amr1_ws/src/sllidar_ros2/sdk/src/sl_lidar_driver.cpp:1023:66:\x1b[m\x1b[K \x1b[01;35m\x1b[Kwarning: \x1b[m\x1b[Kunused parameter \xe2\x80\x98\x1b[01m\x1b[KtimeoutInMs\x1b[m\x1b[K\xe2\x80\x99 [\x1b[01;35m\x1b[K\x1b]8;;https://gcc.gnu.org/onlinedocs/gcc/Warning-Options.html#index-Wunused-parameter\x07-Wunused-parameter\x1b]8;;\x07\x1b[m\x1b[K]\n'}
[9.041562] (sllidar_ros2) StderrLine: {'line': b' 1023 |         sl_result getMotorInfo(LidarMotorInfo &motorInfo, \x1b[01;35m\x1b[Ksl_u32 timeoutInMs\x1b[m\x1b[K)\n'}
[9.041802] (sllidar_ros2) StderrLine: {'line': b'      |                                                           \x1b[01;35m\x1b[K~~~~~~~^~~~~~~~~~~\x1b[m\x1b[K\n'}
[9.043523] (sllidar_ros2) StderrLine: {'line': b'\x1b[01m\x1b[K/home/theanh/Robot_Project/AMR_Robot/amr1_ws/src/sllidar_ros2/sdk/src/sl_lidar_driver.cpp:\x1b[m\x1b[K In member function \xe2\x80\x98\x1b[01m\x1b[Ku_result sl::SlamtecLidarDriver::getScanModeCount(sl_u16&, sl_u32)\x1b[m\x1b[K\xe2\x80\x99:\n'}
[9.043762] (sllidar_ros2) StderrLine: {'line': b'\x1b[01m\x1b[K/home/theanh/Robot_Project/AMR_Robot/amr1_ws/src/sllidar_ros2/sdk/src/sl_lidar_driver.cpp:1199:61:\x1b[m\x1b[K \x1b[01;35m\x1b[Kwarning: \x1b[m\x1b[Kunused parameter \xe2\x80\x98\x1b[01m\x1b[KtimeoutInMs\x1b[m\x1b[K\xe2\x80\x99 [\x1b[01;35m\x1b[K\x1b]8;;https://gcc.gnu.org/onlinedocs/gcc/Warning-Options.html#index-Wunused-parameter\x07-Wunused-parameter\x1b]8;;\x07\x1b[m\x1b[K]\n'}
[9.043857] (sllidar_ros2) StderrLine: {'line': b' 1199 |         u_result getScanModeCount(sl_u16& modeCount, \x1b[01;35m\x1b[Ksl_u32 timeoutInMs = DEFAULT_TIMEOUT\x1b[m\x1b[K)\n'}
[9.043939] (sllidar_ros2) StderrLine: {'line': b'      |                                                      \x1b[01;35m\x1b[K~~~~~~~^~~~~~~~~~~~~~~~~~~~~~~~~~~~~\x1b[m\x1b[K\n'}
[9.118570] (-) TimerEvent: {}
[9.149452] (sllidar_ros2) StderrLine: {'line': b'/home/theanh/Robot_Project/AMR_Robot/amr1_ws/src/sllidar_ros2/sdk/src/sl_lidar_driver.cpp: In instantiation of \xe2\x80\x98\x1b[01m\x1b[Kvoid sl::RawSampleNodeHolder<T>::pushNode(_u64, const T*) [with T = sl_lidar_response_measurement_node_hq_t; _u64 = long unsigned int]\x1b[m\x1b[K\xe2\x80\x99:\n'}
[9.149936] (sllidar_ros2) StderrLine: {'line': b'\x1b[01m\x1b[K/home/theanh/Robot_Project/AMR_Robot/amr1_ws/src/sllidar_ros2/sdk/src/sl_lidar_driver.cpp:1648:42:\x1b[m\x1b[K   required from here\n'}
[9.150134] (sllidar_ros2) StderrLine: {'line': b'\x1b[01m\x1b[K/home/theanh/Robot_Project/AMR_Robot/amr1_ws/src/sllidar_ros2/sdk/src/sl_lidar_driver.cpp:202:28:\x1b[m\x1b[K \x1b[01;35m\x1b[Kwarning: \x1b[m\x1b[Kunused parameter \xe2\x80\x98\x1b[01m\x1b[Ktimestamp_uS\x1b[m\x1b[K\xe2\x80\x99 [\x1b[01;35m\x1b[K\x1b]8;;https://gcc.gnu.org/onlinedocs/gcc/Warning-Options.html#index-Wunused-parameter\x07-Wunused-parameter\x1b]8;;\x07\x1b[m\x1b[K]\n'}
[9.150342] (sllidar_ros2) StderrLine: {'line': b'  202 |         void pushNode(\x1b[01;35m\x1b[K_u64 timestamp_uS\x1b[m\x1b[K, const T* node)\n'}
[9.150469] (sllidar_ros2) StderrLine: {'line': b'      |                       \x1b[01;35m\x1b[K~~~~~^~~~~~~~~~~~\x1b[m\x1b[K\n'}
[9.218696] (-) TimerEvent: {}
[9.295895] (sllidar_ros2) StderrLine: {'line': b'\x1b[01m\x1b[K/home/theanh/Robot_Project/AMR_Robot/amr1_ws/src/sllidar_ros2/sdk/src/sl_lidar_driver.cpp:\x1b[m\x1b[K At global scope:\n'}
[9.296180] (sllidar_ros2) StderrLine: {'line': b'\x1b[01m\x1b[K/home/theanh/Robot_Project/AMR_Robot/amr1_ws/src/sllidar_ros2/sdk/src/sl_lidar_driver.cpp:83:17:\x1b[m\x1b[K \x1b[01;35m\x1b[Kwarning: \x1b[m\x1b[K\xe2\x80\x98\x1b[01m\x1b[Kvoid sl::convert(const sl_lidar_response_measurement_node_hq_t&, sl_lidar_response_measurement_node_t&)\x1b[m\x1b[K\xe2\x80\x99 defined but not used [\x1b[01;35m\x1b[K\x1b]8;;https://gcc.gnu.org/onlinedocs/gcc/Warning-Options.html#index-Wunused-function\x07-Wunused-function\x1b]8;;\x07\x1b[m\x1b[K]\n'}
[9.296277] (sllidar_ros2) StderrLine: {'line': b'   83 |     static void \x1b[01;35m\x1b[Kconvert\x1b[m\x1b[K(const sl_lidar_response_measurement_node_hq_t& from, sl_lidar_response_measurement_node_t& to)\n'}
[9.296344] (sllidar_ros2) StderrLine: {'line': b'      |                 \x1b[01;35m\x1b[K^~~~~~~\x1b[m\x1b[K\n'}
[9.296403] (sllidar_ros2) StderrLine: {'line': b'\x1b[01m\x1b[K/home/theanh/Robot_Project/AMR_Robot/amr1_ws/src/sllidar_ros2/sdk/src/sl_lidar_driver.cpp:75:17:\x1b[m\x1b[K \x1b[01;35m\x1b[Kwarning: \x1b[m\x1b[K\xe2\x80\x98\x1b[01m\x1b[Kvoid sl::convert(const sl_lidar_response_measurement_node_t&, sl_lidar_response_measurement_node_hq_t&)\x1b[m\x1b[K\xe2\x80\x99 defined but not used [\x1b[01;35m\x1b[K\x1b]8;;https://gcc.gnu.org/onlinedocs/gcc/Warning-Options.html#index-Wunused-function\x07-Wunused-function\x1b]8;;\x07\x1b[m\x1b[K]\n'}
[9.296469] (sllidar_ros2) StderrLine: {'line': b'   75 |     static void \x1b[01;35m\x1b[Kconvert\x1b[m\x1b[K(const sl_lidar_response_measurement_node_t& from, sl_lidar_response_measurement_node_hq_t& to)\n'}
[9.296549] (sllidar_ros2) StderrLine: {'line': b'      |                 \x1b[01;35m\x1b[K^~~~~~~\x1b[m\x1b[K\n'}
[9.296607] (sllidar_ros2) StderrLine: {'line': b'\x1b[01m\x1b[K/home/theanh/Robot_Project/AMR_Robot/amr1_ws/src/sllidar_ros2/sdk/src/sl_lidar_driver.cpp:70:17:\x1b[m\x1b[K \x1b[01;35m\x1b[Kwarning: \x1b[m\x1b[K\xe2\x80\x98\x1b[01m\x1b[Kvoid sl::printDeprecationWarn(const char*, const char*)\x1b[m\x1b[K\xe2\x80\x99 defined but not used [\x1b[01;35m\x1b[K\x1b]8;;https://gcc.gnu.org/onlinedocs/gcc/Warning-Options.html#index-Wunused-function\x07-Wunused-function\x1b]8;;\x07\x1b[m\x1b[K]\n'}
[9.296668] (sllidar_ros2) StderrLine: {'line': b'   70 |     static void \x1b[01;35m\x1b[KprintDeprecationWarn\x1b[m\x1b[K(const char* fn, const char* replacement)\n'}
[9.296726] (sllidar_ros2) StderrLine: {'line': b'      |                 \x1b[01;35m\x1b[K^~~~~~~~~~~~~~~~~~~~\x1b[m\x1b[K\n'}
[9.318819] (-) TimerEvent: {}
[9.419242] (-) TimerEvent: {}
[9.519594] (-) TimerEvent: {}
[9.546469] (laser_filters) StdoutLine: {'line': b'[ 26%] \x1b[32m\x1b[1mLinking CXX static library libgtest_main.a\x1b[0m\n'}
[9.619715] (-) TimerEvent: {}
[9.720095] (-) TimerEvent: {}
[9.820457] (-) TimerEvent: {}
[9.920781] (-) TimerEvent: {}
[10.021092] (-) TimerEvent: {}
[10.121429] (-) TimerEvent: {}
[10.221727] (-) TimerEvent: {}
[10.322058] (-) TimerEvent: {}
[10.422398] (-) TimerEvent: {}
[10.522743] (-) TimerEvent: {}
[10.623178] (-) TimerEvent: {}
[10.723583] (-) TimerEvent: {}
[10.823914] (-) TimerEvent: {}
[10.924266] (-) TimerEvent: {}
[11.024571] (-) TimerEvent: {}
[11.124914] (-) TimerEvent: {}
[11.225248] (-) TimerEvent: {}
[11.325583] (-) TimerEvent: {}
[11.425885] (-) TimerEvent: {}
[11.526202] (-) TimerEvent: {}
[11.626513] (-) TimerEvent: {}
[11.726816] (-) TimerEvent: {}
[11.890977] (sllidar_ros2) StderrLine: {'line': b'In file included from \x1b[01m\x1b[K/home/theanh/Robot_Project/AMR_Robot/amr1_ws/src/sllidar_ros2/./sdk/include/sl_lidar_cmd.h:41\x1b[m\x1b[K,\n'}
[11.891120] (-) TimerEvent: {}
[11.891212] (sllidar_ros2) StderrLine: {'line': b'                 from \x1b[01m\x1b[K/home/theanh/Robot_Project/AMR_Robot/amr1_ws/src/sllidar_ros2/./sdk/include/sl_lidar_driver.h:54\x1b[m\x1b[K,\n'}
[11.891309] (sllidar_ros2) StderrLine: {'line': b'                 from \x1b[01m\x1b[K/home/theanh/Robot_Project/AMR_Robot/amr1_ws/src/sllidar_ros2/./sdk/include/sl_lidar.h:36\x1b[m\x1b[K,\n'}
[11.891368] (sllidar_ros2) StderrLine: {'line': b'                 from \x1b[01m\x1b[K/home/theanh/Robot_Project/AMR_Robot/amr1_ws/src/sllidar_ros2/src/sllidar_node.cpp:38\x1b[m\x1b[K:\n'}
[11.891423] (sllidar_ros2) StderrLine: {'line': b'\x1b[01m\x1b[K/home/theanh/Robot_Project/AMR_Robot/amr1_ws/src/sllidar_ros2/./sdk/include/sl_lidar_protocol.h:66:16:\x1b[m\x1b[K \x1b[01;35m\x1b[Kwarning: \x1b[m\x1b[KISO C++ forbids zero-size array \xe2\x80\x98\x1b[01m\x1b[Kdata\x1b[m\x1b[K\xe2\x80\x99 [\x1b[01;35m\x1b[K\x1b]8;;https://gcc.gnu.org/onlinedocs/gcc/Warning-Options.html#index-Wpedantic\x07-Wpedantic\x1b]8;;\x07\x1b[m\x1b[K]\n'}
[11.891482] (sllidar_ros2) StderrLine: {'line': b'   66 |     sl_u8 data[\x1b[01;35m\x1b[K0\x1b[m\x1b[K];\n'}
[11.891535] (sllidar_ros2) StderrLine: {'line': b'      |                \x1b[01;35m\x1b[K^\x1b[m\x1b[K\n'}
[11.891587] (sllidar_ros2) StderrLine: {'line': b'In file included from \x1b[01m\x1b[K/home/theanh/Robot_Project/AMR_Robot/amr1_ws/src/sllidar_ros2/./sdk/include/sl_lidar_driver.h:54\x1b[m\x1b[K,\n'}
[11.891641] (sllidar_ros2) StderrLine: {'line': b'                 from \x1b[01m\x1b[K/home/theanh/Robot_Project/AMR_Robot/amr1_ws/src/sllidar_ros2/./sdk/include/sl_lidar.h:36\x1b[m\x1b[K,\n'}
[11.891693] (sllidar_ros2) StderrLine: {'line': b'                 from \x1b[01m\x1b[K/home/theanh/Robot_Project/AMR_Robot/amr1_ws/src/sllidar_ros2/src/sllidar_node.cpp:38\x1b[m\x1b[K:\n'}
[11.891744] (sllidar_ros2) StderrLine: {'line': b'\x1b[01m\x1b[K/home/theanh/Robot_Project/AMR_Robot/amr1_ws/src/sllidar_ros2/./sdk/include/sl_lidar_cmd.h:324:20:\x1b[m\x1b[K \x1b[01;35m\x1b[Kwarning: \x1b[m\x1b[KISO C++ forbids zero-size array \xe2\x80\x98\x1b[01m\x1b[Kpayload\x1b[m\x1b[K\xe2\x80\x99 [\x1b[01;35m\x1b[K\x1b]8;;https://gcc.gnu.org/onlinedocs/gcc/Warning-Options.html#index-Wpedantic\x07-Wpedantic\x1b]8;;\x07\x1b[m\x1b[K]\n'}
[11.891817] (sllidar_ros2) StderrLine: {'line': b'  324 |     sl_u8  payload[\x1b[01;35m\x1b[K0\x1b[m\x1b[K];\n'}
[11.891870] (sllidar_ros2) StderrLine: {'line': b'      |                    \x1b[01;35m\x1b[K^\x1b[m\x1b[K\n'}
[11.991268] (-) TimerEvent: {}
[12.091615] (-) TimerEvent: {}
[12.191916] (-) TimerEvent: {}
[12.292258] (-) TimerEvent: {}
[12.392630] (-) TimerEvent: {}
[12.410039] (laser_filters) StdoutLine: {'line': b'[ 30%] \x1b[32m\x1b[1mLinking CXX static library libgtest.a\x1b[0m\n'}
[12.492736] (-) TimerEvent: {}
[12.593044] (-) TimerEvent: {}
[12.693371] (-) TimerEvent: {}
[12.699802] (laser_filters) StdoutLine: {'line': b'[ 30%] Built target gtest_main\n'}
[12.725682] (laser_filters) StdoutLine: {'line': b'[ 30%] Built target gtest\n'}
[12.731108] (laser_filters) StdoutLine: {'line': b'[ 34%] \x1b[32m\x1b[1mLinking CXX executable scan_to_scan_filter_chain\x1b[0m\n'}
[12.754443] (laser_filters) StdoutLine: {'line': b'[ 39%] \x1b[32mBuilding CXX object CMakeFiles/test_scan_filter_chain.dir/test/test_scan_filter_chain.cpp.o\x1b[0m\n'}
[12.793479] (-) TimerEvent: {}
[12.893776] (-) TimerEvent: {}
[12.976764] (laser_filters) StdoutLine: {'line': b'[ 43%] \x1b[32m\x1b[1mLinking CXX executable scan_to_cloud_filter_chain\x1b[0m\n'}
[12.993884] (-) TimerEvent: {}
[13.094199] (-) TimerEvent: {}
[13.194516] (-) TimerEvent: {}
[13.206246] (laser_filters) StdoutLine: {'line': b'[ 43%] Built target scan_to_scan_filter_chain\n'}
[13.208320] (laser_filters) StdoutLine: {'line': b'[ 43%] Built target scan_to_cloud_filter_chain\n'}
[13.294615] (-) TimerEvent: {}
[13.394894] (-) TimerEvent: {}
[13.495230] (-) TimerEvent: {}
[13.595531] (-) TimerEvent: {}
[13.695830] (-) TimerEvent: {}
[13.796111] (-) TimerEvent: {}
[13.896418] (-) TimerEvent: {}
[13.996700] (-) TimerEvent: {}
[14.096972] (-) TimerEvent: {}
[14.197262] (-) TimerEvent: {}
[14.297556] (-) TimerEvent: {}
[14.397878] (-) TimerEvent: {}
[14.438211] (sllidar_ros2) StdoutLine: {'line': b'[ 95%] \x1b[32m\x1b[1mLinking CXX executable sllidar_node\x1b[0m\n'}
[14.497980] (-) TimerEvent: {}
[14.598285] (-) TimerEvent: {}
[14.698630] (-) TimerEvent: {}
[14.787179] (sllidar_ros2) StdoutLine: {'line': b'[ 95%] Built target sllidar_node\n'}
[14.798714] (-) TimerEvent: {}
[14.898986] (-) TimerEvent: {}
[14.999303] (-) TimerEvent: {}
[15.099578] (-) TimerEvent: {}
[15.199865] (-) TimerEvent: {}
[15.300142] (-) TimerEvent: {}
[15.400427] (-) TimerEvent: {}
[15.500693] (-) TimerEvent: {}
[15.600956] (-) TimerEvent: {}
[15.701242] (-) TimerEvent: {}
[15.801524] (-) TimerEvent: {}
[15.901812] (-) TimerEvent: {}
[16.002102] (-) TimerEvent: {}
[16.102398] (-) TimerEvent: {}
[16.202689] (-) TimerEvent: {}
[16.302975] (-) TimerEvent: {}
[16.403260] (-) TimerEvent: {}
[16.503542] (-) TimerEvent: {}
[16.603809] (-) TimerEvent: {}
[16.704075] (-) TimerEvent: {}
[16.804369] (-) TimerEvent: {}
[16.904658] (-) TimerEvent: {}
[17.004938] (-) TimerEvent: {}
[17.105216] (-) TimerEvent: {}
[17.205537] (-) TimerEvent: {}
[17.305797] (-) TimerEvent: {}
[17.406054] (-) TimerEvent: {}
[17.506348] (-) TimerEvent: {}
[17.606624] (-) TimerEvent: {}
[17.706901] (-) TimerEvent: {}
[17.807191] (-) TimerEvent: {}
[17.893085] (sllidar_ros2) StdoutLine: {'line': b'[100%] \x1b[32m\x1b[1mLinking CXX executable sllidar_client\x1b[0m\n'}
[17.907289] (-) TimerEvent: {}
[18.007556] (-) TimerEvent: {}
[18.107829] (-) TimerEvent: {}
[18.208104] (-) TimerEvent: {}
[18.308391] (-) TimerEvent: {}
[18.320121] (sllidar_ros2) StdoutLine: {'line': b'[100%] Built target sllidar_client\n'}
[18.335929] (sllidar_ros2) CommandEnded: {'returncode': 0}
[18.336556] (sllidar_ros2) JobProgress: {'identifier': 'sllidar_ros2', 'progress': 'install'}
[18.336763] (sllidar_ros2) Command: {'cmd': ['/usr/bin/cmake', '--install', '/home/theanh/Robot_Project/AMR_Robot/amr1_ws/build/sllidar_ros2'], 'cwd': '/home/theanh/Robot_Project/AMR_Robot/amr1_ws/build/sllidar_ros2', 'env': OrderedDict([('LESSOPEN', '| /usr/bin/lesspipe %s'), ('USER', 'theanh'), ('LC_TIME', 'vi_VN'), ('XDG_SESSION_TYPE', 'wayland'), ('SHLVL', '1'), ('LD_LIBRARY_PATH', '/home/theanh/Robot_Project/AMR_Robot/amr1_ws/install/laser_filters/lib:/home/theanh/ros2_ws1/install/ethercat_manager/lib:/home/theanh/ros2_ws1/install/ethercat_msgs/lib:/home/theanh/ros2_ws1/install/ethercat_generic_cia402_drive/lib:/home/theanh/ros2_ws1/install/ethercat_generic_slave/lib:/home/theanh/ros2_ws1/install/ethercat_driver/lib:/home/theanh/ros2_ws1/install/ethercat_interface/lib:/usr/lib/x86_64-linux-gnu/gazebo-11/plugins:/opt/ros/humble/opt/rviz_ogre_vendor/lib:/opt/ros/humble/lib/x86_64-linux-gnu:/opt/ros/humble/lib'), ('HOME', '/home/theanh'), ('OLDPWD', '/home/theanh'), ('DESKTOP_SESSION', 'ubuntu'), ('ROS_PYTHON_VERSION', '3'), ('GNOME_SHELL_SESSION_MODE', 'ubuntu'), ('GTK_MODULES', 'gail:atk-bridge'), ('LC_MONETARY', 'vi_VN'), ('SYSTEMD_EXEC_PID', '2536'), ('DBUS_SESSION_BUS_ADDRESS', 'unix:path=/run/user/1000/bus'), ('COLORTERM', 'truecolor'), ('IM_CONFIG_PHASE', '1'), ('WAYLAND_DISPLAY', 'wayland-0'), ('COLCON_PREFIX_PATH', '/home/theanh/Robot_Project/AMR_Robot/amr1_ws/install:/home/theanh/ros2_ws1/install:/home/theanh/agv_test_ws/install'), ('ROS_DISTRO', 'humble'), ('LOGNAME', 'theanh'), ('_', '/usr/bin/colcon'), ('ROS_VERSION', '2'), ('XDG_SESSION_CLASS', 'user'), ('USERNAME', 'theanh'), ('TERM', 'xterm-256color'), ('GNOME_DESKTOP_SESSION_ID', 'this-is-deprecated'), ('ROS_LOCALHOST_ONLY', '0'), ('PATH', '/home/theanh/.local/bin:/opt/ros/humble/bin:/usr/local/sbin:/usr/local/bin:/usr/sbin:/usr/bin:/sbin:/bin:/usr/games:/usr/local/games:/snap/bin:/snap/bin'), ('SESSION_MANAGER', 'local/theanh:@/tmp/.ICE-unix/2508,unix/theanh:/tmp/.ICE-unix/2508'), ('XDG_MENU_PREFIX', 'gnome-'), ('LC_ADDRESS', 'vi_VN'), ('GNOME_TERMINAL_SCREEN', '/org/gnome/Terminal/screen/4b04983a_ec98_4e8c_bd8f_84b5b2c8cd8f'), ('GNOME_SETUP_DISPLAY', ':1'), ('XDG_RUNTIME_DIR', '/run/user/1000'), ('DISPLAY', ':0'), ('LANG', 'en_US.UTF-8'), ('XDG_CURRENT_DESKTOP', 'ubuntu:GNOME'), ('LC_TELEPHONE', 'vi_VN'), ('RMW_IMPLEMENTATION', 'rmw_fastrtps_cpp'), ('XMODIFIERS', '@im=ibus'), ('XDG_SESSION_DESKTOP', 'ubuntu'), ('XAUTHORITY', '/run/user/1000/.mutter-Xwaylandauth.ZPOSS3'), ('LS_COLORS', 'rs=0:di=01;34:ln=01;36:mh=00:pi=40;33:so=01;35:do=01;35:bd=40;33;01:cd=40;33;01:or=40;31;01:mi=00:su=37;41:sg=30;43:ca=30;41:tw=30;42:ow=34;42:st=37;44:ex=01;32:*.tar=01;31:*.tgz=01;31:*.arc=01;31:*.arj=01;31:*.taz=01;31:*.lha=01;31:*.lz4=01;31:*.lzh=01;31:*.lzma=01;31:*.tlz=01;31:*.txz=01;31:*.tzo=01;31:*.t7z=01;31:*.zip=01;31:*.z=01;31:*.dz=01;31:*.gz=01;31:*.lrz=01;31:*.lz=01;31:*.lzo=01;31:*.xz=01;31:*.zst=01;31:*.tzst=01;31:*.bz2=01;31:*.bz=01;31:*.tbz=01;31:*.tbz2=01;31:*.tz=01;31:*.deb=01;31:*.rpm=01;31:*.jar=01;31:*.war=01;31:*.ear=01;31:*.sar=01;31:*.rar=01;31:*.alz=01;31:*.ace=01;31:*.zoo=01;31:*.cpio=01;31:*.7z=01;31:*.rz=01;31:*.cab=01;31:*.wim=01;31:*.swm=01;31:*.dwm=01;31:*.esd=01;31:*.jpg=01;35:*.jpeg=01;35:*.mjpg=01;35:*.mjpeg=01;35:*.gif=01;35:*.bmp=01;35:*.pbm=01;35:*.pgm=01;35:*.ppm=01;35:*.tga=01;35:*.xbm=01;35:*.xpm=01;35:*.tif=01;35:*.tiff=01;35:*.png=01;35:*.svg=01;35:*.svgz=01;35:*.mng=01;35:*.pcx=01;35:*.mov=01;35:*.mpg=01;35:*.mpeg=01;35:*.m2v=01;35:*.mkv=01;35:*.webm=01;35:*.webp=01;35:*.ogm=01;35:*.mp4=01;35:*.m4v=01;35:*.mp4v=01;35:*.vob=01;35:*.qt=01;35:*.nuv=01;35:*.wmv=01;35:*.asf=01;35:*.rm=01;35:*.rmvb=01;35:*.flc=01;35:*.avi=01;35:*.fli=01;35:*.flv=01;35:*.gl=01;35:*.dl=01;35:*.xcf=01;35:*.xwd=01;35:*.yuv=01;35:*.cgm=01;35:*.emf=01;35:*.ogv=01;35:*.ogx=01;35:*.aac=00;36:*.au=00;36:*.flac=00;36:*.m4a=00;36:*.mid=00;36:*.midi=00;36:*.mka=00;36:*.mp3=00;36:*.mpc=00;36:*.ogg=00;36:*.ra=00;36:*.wav=00;36:*.oga=00;36:*.opus=00;36:*.spx=00;36:*.xspf=00;36:'), ('GNOME_TERMINAL_SERVICE', ':1.115'), ('SSH_AGENT_LAUNCHER', 'gnome-keyring'), ('SSH_AUTH_SOCK', '/run/user/1000/keyring/ssh'), ('AMENT_PREFIX_PATH', '/home/theanh/Robot_Project/AMR_Robot/amr1_ws/install/sllidar_ros2:/home/theanh/Robot_Project/AMR_Robot/amr1_ws/install/laser_filters:/home/theanh/Robot_Project/AMR_Robot/amr1_ws/install/amr_sim_pkg:/home/theanh/Robot_Project/AMR_Robot/amr1_ws/install/amr_reality_pkg:/home/theanh/ros2_ws1/install/ros2_qt1_demo:/home/theanh/ros2_ws1/install/ethercat_manager:/home/theanh/ros2_ws1/install/control_one_motor_pkg_ex:/home/theanh/ros2_ws1/install/ethercat_msgs:/home/theanh/ros2_ws1/install/ethercat_generic_cia402_drive:/home/theanh/ros2_ws1/install/ethercat_generic_slave:/home/theanh/ros2_ws1/install/ethercat_driver_ros2:/home/theanh/ros2_ws1/install/ethercat_driver:/home/theanh/ros2_ws1/install/ethercat_interface:/home/theanh/agv_test_ws/install/sllidar_ros2:/home/theanh/agv_test_ws/install/agv_test_pkg:/opt/ros/humble'), ('SHELL', '/bin/bash'), ('LC_NAME', 'vi_VN'), ('QT_ACCESSIBILITY', '1'), ('GDMSESSION', 'ubuntu'), ('LESSCLOSE', '/usr/bin/lesspipe %s %s'), ('LC_MEASUREMENT', 'vi_VN'), ('LC_IDENTIFICATION', 'vi_VN'), ('QT_IM_MODULE', 'ibus'), ('PWD', '/home/theanh/Robot_Project/AMR_Robot/amr1_ws/build/sllidar_ros2'), ('TURTLEBOT3_MODEL', 'waffle'), ('LC_ALL', 'en_US.UTF-8'), ('XDG_CONFIG_DIRS', '/etc/xdg/xdg-ubuntu:/etc/xdg'), ('XDG_DATA_DIRS', '/usr/share/ubuntu:/home/theanh/.local/share/flatpak/exports/share:/var/lib/flatpak/exports/share:/usr/local/share/:/usr/share/:/var/lib/snapd/desktop'), ('PYTHONPATH', '/home/theanh/ros2_ws1/install/ethercat_msgs/local/lib/python3.10/dist-packages:/opt/ros/humble/lib/python3.10/site-packages:/opt/ros/humble/local/lib/python3.10/dist-packages'), ('LC_NUMERIC', 'vi_VN'), ('LC_PAPER', 'vi_VN'), ('COLCON', '1'), ('VTE_VERSION', '6800'), ('CMAKE_PREFIX_PATH', '/home/theanh/Robot_Project/AMR_Robot/amr1_ws/install/sllidar_ros2:/home/theanh/Robot_Project/AMR_Robot/amr1_ws/install/laser_filters:/home/theanh/Robot_Project/AMR_Robot/amr1_ws/install/amr_sim_pkg:/home/theanh/Robot_Project/AMR_Robot/amr1_ws/install/amr_reality_pkg:/home/theanh/ros2_ws1/install/ros2_qt1_demo:/home/theanh/ros2_ws1/install/ethercat_manager:/home/theanh/ros2_ws1/install/control_one_motor_pkg_ex:/home/theanh/ros2_ws1/install/ethercat_msgs:/home/theanh/ros2_ws1/install/ethercat_generic_cia402_drive:/home/theanh/ros2_ws1/install/ethercat_generic_slave:/home/theanh/ros2_ws1/install/ethercat_driver_ros2:/home/theanh/ros2_ws1/install/ethercat_driver:/home/theanh/ros2_ws1/install/ethercat_interface:/home/theanh/agv_test_ws/install/sllidar_ros2:/home/theanh/agv_test_ws/install/agv_test_pkg:/opt/ros/humble')]), 'shell': False}
[18.347410] (sllidar_ros2) StdoutLine: {'line': b'-- Install configuration: ""\n'}
[18.347855] (sllidar_ros2) StdoutLine: {'line': b'-- Execute custom install script\n'}
[18.348658] (sllidar_ros2) StdoutLine: {'line': b'-- Symlinking: /home/theanh/Robot_Project/AMR_Robot/amr1_ws/install/sllidar_ros2/share/sllidar_ros2/launch/sllidar_a1_launch.py\n'}
[18.360776] (sllidar_ros2) StdoutLine: {'line': b'-- Symlinking: /home/theanh/Robot_Project/AMR_Robot/amr1_ws/install/sllidar_ros2/share/sllidar_ros2/launch/sllidar_a2m12_launch .py\n'}
[18.372677] (sllidar_ros2) StdoutLine: {'line': b'-- Symlinking: /home/theanh/Robot_Project/AMR_Robot/amr1_ws/install/sllidar_ros2/share/sllidar_ros2/launch/sllidar_a2m7_launch.py\n'}
[18.384806] (sllidar_ros2) StdoutLine: {'line': b'-- Symlinking: /home/theanh/Robot_Project/AMR_Robot/amr1_ws/install/sllidar_ros2/share/sllidar_ros2/launch/sllidar_a2m8_launch.py\n'}
[18.396853] (sllidar_ros2) StdoutLine: {'line': b'-- Symlinking: /home/theanh/Robot_Project/AMR_Robot/amr1_ws/install/sllidar_ros2/share/sllidar_ros2/launch/sllidar_a3_launch.py\n'}
[18.408489] (-) TimerEvent: {}
[18.408714] (sllidar_ros2) StdoutLine: {'line': b'-- Symlinking: /home/theanh/Robot_Project/AMR_Robot/amr1_ws/install/sllidar_ros2/share/sllidar_ros2/launch/sllidar_c1_launch.py\n'}
[18.420808] (sllidar_ros2) StdoutLine: {'line': b'-- Symlinking: /home/theanh/Robot_Project/AMR_Robot/amr1_ws/install/sllidar_ros2/share/sllidar_ros2/launch/sllidar_s1_launch.py\n'}
[18.432881] (sllidar_ros2) StdoutLine: {'line': b'-- Symlinking: /home/theanh/Robot_Project/AMR_Robot/amr1_ws/install/sllidar_ros2/share/sllidar_ros2/launch/sllidar_s1_tcp_launch.py\n'}
[18.445638] (sllidar_ros2) StdoutLine: {'line': b'-- Symlinking: /home/theanh/Robot_Project/AMR_Robot/amr1_ws/install/sllidar_ros2/share/sllidar_ros2/launch/sllidar_s2_launch.py\n'}
[18.457817] (sllidar_ros2) StdoutLine: {'line': b'-- Symlinking: /home/theanh/Robot_Project/AMR_Robot/amr1_ws/install/sllidar_ros2/share/sllidar_ros2/launch/sllidar_s2e_launch.py\n'}
[18.469805] (sllidar_ros2) StdoutLine: {'line': b'-- Symlinking: /home/theanh/Robot_Project/AMR_Robot/amr1_ws/install/sllidar_ros2/share/sllidar_ros2/launch/sllidar_s3_launch.py\n'}
[18.481684] (sllidar_ros2) StdoutLine: {'line': b'-- Symlinking: /home/theanh/Robot_Project/AMR_Robot/amr1_ws/install/sllidar_ros2/share/sllidar_ros2/launch/sllidar_t1_launch.py\n'}
[18.493618] (sllidar_ros2) StdoutLine: {'line': b'-- Symlinking: /home/theanh/Robot_Project/AMR_Robot/amr1_ws/install/sllidar_ros2/share/sllidar_ros2/launch/view_sllidar_a1_launch.py\n'}
[18.505728] (sllidar_ros2) StdoutLine: {'line': b'-- Symlinking: /home/theanh/Robot_Project/AMR_Robot/amr1_ws/install/sllidar_ros2/share/sllidar_ros2/launch/view_sllidar_a2m12_launch.py\n'}
[18.508556] (-) TimerEvent: {}
[18.517555] (sllidar_ros2) StdoutLine: {'line': b'-- Symlinking: /home/theanh/Robot_Project/AMR_Robot/amr1_ws/install/sllidar_ros2/share/sllidar_ros2/launch/view_sllidar_a2m7_launch.py\n'}
[18.529506] (sllidar_ros2) StdoutLine: {'line': b'-- Symlinking: /home/theanh/Robot_Project/AMR_Robot/amr1_ws/install/sllidar_ros2/share/sllidar_ros2/launch/view_sllidar_a2m8_launch.py\n'}
[18.542256] (sllidar_ros2) StdoutLine: {'line': b'-- Symlinking: /home/theanh/Robot_Project/AMR_Robot/amr1_ws/install/sllidar_ros2/share/sllidar_ros2/launch/view_sllidar_a3_launch.py\n'}
[18.555673] (sllidar_ros2) StdoutLine: {'line': b'-- Symlinking: /home/theanh/Robot_Project/AMR_Robot/amr1_ws/install/sllidar_ros2/share/sllidar_ros2/launch/view_sllidar_c1_launch.py\n'}
[18.567761] (sllidar_ros2) StdoutLine: {'line': b'-- Symlinking: /home/theanh/Robot_Project/AMR_Robot/amr1_ws/install/sllidar_ros2/share/sllidar_ros2/launch/view_sllidar_s1_launch.py\n'}
[18.580498] (sllidar_ros2) StdoutLine: {'line': b'-- Symlinking: /home/theanh/Robot_Project/AMR_Robot/amr1_ws/install/sllidar_ros2/share/sllidar_ros2/launch/view_sllidar_s1_tcp_launch.py\n'}
[18.592223] (sllidar_ros2) StdoutLine: {'line': b'-- Symlinking: /home/theanh/Robot_Project/AMR_Robot/amr1_ws/install/sllidar_ros2/share/sllidar_ros2/launch/view_sllidar_s2_launch.py\n'}
[18.604010] (sllidar_ros2) StdoutLine: {'line': b'-- Symlinking: /home/theanh/Robot_Project/AMR_Robot/amr1_ws/install/sllidar_ros2/share/sllidar_ros2/launch/view_sllidar_s2e_launch.py\n'}
[18.608641] (-) TimerEvent: {}
[18.616134] (sllidar_ros2) StdoutLine: {'line': b'-- Symlinking: /home/theanh/Robot_Project/AMR_Robot/amr1_ws/install/sllidar_ros2/share/sllidar_ros2/launch/view_sllidar_s3_launch.py\n'}
[18.628178] (sllidar_ros2) StdoutLine: {'line': b'-- Symlinking: /home/theanh/Robot_Project/AMR_Robot/amr1_ws/install/sllidar_ros2/share/sllidar_ros2/launch/view_sllidar_t1_launch.py\n'}
[18.641138] (sllidar_ros2) StdoutLine: {'line': b'-- Symlinking: /home/theanh/Robot_Project/AMR_Robot/amr1_ws/install/sllidar_ros2/share/sllidar_ros2/rviz/sllidar_ros2.rviz\n'}
[18.653724] (sllidar_ros2) StdoutLine: {'line': b'-- Symlinking: /home/theanh/Robot_Project/AMR_Robot/amr1_ws/install/sllidar_ros2/lib/sllidar_ros2/sllidar_node\n'}
[18.665722] (sllidar_ros2) StdoutLine: {'line': b'-- Symlinking: /home/theanh/Robot_Project/AMR_Robot/amr1_ws/install/sllidar_ros2/lib/sllidar_ros2/sllidar_client\n'}
[18.677874] (sllidar_ros2) StdoutLine: {'line': b'-- Symlinking: /home/theanh/Robot_Project/AMR_Robot/amr1_ws/install/sllidar_ros2/share/ament_index/resource_index/package_run_dependencies/sllidar_ros2\n'}
[18.690017] (sllidar_ros2) StdoutLine: {'line': b'-- Symlinking: /home/theanh/Robot_Project/AMR_Robot/amr1_ws/install/sllidar_ros2/share/ament_index/resource_index/parent_prefix_path/sllidar_ros2\n'}
[18.702335] (sllidar_ros2) StdoutLine: {'line': b'-- Symlinking: /home/theanh/Robot_Project/AMR_Robot/amr1_ws/install/sllidar_ros2/share/sllidar_ros2/environment/ament_prefix_path.sh\n'}
[18.708724] (-) TimerEvent: {}
[18.714391] (sllidar_ros2) StdoutLine: {'line': b'-- Symlinking: /home/theanh/Robot_Project/AMR_Robot/amr1_ws/install/sllidar_ros2/share/sllidar_ros2/environment/ament_prefix_path.dsv\n'}
[18.729486] (sllidar_ros2) StdoutLine: {'line': b'-- Symlinking: /home/theanh/Robot_Project/AMR_Robot/amr1_ws/install/sllidar_ros2/share/sllidar_ros2/environment/path.sh\n'}
[18.742137] (sllidar_ros2) StdoutLine: {'line': b'-- Symlinking: /home/theanh/Robot_Project/AMR_Robot/amr1_ws/install/sllidar_ros2/share/sllidar_ros2/environment/path.dsv\n'}
[18.754099] (sllidar_ros2) StdoutLine: {'line': b'-- Symlinking: /home/theanh/Robot_Project/AMR_Robot/amr1_ws/install/sllidar_ros2/share/sllidar_ros2/local_setup.bash\n'}
[18.766490] (sllidar_ros2) StdoutLine: {'line': b'-- Symlinking: /home/theanh/Robot_Project/AMR_Robot/amr1_ws/install/sllidar_ros2/share/sllidar_ros2/local_setup.sh\n'}
[18.778917] (sllidar_ros2) StdoutLine: {'line': b'-- Symlinking: /home/theanh/Robot_Project/AMR_Robot/amr1_ws/install/sllidar_ros2/share/sllidar_ros2/local_setup.zsh\n'}
[18.791458] (sllidar_ros2) StdoutLine: {'line': b'-- Symlinking: /home/theanh/Robot_Project/AMR_Robot/amr1_ws/install/sllidar_ros2/share/sllidar_ros2/local_setup.dsv\n'}
[18.804447] (sllidar_ros2) StdoutLine: {'line': b'-- Symlinking: /home/theanh/Robot_Project/AMR_Robot/amr1_ws/install/sllidar_ros2/share/sllidar_ros2/package.dsv\n'}
[18.808834] (-) TimerEvent: {}
[18.818265] (sllidar_ros2) StdoutLine: {'line': b'-- Symlinking: /home/theanh/Robot_Project/AMR_Robot/amr1_ws/install/sllidar_ros2/share/ament_index/resource_index/packages/sllidar_ros2\n'}
[18.834369] (sllidar_ros2) StdoutLine: {'line': b'-- Symlinking: /home/theanh/Robot_Project/AMR_Robot/amr1_ws/install/sllidar_ros2/share/sllidar_ros2/cmake/ament_cmake_export_dependencies-extras.cmake\n'}
[18.848069] (sllidar_ros2) StdoutLine: {'line': b'-- Symlinking: /home/theanh/Robot_Project/AMR_Robot/amr1_ws/install/sllidar_ros2/share/sllidar_ros2/cmake/ament_cmake_export_include_directories-extras.cmake\n'}
[18.861036] (sllidar_ros2) StdoutLine: {'line': b'-- Symlinking: /home/theanh/Robot_Project/AMR_Robot/amr1_ws/install/sllidar_ros2/share/sllidar_ros2/cmake/sllidar_ros2Config.cmake\n'}
[18.874010] (sllidar_ros2) StdoutLine: {'line': b'-- Symlinking: /home/theanh/Robot_Project/AMR_Robot/amr1_ws/install/sllidar_ros2/share/sllidar_ros2/cmake/sllidar_ros2Config-version.cmake\n'}
[18.886758] (sllidar_ros2) StdoutLine: {'line': b'-- Symlinking: /home/theanh/Robot_Project/AMR_Robot/amr1_ws/install/sllidar_ros2/share/sllidar_ros2/package.xml\n'}
[18.901172] (sllidar_ros2) CommandEnded: {'returncode': 0}
[18.908905] (-) TimerEvent: {}
[18.914270] (sllidar_ros2) JobEnded: {'identifier': 'sllidar_ros2', 'rc': 0}
[19.009025] (-) TimerEvent: {}
[19.109308] (-) TimerEvent: {}
[19.209626] (-) TimerEvent: {}
[19.309947] (-) TimerEvent: {}
[19.410297] (-) TimerEvent: {}
[19.510565] (-) TimerEvent: {}
[19.610835] (-) TimerEvent: {}
[19.711113] (-) TimerEvent: {}
[19.811398] (-) TimerEvent: {}
[19.911683] (-) TimerEvent: {}
[20.011973] (-) TimerEvent: {}
[20.112258] (-) TimerEvent: {}
[20.212560] (-) TimerEvent: {}
[20.312887] (-) TimerEvent: {}
[20.317292] (laser_filters) StdoutLine: {'line': b'[ 47%] \x1b[32m\x1b[1mLinking CXX executable test_scan_filter_chain\x1b[0m\n'}
[20.412987] (-) TimerEvent: {}
[20.513250] (-) TimerEvent: {}
[20.613527] (-) TimerEvent: {}
[20.689358] (laser_filters) StdoutLine: {'line': b'[ 47%] Built target test_scan_filter_chain\n'}
[20.713614] (-) TimerEvent: {}
[20.813869] (-) TimerEvent: {}
[20.914170] (-) TimerEvent: {}
[21.014439] (-) TimerEvent: {}
[21.114701] (-) TimerEvent: {}
[21.214958] (-) TimerEvent: {}
[21.315218] (-) TimerEvent: {}
[21.415482] (-) TimerEvent: {}
[21.515747] (-) TimerEvent: {}
[21.616013] (-) TimerEvent: {}
[21.716282] (-) TimerEvent: {}
[21.816554] (-) TimerEvent: {}
[21.916798] (-) TimerEvent: {}
[22.017044] (-) TimerEvent: {}
[22.117306] (-) TimerEvent: {}
[22.217557] (-) TimerEvent: {}
[22.317807] (-) TimerEvent: {}
[22.418062] (-) TimerEvent: {}
[22.518328] (-) TimerEvent: {}
[22.618573] (-) TimerEvent: {}
[22.718817] (-) TimerEvent: {}
[22.819075] (-) TimerEvent: {}
[22.919347] (-) TimerEvent: {}
[23.019607] (-) TimerEvent: {}
[23.119859] (-) TimerEvent: {}
[23.220113] (-) TimerEvent: {}
[23.320378] (-) TimerEvent: {}
[23.420627] (-) TimerEvent: {}
[23.520885] (-) TimerEvent: {}
[23.621142] (-) TimerEvent: {}
[23.721398] (-) TimerEvent: {}
[23.821639] (-) TimerEvent: {}
[23.921893] (-) TimerEvent: {}
[24.022173] (-) TimerEvent: {}
[24.122465] (-) TimerEvent: {}
[24.222721] (-) TimerEvent: {}
[24.322976] (-) TimerEvent: {}
[24.423225] (-) TimerEvent: {}
[24.523475] (-) TimerEvent: {}
[24.623739] (-) TimerEvent: {}
[24.723996] (-) TimerEvent: {}
[24.824254] (-) TimerEvent: {}
[24.924512] (-) TimerEvent: {}
[25.024765] (-) TimerEvent: {}
[25.125010] (-) TimerEvent: {}
[25.225254] (-) TimerEvent: {}
[25.325511] (-) TimerEvent: {}
[25.425763] (-) TimerEvent: {}
[25.526018] (-) TimerEvent: {}
[25.626293] (-) TimerEvent: {}
[25.726540] (-) TimerEvent: {}
[25.826777] (-) TimerEvent: {}
[25.927023] (-) TimerEvent: {}
[26.027293] (-) TimerEvent: {}
[26.127552] (-) TimerEvent: {}
[26.227801] (-) TimerEvent: {}
[26.328055] (-) TimerEvent: {}
[26.428332] (-) TimerEvent: {}
[26.528598] (-) TimerEvent: {}
[26.628856] (-) TimerEvent: {}
[26.729131] (-) TimerEvent: {}
[26.779023] (laser_filters) StdoutLine: {'line': b'[ 52%] \x1b[32m\x1b[1mLinking CXX shared library liblaser_scan_filters.so\x1b[0m\n'}
[26.829239] (-) TimerEvent: {}
[26.929503] (-) TimerEvent: {}
[27.029772] (-) TimerEvent: {}
[27.130037] (-) TimerEvent: {}
[27.230329] (-) TimerEvent: {}
[27.330612] (-) TimerEvent: {}
[27.430877] (-) TimerEvent: {}
[27.531140] (-) TimerEvent: {}
[27.549579] (laser_filters) StdoutLine: {'line': b'[ 52%] Built target laser_scan_filters\n'}
[27.578465] (laser_filters) StdoutLine: {'line': b'[ 73%] \x1b[32mBuilding CXX object CMakeFiles/test_scan_shadows_filter.dir/test/test_scan_shadows_filter.cpp.o\x1b[0m\n'}
[27.578679] (laser_filters) StdoutLine: {'line': b'[ 73%] \x1b[32mBuilding CXX object CMakeFiles/test_shadow_detector.dir/test/test_shadow_detector.cpp.o\x1b[0m\n'}
[27.578754] (laser_filters) StdoutLine: {'line': b'[ 73%] \x1b[32mBuilding CXX object CMakeFiles/test_speckle_filter.dir/test/test_speckle_filter.cpp.o\x1b[0m\n'}
[27.578821] (laser_filters) StdoutLine: {'line': b'[ 73%] \x1b[32mBuilding CXX object CMakeFiles/laser_filter_chains.dir/src/scan_to_cloud_filter_chain.cpp.o\x1b[0m\n'}
[27.578884] (laser_filters) StdoutLine: {'line': b'[ 73%] \x1b[32mBuilding CXX object CMakeFiles/laser_filter_chains.dir/src/scan_to_scan_filter_chain.cpp.o\x1b[0m\n'}
[27.631232] (-) TimerEvent: {}
[27.731485] (-) TimerEvent: {}
[27.831758] (-) TimerEvent: {}
[27.932039] (-) TimerEvent: {}
[28.032359] (-) TimerEvent: {}
[28.132661] (-) TimerEvent: {}
[28.233004] (-) TimerEvent: {}
[28.333326] (-) TimerEvent: {}
[28.433635] (-) TimerEvent: {}
[28.533935] (-) TimerEvent: {}
[28.634235] (-) TimerEvent: {}
[28.734525] (-) TimerEvent: {}
[28.834839] (-) TimerEvent: {}
[28.900521] (laser_filters) StdoutLine: {'line': b'[ 78%] \x1b[32m\x1b[1mLinking CXX executable test_shadow_detector\x1b[0m\n'}
[28.934969] (-) TimerEvent: {}
[29.035326] (-) TimerEvent: {}
[29.135629] (-) TimerEvent: {}
[29.229987] (laser_filters) StdoutLine: {'line': b'[ 78%] Built target test_shadow_detector\n'}
[29.235716] (-) TimerEvent: {}
[29.335982] (-) TimerEvent: {}
[29.436255] (-) TimerEvent: {}
[29.536528] (-) TimerEvent: {}
[29.636822] (-) TimerEvent: {}
[29.737119] (-) TimerEvent: {}
[29.837425] (-) TimerEvent: {}
[29.937711] (-) TimerEvent: {}
[30.037996] (-) TimerEvent: {}
[30.138287] (-) TimerEvent: {}
[30.238564] (-) TimerEvent: {}
[30.338847] (-) TimerEvent: {}
[30.439133] (-) TimerEvent: {}
[30.539433] (-) TimerEvent: {}
[30.639729] (-) TimerEvent: {}
[30.740014] (-) TimerEvent: {}
[30.840339] (-) TimerEvent: {}
[30.940628] (-) TimerEvent: {}
[31.040979] (-) TimerEvent: {}
[31.141263] (-) TimerEvent: {}
[31.241552] (-) TimerEvent: {}
[31.341849] (-) TimerEvent: {}
[31.442147] (-) TimerEvent: {}
[31.542450] (-) TimerEvent: {}
[31.642746] (-) TimerEvent: {}
[31.651064] (laser_filters) StdoutLine: {'line': b'[ 82%] \x1b[32m\x1b[1mLinking CXX executable test_speckle_filter\x1b[0m\n'}
[31.742854] (-) TimerEvent: {}
[31.843193] (-) TimerEvent: {}
[31.934966] (laser_filters) StdoutLine: {'line': b'[ 82%] Built target test_speckle_filter\n'}
[31.943255] (-) TimerEvent: {}
[32.043550] (-) TimerEvent: {}
[32.143829] (-) TimerEvent: {}
[32.244107] (-) TimerEvent: {}
[32.344410] (-) TimerEvent: {}
[32.444701] (-) TimerEvent: {}
[32.544975] (-) TimerEvent: {}
[32.645241] (-) TimerEvent: {}
[32.745506] (-) TimerEvent: {}
[32.845780] (-) TimerEvent: {}
[32.946048] (-) TimerEvent: {}
[33.046335] (-) TimerEvent: {}
[33.146607] (-) TimerEvent: {}
[33.246882] (-) TimerEvent: {}
[33.347145] (-) TimerEvent: {}
[33.447413] (-) TimerEvent: {}
[33.547686] (-) TimerEvent: {}
[33.547978] (laser_filters) StdoutLine: {'line': b'[ 86%] \x1b[32m\x1b[1mLinking CXX executable test_scan_shadows_filter\x1b[0m\n'}
[33.647781] (-) TimerEvent: {}
[33.748051] (-) TimerEvent: {}
[33.818728] (laser_filters) StdoutLine: {'line': b'[ 86%] Built target test_scan_shadows_filter\n'}
[33.848163] (-) TimerEvent: {}
[33.948437] (-) TimerEvent: {}
[34.048698] (-) TimerEvent: {}
[34.148950] (-) TimerEvent: {}
[34.249220] (-) TimerEvent: {}
[34.349492] (-) TimerEvent: {}
[34.449763] (-) TimerEvent: {}
[34.550031] (-) TimerEvent: {}
[34.650312] (-) TimerEvent: {}
[34.750572] (-) TimerEvent: {}
[34.850829] (-) TimerEvent: {}
[34.951097] (-) TimerEvent: {}
[35.051374] (-) TimerEvent: {}
[35.151646] (-) TimerEvent: {}
[35.251930] (-) TimerEvent: {}
[35.352219] (-) TimerEvent: {}
[35.452514] (-) TimerEvent: {}
[35.552798] (-) TimerEvent: {}
[35.653109] (-) TimerEvent: {}
[35.753419] (-) TimerEvent: {}
[35.853675] (-) TimerEvent: {}
[35.953929] (-) TimerEvent: {}
[36.054203] (-) TimerEvent: {}
[36.154457] (-) TimerEvent: {}
[36.254718] (-) TimerEvent: {}
[36.354980] (-) TimerEvent: {}
[36.455244] (-) TimerEvent: {}
[36.555530] (-) TimerEvent: {}
[36.655788] (-) TimerEvent: {}
[36.756071] (-) TimerEvent: {}
[36.856340] (-) TimerEvent: {}
[36.956601] (-) TimerEvent: {}
[37.056867] (-) TimerEvent: {}
[37.157141] (-) TimerEvent: {}
[37.257435] (-) TimerEvent: {}
[37.357691] (-) TimerEvent: {}
[37.457956] (-) TimerEvent: {}
[37.558216] (-) TimerEvent: {}
[37.658474] (-) TimerEvent: {}
[37.758739] (-) TimerEvent: {}
[37.858993] (-) TimerEvent: {}
[37.959244] (-) TimerEvent: {}
[38.059493] (-) TimerEvent: {}
[38.159758] (-) TimerEvent: {}
[38.260011] (-) TimerEvent: {}
[38.360272] (-) TimerEvent: {}
[38.460521] (-) TimerEvent: {}
[38.560780] (-) TimerEvent: {}
[38.661031] (-) TimerEvent: {}
[38.761303] (-) TimerEvent: {}
[38.861564] (-) TimerEvent: {}
[38.961823] (-) TimerEvent: {}
[39.062076] (-) TimerEvent: {}
[39.162346] (-) TimerEvent: {}
[39.262616] (-) TimerEvent: {}
[39.362880] (-) TimerEvent: {}
[39.463146] (-) TimerEvent: {}
[39.563421] (-) TimerEvent: {}
[39.663693] (-) TimerEvent: {}
[39.763951] (-) TimerEvent: {}
[39.864215] (-) TimerEvent: {}
[39.964479] (-) TimerEvent: {}
[40.064737] (-) TimerEvent: {}
[40.165000] (-) TimerEvent: {}
[40.265303] (-) TimerEvent: {}
[40.365595] (-) TimerEvent: {}
[40.465852] (-) TimerEvent: {}
[40.566103] (-) TimerEvent: {}
[40.666377] (-) TimerEvent: {}
[40.766629] (-) TimerEvent: {}
[40.866886] (-) TimerEvent: {}
[40.967169] (-) TimerEvent: {}
[41.067439] (-) TimerEvent: {}
[41.167700] (-) TimerEvent: {}
[41.267971] (-) TimerEvent: {}
[41.368244] (-) TimerEvent: {}
[41.468524] (-) TimerEvent: {}
[41.568804] (-) TimerEvent: {}
[41.669065] (-) TimerEvent: {}
[41.769351] (-) TimerEvent: {}
[41.869633] (-) TimerEvent: {}
[41.969919] (-) TimerEvent: {}
[42.070200] (-) TimerEvent: {}
[42.170463] (-) TimerEvent: {}
[42.229294] (laser_filters) StdoutLine: {'line': b'[ 91%] \x1b[32m\x1b[1mLinking CXX shared library liblaser_filter_chains.so\x1b[0m\n'}
[42.270555] (-) TimerEvent: {}
[42.370814] (-) TimerEvent: {}
[42.471083] (-) TimerEvent: {}
[42.571384] (-) TimerEvent: {}
[42.671667] (-) TimerEvent: {}
[42.771937] (-) TimerEvent: {}
[42.872204] (-) TimerEvent: {}
[42.972474] (-) TimerEvent: {}
[43.072749] (-) TimerEvent: {}
[43.173031] (-) TimerEvent: {}
[43.254533] (laser_filters) StdoutLine: {'line': b'[ 91%] Built target laser_filter_chains\n'}
[43.273124] (-) TimerEvent: {}
[43.279014] (laser_filters) StdoutLine: {'line': b'[ 95%] \x1b[32mBuilding CXX object CMakeFiles/generic_laser_filter_node.dir/src/generic_laser_filter_node.cpp.o\x1b[0m\n'}
[43.373213] (-) TimerEvent: {}
[43.473474] (-) TimerEvent: {}
[43.573727] (-) TimerEvent: {}
[43.673981] (-) TimerEvent: {}
[43.774224] (-) TimerEvent: {}
[43.874488] (-) TimerEvent: {}
[43.974752] (-) TimerEvent: {}
[44.075010] (-) TimerEvent: {}
[44.175257] (-) TimerEvent: {}
[44.275523] (-) TimerEvent: {}
[44.375776] (-) TimerEvent: {}
[44.476037] (-) TimerEvent: {}
[44.576315] (-) TimerEvent: {}
[44.676573] (-) TimerEvent: {}
[44.776827] (-) TimerEvent: {}
[44.877083] (-) TimerEvent: {}
[44.977367] (-) TimerEvent: {}
[45.077628] (-) TimerEvent: {}
[45.177887] (-) TimerEvent: {}
[45.278157] (-) TimerEvent: {}
[45.378416] (-) TimerEvent: {}
[45.478671] (-) TimerEvent: {}
[45.578917] (-) TimerEvent: {}
[45.679188] (-) TimerEvent: {}
[45.779452] (-) TimerEvent: {}
[45.879719] (-) TimerEvent: {}
[45.979981] (-) TimerEvent: {}
[46.080243] (-) TimerEvent: {}
[46.180496] (-) TimerEvent: {}
[46.280744] (-) TimerEvent: {}
[46.381003] (-) TimerEvent: {}
[46.481271] (-) TimerEvent: {}
[46.581532] (-) TimerEvent: {}
[46.681792] (-) TimerEvent: {}
[46.782044] (-) TimerEvent: {}
[46.882306] (-) TimerEvent: {}
[46.982540] (-) TimerEvent: {}
[47.082779] (-) TimerEvent: {}
[47.183039] (-) TimerEvent: {}
[47.283300] (-) TimerEvent: {}
[47.383553] (-) TimerEvent: {}
[47.483822] (-) TimerEvent: {}
[47.584076] (-) TimerEvent: {}
[47.684340] (-) TimerEvent: {}
[47.784608] (-) TimerEvent: {}
[47.884872] (-) TimerEvent: {}
[47.985127] (-) TimerEvent: {}
[48.085403] (-) TimerEvent: {}
[48.185665] (-) TimerEvent: {}
[48.285921] (-) TimerEvent: {}
[48.386186] (-) TimerEvent: {}
[48.486446] (-) TimerEvent: {}
[48.586707] (-) TimerEvent: {}
[48.686957] (-) TimerEvent: {}
[48.787206] (-) TimerEvent: {}
[48.887469] (-) TimerEvent: {}
[48.987730] (-) TimerEvent: {}
[49.087990] (-) TimerEvent: {}
[49.188260] (-) TimerEvent: {}
[49.288536] (-) TimerEvent: {}
[49.388805] (-) TimerEvent: {}
[49.489059] (-) TimerEvent: {}
[49.589378] (-) TimerEvent: {}
[49.689697] (-) TimerEvent: {}
[49.789968] (-) TimerEvent: {}
[49.890225] (-) TimerEvent: {}
[49.990479] (-) TimerEvent: {}
[50.090728] (-) TimerEvent: {}
[50.190975] (-) TimerEvent: {}
[50.291229] (-) TimerEvent: {}
[50.391484] (-) TimerEvent: {}
[50.491722] (-) TimerEvent: {}
[50.591967] (-) TimerEvent: {}
[50.692221] (-) TimerEvent: {}
[50.792469] (-) TimerEvent: {}
[50.892714] (-) TimerEvent: {}
[50.992977] (-) TimerEvent: {}
[51.093240] (-) TimerEvent: {}
[51.193487] (-) TimerEvent: {}
[51.293745] (-) TimerEvent: {}
[51.394002] (-) TimerEvent: {}
[51.494256] (-) TimerEvent: {}
[51.594507] (-) TimerEvent: {}
[51.694768] (-) TimerEvent: {}
[51.795028] (-) TimerEvent: {}
[51.895291] (-) TimerEvent: {}
[51.995536] (-) TimerEvent: {}
[52.095796] (-) TimerEvent: {}
[52.196044] (-) TimerEvent: {}
[52.296313] (-) TimerEvent: {}
[52.396563] (-) TimerEvent: {}
[52.496821] (-) TimerEvent: {}
[52.597064] (-) TimerEvent: {}
[52.697312] (-) TimerEvent: {}
[52.797564] (-) TimerEvent: {}
[52.897819] (-) TimerEvent: {}
[52.998076] (-) TimerEvent: {}
[53.098337] (-) TimerEvent: {}
[53.198588] (-) TimerEvent: {}
[53.298826] (-) TimerEvent: {}
[53.399071] (-) TimerEvent: {}
[53.499337] (-) TimerEvent: {}
[53.599595] (-) TimerEvent: {}
[53.699855] (-) TimerEvent: {}
[53.800112] (-) TimerEvent: {}
[53.900383] (-) TimerEvent: {}
[54.000624] (-) TimerEvent: {}
[54.100866] (-) TimerEvent: {}
[54.201126] (-) TimerEvent: {}
[54.301406] (-) TimerEvent: {}
[54.401656] (-) TimerEvent: {}
[54.501920] (-) TimerEvent: {}
[54.602225] (-) TimerEvent: {}
[54.702505] (-) TimerEvent: {}
[54.802785] (-) TimerEvent: {}
[54.903076] (-) TimerEvent: {}
[54.978848] (laser_filters) StdoutLine: {'line': b'[100%] \x1b[32m\x1b[1mLinking CXX executable generic_laser_filter_node\x1b[0m\n'}
[55.003189] (-) TimerEvent: {}
[55.103447] (-) TimerEvent: {}
[55.203718] (-) TimerEvent: {}
[55.304007] (-) TimerEvent: {}
[55.404290] (-) TimerEvent: {}
[55.504559] (-) TimerEvent: {}
[55.604861] (-) TimerEvent: {}
[55.615774] (laser_filters) StdoutLine: {'line': b'[100%] Built target generic_laser_filter_node\n'}
[55.629629] (laser_filters) CommandEnded: {'returncode': 0}
[55.630264] (laser_filters) JobProgress: {'identifier': 'laser_filters', 'progress': 'install'}
[55.630685] (laser_filters) Command: {'cmd': ['/usr/bin/cmake', '--install', '/home/theanh/Robot_Project/AMR_Robot/amr1_ws/build/laser_filters'], 'cwd': '/home/theanh/Robot_Project/AMR_Robot/amr1_ws/build/laser_filters', 'env': OrderedDict([('LESSOPEN', '| /usr/bin/lesspipe %s'), ('USER', 'theanh'), ('LC_TIME', 'vi_VN'), ('XDG_SESSION_TYPE', 'wayland'), ('SHLVL', '1'), ('LD_LIBRARY_PATH', '/home/theanh/Robot_Project/AMR_Robot/amr1_ws/install/laser_filters/lib:/home/theanh/ros2_ws1/install/ethercat_manager/lib:/home/theanh/ros2_ws1/install/ethercat_msgs/lib:/home/theanh/ros2_ws1/install/ethercat_generic_cia402_drive/lib:/home/theanh/ros2_ws1/install/ethercat_generic_slave/lib:/home/theanh/ros2_ws1/install/ethercat_driver/lib:/home/theanh/ros2_ws1/install/ethercat_interface/lib:/usr/lib/x86_64-linux-gnu/gazebo-11/plugins:/opt/ros/humble/opt/rviz_ogre_vendor/lib:/opt/ros/humble/lib/x86_64-linux-gnu:/opt/ros/humble/lib'), ('HOME', '/home/theanh'), ('OLDPWD', '/home/theanh'), ('DESKTOP_SESSION', 'ubuntu'), ('ROS_PYTHON_VERSION', '3'), ('GNOME_SHELL_SESSION_MODE', 'ubuntu'), ('GTK_MODULES', 'gail:atk-bridge'), ('LC_MONETARY', 'vi_VN'), ('SYSTEMD_EXEC_PID', '2536'), ('DBUS_SESSION_BUS_ADDRESS', 'unix:path=/run/user/1000/bus'), ('COLORTERM', 'truecolor'), ('IM_CONFIG_PHASE', '1'), ('WAYLAND_DISPLAY', 'wayland-0'), ('COLCON_PREFIX_PATH', '/home/theanh/Robot_Project/AMR_Robot/amr1_ws/install:/home/theanh/ros2_ws1/install:/home/theanh/agv_test_ws/install'), ('ROS_DISTRO', 'humble'), ('LOGNAME', 'theanh'), ('_', '/usr/bin/colcon'), ('ROS_VERSION', '2'), ('XDG_SESSION_CLASS', 'user'), ('USERNAME', 'theanh'), ('TERM', 'xterm-256color'), ('GNOME_DESKTOP_SESSION_ID', 'this-is-deprecated'), ('ROS_LOCALHOST_ONLY', '0'), ('PATH', '/home/theanh/.local/bin:/opt/ros/humble/bin:/usr/local/sbin:/usr/local/bin:/usr/sbin:/usr/bin:/sbin:/bin:/usr/games:/usr/local/games:/snap/bin:/snap/bin'), ('SESSION_MANAGER', 'local/theanh:@/tmp/.ICE-unix/2508,unix/theanh:/tmp/.ICE-unix/2508'), ('XDG_MENU_PREFIX', 'gnome-'), ('LC_ADDRESS', 'vi_VN'), ('GNOME_TERMINAL_SCREEN', '/org/gnome/Terminal/screen/4b04983a_ec98_4e8c_bd8f_84b5b2c8cd8f'), ('GNOME_SETUP_DISPLAY', ':1'), ('XDG_RUNTIME_DIR', '/run/user/1000'), ('DISPLAY', ':0'), ('LANG', 'en_US.UTF-8'), ('XDG_CURRENT_DESKTOP', 'ubuntu:GNOME'), ('LC_TELEPHONE', 'vi_VN'), ('RMW_IMPLEMENTATION', 'rmw_fastrtps_cpp'), ('XMODIFIERS', '@im=ibus'), ('XDG_SESSION_DESKTOP', 'ubuntu'), ('XAUTHORITY', '/run/user/1000/.mutter-Xwaylandauth.ZPOSS3'), ('LS_COLORS', 'rs=0:di=01;34:ln=01;36:mh=00:pi=40;33:so=01;35:do=01;35:bd=40;33;01:cd=40;33;01:or=40;31;01:mi=00:su=37;41:sg=30;43:ca=30;41:tw=30;42:ow=34;42:st=37;44:ex=01;32:*.tar=01;31:*.tgz=01;31:*.arc=01;31:*.arj=01;31:*.taz=01;31:*.lha=01;31:*.lz4=01;31:*.lzh=01;31:*.lzma=01;31:*.tlz=01;31:*.txz=01;31:*.tzo=01;31:*.t7z=01;31:*.zip=01;31:*.z=01;31:*.dz=01;31:*.gz=01;31:*.lrz=01;31:*.lz=01;31:*.lzo=01;31:*.xz=01;31:*.zst=01;31:*.tzst=01;31:*.bz2=01;31:*.bz=01;31:*.tbz=01;31:*.tbz2=01;31:*.tz=01;31:*.deb=01;31:*.rpm=01;31:*.jar=01;31:*.war=01;31:*.ear=01;31:*.sar=01;31:*.rar=01;31:*.alz=01;31:*.ace=01;31:*.zoo=01;31:*.cpio=01;31:*.7z=01;31:*.rz=01;31:*.cab=01;31:*.wim=01;31:*.swm=01;31:*.dwm=01;31:*.esd=01;31:*.jpg=01;35:*.jpeg=01;35:*.mjpg=01;35:*.mjpeg=01;35:*.gif=01;35:*.bmp=01;35:*.pbm=01;35:*.pgm=01;35:*.ppm=01;35:*.tga=01;35:*.xbm=01;35:*.xpm=01;35:*.tif=01;35:*.tiff=01;35:*.png=01;35:*.svg=01;35:*.svgz=01;35:*.mng=01;35:*.pcx=01;35:*.mov=01;35:*.mpg=01;35:*.mpeg=01;35:*.m2v=01;35:*.mkv=01;35:*.webm=01;35:*.webp=01;35:*.ogm=01;35:*.mp4=01;35:*.m4v=01;35:*.mp4v=01;35:*.vob=01;35:*.qt=01;35:*.nuv=01;35:*.wmv=01;35:*.asf=01;35:*.rm=01;35:*.rmvb=01;35:*.flc=01;35:*.avi=01;35:*.fli=01;35:*.flv=01;35:*.gl=01;35:*.dl=01;35:*.xcf=01;35:*.xwd=01;35:*.yuv=01;35:*.cgm=01;35:*.emf=01;35:*.ogv=01;35:*.ogx=01;35:*.aac=00;36:*.au=00;36:*.flac=00;36:*.m4a=00;36:*.mid=00;36:*.midi=00;36:*.mka=00;36:*.mp3=00;36:*.mpc=00;36:*.ogg=00;36:*.ra=00;36:*.wav=00;36:*.oga=00;36:*.opus=00;36:*.spx=00;36:*.xspf=00;36:'), ('GNOME_TERMINAL_SERVICE', ':1.115'), ('SSH_AGENT_LAUNCHER', 'gnome-keyring'), ('SSH_AUTH_SOCK', '/run/user/1000/keyring/ssh'), ('AMENT_PREFIX_PATH', '/home/theanh/Robot_Project/AMR_Robot/amr1_ws/install/sllidar_ros2:/home/theanh/Robot_Project/AMR_Robot/amr1_ws/install/laser_filters:/home/theanh/Robot_Project/AMR_Robot/amr1_ws/install/amr_sim_pkg:/home/theanh/Robot_Project/AMR_Robot/amr1_ws/install/amr_reality_pkg:/home/theanh/ros2_ws1/install/ros2_qt1_demo:/home/theanh/ros2_ws1/install/ethercat_manager:/home/theanh/ros2_ws1/install/control_one_motor_pkg_ex:/home/theanh/ros2_ws1/install/ethercat_msgs:/home/theanh/ros2_ws1/install/ethercat_generic_cia402_drive:/home/theanh/ros2_ws1/install/ethercat_generic_slave:/home/theanh/ros2_ws1/install/ethercat_driver_ros2:/home/theanh/ros2_ws1/install/ethercat_driver:/home/theanh/ros2_ws1/install/ethercat_interface:/home/theanh/agv_test_ws/install/sllidar_ros2:/home/theanh/agv_test_ws/install/agv_test_pkg:/opt/ros/humble'), ('SHELL', '/bin/bash'), ('LC_NAME', 'vi_VN'), ('QT_ACCESSIBILITY', '1'), ('GDMSESSION', 'ubuntu'), ('LESSCLOSE', '/usr/bin/lesspipe %s %s'), ('LC_MEASUREMENT', 'vi_VN'), ('LC_IDENTIFICATION', 'vi_VN'), ('QT_IM_MODULE', 'ibus'), ('PWD', '/home/theanh/Robot_Project/AMR_Robot/amr1_ws/build/laser_filters'), ('TURTLEBOT3_MODEL', 'waffle'), ('LC_ALL', 'en_US.UTF-8'), ('XDG_CONFIG_DIRS', '/etc/xdg/xdg-ubuntu:/etc/xdg'), ('XDG_DATA_DIRS', '/usr/share/ubuntu:/home/theanh/.local/share/flatpak/exports/share:/var/lib/flatpak/exports/share:/usr/local/share/:/usr/share/:/var/lib/snapd/desktop'), ('PYTHONPATH', '/home/theanh/ros2_ws1/install/ethercat_msgs/local/lib/python3.10/dist-packages:/opt/ros/humble/lib/python3.10/site-packages:/opt/ros/humble/local/lib/python3.10/dist-packages'), ('LC_NUMERIC', 'vi_VN'), ('LC_PAPER', 'vi_VN'), ('COLCON', '1'), ('VTE_VERSION', '6800'), ('CMAKE_PREFIX_PATH', '/home/theanh/Robot_Project/AMR_Robot/amr1_ws/install/sllidar_ros2:/home/theanh/Robot_Project/AMR_Robot/amr1_ws/install/laser_filters:/home/theanh/Robot_Project/AMR_Robot/amr1_ws/install/amr_sim_pkg:/home/theanh/Robot_Project/AMR_Robot/amr1_ws/install/amr_reality_pkg:/home/theanh/ros2_ws1/install/ros2_qt1_demo:/home/theanh/ros2_ws1/install/ethercat_manager:/home/theanh/ros2_ws1/install/control_one_motor_pkg_ex:/home/theanh/ros2_ws1/install/ethercat_msgs:/home/theanh/ros2_ws1/install/ethercat_generic_cia402_drive:/home/theanh/ros2_ws1/install/ethercat_generic_slave:/home/theanh/ros2_ws1/install/ethercat_driver_ros2:/home/theanh/ros2_ws1/install/ethercat_driver:/home/theanh/ros2_ws1/install/ethercat_interface:/home/theanh/agv_test_ws/install/sllidar_ros2:/home/theanh/agv_test_ws/install/agv_test_pkg:/opt/ros/humble')]), 'shell': False}
[55.640517] (laser_filters) StdoutLine: {'line': b'-- Install configuration: ""\n'}
[55.641006] (laser_filters) StdoutLine: {'line': b'-- Execute custom install script\n'}
[55.641413] (laser_filters) StdoutLine: {'line': b'-- Symlinking: /home/theanh/Robot_Project/AMR_Robot/amr1_ws/install/laser_filters/lib/laser_filters/scan_to_cloud_filter_chain\n'}
[55.653182] (laser_filters) StdoutLine: {'line': b'-- Symlinking: /home/theanh/Robot_Project/AMR_Robot/amr1_ws/install/laser_filters/lib/laser_filters/scan_to_scan_filter_chain\n'}
[55.664037] (laser_filters) StdoutLine: {'line': b'-- Symlinking: /home/theanh/Robot_Project/AMR_Robot/amr1_ws/install/laser_filters/share/laser_filters//laser_filters_plugins.xml\n'}
[55.675935] (laser_filters) StdoutLine: {'line': b'-- Symlinking: /home/theanh/Robot_Project/AMR_Robot/amr1_ws/install/laser_filters/include/laser_filters/angular_bounds_filter.h\n'}
[55.686538] (laser_filters) StdoutLine: {'line': b'-- Symlinking: /home/theanh/Robot_Project/AMR_Robot/amr1_ws/install/laser_filters/include/laser_filters/angular_bounds_filter_in_place.h\n'}
[55.696991] (laser_filters) StdoutLine: {'line': b'-- Symlinking: /home/theanh/Robot_Project/AMR_Robot/amr1_ws/install/laser_filters/include/laser_filters/array_filter.h\n'}
[55.704908] (-) TimerEvent: {}
[55.707418] (laser_filters) StdoutLine: {'line': b'-- Symlinking: /home/theanh/Robot_Project/AMR_Robot/amr1_ws/install/laser_filters/include/laser_filters/binning_filter.h\n'}
[55.717926] (laser_filters) StdoutLine: {'line': b'-- Symlinking: /home/theanh/Robot_Project/AMR_Robot/amr1_ws/install/laser_filters/include/laser_filters/box_filter.h\n'}
[55.728436] (laser_filters) StdoutLine: {'line': b'-- Symlinking: /home/theanh/Robot_Project/AMR_Robot/amr1_ws/install/laser_filters/include/laser_filters/footprint_filter.h\n'}
[55.740681] (laser_filters) StdoutLine: {'line': b'-- Symlinking: /home/theanh/Robot_Project/AMR_Robot/amr1_ws/install/laser_filters/include/laser_filters/intensity_filter.h\n'}
[55.751617] (laser_filters) StdoutLine: {'line': b'-- Symlinking: /home/theanh/Robot_Project/AMR_Robot/amr1_ws/install/laser_filters/include/laser_filters/interpolation_filter.h\n'}
[55.762096] (laser_filters) StdoutLine: {'line': b'-- Symlinking: /home/theanh/Robot_Project/AMR_Robot/amr1_ws/install/laser_filters/include/laser_filters/median_filter.h\n'}
[55.772414] (laser_filters) StdoutLine: {'line': b'-- Symlinking: /home/theanh/Robot_Project/AMR_Robot/amr1_ws/install/laser_filters/include/laser_filters/median_spatial_filter.h\n'}
[55.782991] (laser_filters) StdoutLine: {'line': b'-- Symlinking: /home/theanh/Robot_Project/AMR_Robot/amr1_ws/install/laser_filters/include/laser_filters/polygon_filter.h\n'}
[55.793521] (laser_filters) StdoutLine: {'line': b'-- Symlinking: /home/theanh/Robot_Project/AMR_Robot/amr1_ws/install/laser_filters/include/laser_filters/range_filter.h\n'}
[55.804268] (laser_filters) StdoutLine: {'line': b'-- Symlinking: /home/theanh/Robot_Project/AMR_Robot/amr1_ws/install/laser_filters/include/laser_filters/scan_blob_filter.h\n'}
[55.804980] (-) TimerEvent: {}
[55.814891] (laser_filters) StdoutLine: {'line': b'-- Symlinking: /home/theanh/Robot_Project/AMR_Robot/amr1_ws/install/laser_filters/include/laser_filters/scan_mask_filter.h\n'}
[55.826101] (laser_filters) StdoutLine: {'line': b'-- Symlinking: /home/theanh/Robot_Project/AMR_Robot/amr1_ws/install/laser_filters/include/laser_filters/scan_shadow_detector.h\n'}
[55.837853] (laser_filters) StdoutLine: {'line': b'-- Symlinking: /home/theanh/Robot_Project/AMR_Robot/amr1_ws/install/laser_filters/include/laser_filters/scan_shadows_filter.h\n'}
[55.848527] (laser_filters) StdoutLine: {'line': b'-- Symlinking: /home/theanh/Robot_Project/AMR_Robot/amr1_ws/install/laser_filters/include/laser_filters/sector_filter.h\n'}
[55.858928] (laser_filters) StdoutLine: {'line': b'-- Symlinking: /home/theanh/Robot_Project/AMR_Robot/amr1_ws/install/laser_filters/include/laser_filters/speckle_filter.h\n'}
[55.869449] (laser_filters) StdoutLine: {'line': b'-- Symlinking: /home/theanh/Robot_Project/AMR_Robot/amr1_ws/install/laser_filters/share/laser_filters/environment/library_path.sh\n'}
[55.880102] (laser_filters) StdoutLine: {'line': b'-- Symlinking: /home/theanh/Robot_Project/AMR_Robot/amr1_ws/install/laser_filters/share/laser_filters/environment/library_path.dsv\n'}
[55.890715] (laser_filters) StdoutLine: {'line': b'-- Symlinking: /home/theanh/Robot_Project/AMR_Robot/amr1_ws/install/laser_filters/lib/liblaser_scan_filters.so\n'}
[55.901342] (laser_filters) StdoutLine: {'line': b'-- Symlinking: /home/theanh/Robot_Project/AMR_Robot/amr1_ws/install/laser_filters/lib/liblaser_filter_chains.so\n'}
[55.905054] (-) TimerEvent: {}
[55.912017] (laser_filters) StdoutLine: {'line': b'-- Symlinking: /home/theanh/Robot_Project/AMR_Robot/amr1_ws/install/laser_filters/lib/laser_filters/generic_laser_filter_node\n'}
[55.923119] (laser_filters) StdoutLine: {'line': b'-- Symlinking: /home/theanh/Robot_Project/AMR_Robot/amr1_ws/install/laser_filters/share/laser_filters/examples/angular_filter_example.launch.py\n'}
[55.934042] (laser_filters) StdoutLine: {'line': b'-- Symlinking: /home/theanh/Robot_Project/AMR_Robot/amr1_ws/install/laser_filters/share/laser_filters/examples/angular_filter_example.yaml\n'}
[55.945846] (laser_filters) StdoutLine: {'line': b'-- Symlinking: /home/theanh/Robot_Project/AMR_Robot/amr1_ws/install/laser_filters/share/laser_filters/examples/bin_filter_example.launch.py\n'}
[55.956487] (laser_filters) StdoutLine: {'line': b'-- Symlinking: /home/theanh/Robot_Project/AMR_Robot/amr1_ws/install/laser_filters/share/laser_filters/examples/bin_filter_example.yaml\n'}
[55.966954] (laser_filters) StdoutLine: {'line': b'-- Symlinking: /home/theanh/Robot_Project/AMR_Robot/amr1_ws/install/laser_filters/share/laser_filters/examples/box_filter_example.launch.py\n'}
[55.977398] (laser_filters) StdoutLine: {'line': b'-- Symlinking: /home/theanh/Robot_Project/AMR_Robot/amr1_ws/install/laser_filters/share/laser_filters/examples/box_filter_example.yaml\n'}
[55.987928] (laser_filters) StdoutLine: {'line': b'-- Symlinking: /home/theanh/Robot_Project/AMR_Robot/amr1_ws/install/laser_filters/share/laser_filters/examples/footprint_filter_example.launch.py\n'}
[55.998485] (laser_filters) StdoutLine: {'line': b'-- Symlinking: /home/theanh/Robot_Project/AMR_Robot/amr1_ws/install/laser_filters/share/laser_filters/examples/footprint_filter_example.yaml\n'}
[56.005128] (-) TimerEvent: {}
[56.009025] (laser_filters) StdoutLine: {'line': b'-- Symlinking: /home/theanh/Robot_Project/AMR_Robot/amr1_ws/install/laser_filters/share/laser_filters/examples/intensity_filter_example.launch.py\n'}
[56.019486] (laser_filters) StdoutLine: {'line': b'-- Symlinking: /home/theanh/Robot_Project/AMR_Robot/amr1_ws/install/laser_filters/share/laser_filters/examples/intensity_filter_example.yaml\n'}
[56.030001] (laser_filters) StdoutLine: {'line': b'-- Symlinking: /home/theanh/Robot_Project/AMR_Robot/amr1_ws/install/laser_filters/share/laser_filters/examples/mask_filter_example.launch.py\n'}
[56.041632] (laser_filters) StdoutLine: {'line': b'-- Symlinking: /home/theanh/Robot_Project/AMR_Robot/amr1_ws/install/laser_filters/share/laser_filters/examples/mask_filter_example.yaml\n'}
[56.052757] (laser_filters) StdoutLine: {'line': b'-- Symlinking: /home/theanh/Robot_Project/AMR_Robot/amr1_ws/install/laser_filters/share/laser_filters/examples/median_filter_example.launch.py\n'}
[56.063464] (laser_filters) StdoutLine: {'line': b'-- Symlinking: /home/theanh/Robot_Project/AMR_Robot/amr1_ws/install/laser_filters/share/laser_filters/examples/median_filter_example.yaml\n'}
[56.073947] (laser_filters) StdoutLine: {'line': b'-- Symlinking: /home/theanh/Robot_Project/AMR_Robot/amr1_ws/install/laser_filters/share/laser_filters/examples/median_spatial_filter.launch.py\n'}
[56.084684] (laser_filters) StdoutLine: {'line': b'-- Symlinking: /home/theanh/Robot_Project/AMR_Robot/amr1_ws/install/laser_filters/share/laser_filters/examples/median_spatial_filter.launch.xml\n'}
[56.095196] (laser_filters) StdoutLine: {'line': b'-- Symlinking: /home/theanh/Robot_Project/AMR_Robot/amr1_ws/install/laser_filters/share/laser_filters/examples/median_spatial_filter_example.yaml\n'}
[56.105209] (-) TimerEvent: {}
[56.105889] (laser_filters) StdoutLine: {'line': b'-- Symlinking: /home/theanh/Robot_Project/AMR_Robot/amr1_ws/install/laser_filters/share/laser_filters/examples/multiple_filters_example.launch.py\n'}
[56.116748] (laser_filters) StdoutLine: {'line': b'-- Symlinking: /home/theanh/Robot_Project/AMR_Robot/amr1_ws/install/laser_filters/share/laser_filters/examples/multiple_filters_example.yaml\n'}
[56.127186] (laser_filters) StdoutLine: {'line': b'-- Symlinking: /home/theanh/Robot_Project/AMR_Robot/amr1_ws/install/laser_filters/share/laser_filters/examples/pass_through_example.launch.py\n'}
[56.139160] (laser_filters) StdoutLine: {'line': b'-- Symlinking: /home/theanh/Robot_Project/AMR_Robot/amr1_ws/install/laser_filters/share/laser_filters/examples/pass_through_example.yaml\n'}
[56.150606] (laser_filters) StdoutLine: {'line': b'-- Symlinking: /home/theanh/Robot_Project/AMR_Robot/amr1_ws/install/laser_filters/share/laser_filters/examples/polygon_filter_example.launch.py\n'}
[56.161148] (laser_filters) StdoutLine: {'line': b'-- Symlinking: /home/theanh/Robot_Project/AMR_Robot/amr1_ws/install/laser_filters/share/laser_filters/examples/polygon_filter_example.yaml\n'}
[56.171484] (laser_filters) StdoutLine: {'line': b'-- Symlinking: /home/theanh/Robot_Project/AMR_Robot/amr1_ws/install/laser_filters/share/laser_filters/examples/range_filter_example.launch.py\n'}
[56.181753] (laser_filters) StdoutLine: {'line': b'-- Symlinking: /home/theanh/Robot_Project/AMR_Robot/amr1_ws/install/laser_filters/share/laser_filters/examples/range_filter_example.yaml\n'}
[56.192036] (laser_filters) StdoutLine: {'line': b'-- Symlinking: /home/theanh/Robot_Project/AMR_Robot/amr1_ws/install/laser_filters/share/laser_filters/examples/scan_blob_filter_example.launch.py\n'}
[56.202410] (laser_filters) StdoutLine: {'line': b'-- Symlinking: /home/theanh/Robot_Project/AMR_Robot/amr1_ws/install/laser_filters/share/laser_filters/examples/scan_blob_filter_example.yaml\n'}
[56.205281] (-) TimerEvent: {}
[56.212879] (laser_filters) StdoutLine: {'line': b'-- Symlinking: /home/theanh/Robot_Project/AMR_Robot/amr1_ws/install/laser_filters/share/laser_filters/examples/sector_filter_example.launch.py\n'}
[56.223633] (laser_filters) StdoutLine: {'line': b'-- Symlinking: /home/theanh/Robot_Project/AMR_Robot/amr1_ws/install/laser_filters/share/laser_filters/examples/sector_filter_example.yaml\n'}
[56.234585] (laser_filters) StdoutLine: {'line': b'-- Symlinking: /home/theanh/Robot_Project/AMR_Robot/amr1_ws/install/laser_filters/share/laser_filters/examples/shadow_filter_example.launch.py\n'}
[56.246363] (laser_filters) StdoutLine: {'line': b'-- Symlinking: /home/theanh/Robot_Project/AMR_Robot/amr1_ws/install/laser_filters/share/laser_filters/examples/shadow_filter_example.yaml\n'}
[56.257009] (laser_filters) StdoutLine: {'line': b'-- Symlinking: /home/theanh/Robot_Project/AMR_Robot/amr1_ws/install/laser_filters/share/laser_filters/examples/speckle_filter_example.launch\n'}
[56.267379] (laser_filters) StdoutLine: {'line': b'-- Symlinking: /home/theanh/Robot_Project/AMR_Robot/amr1_ws/install/laser_filters/share/laser_filters/examples/speckle_filter_example.yaml\n'}
[56.278106] (laser_filters) StdoutLine: {'line': b'-- Symlinking: /home/theanh/Robot_Project/AMR_Robot/amr1_ws/install/laser_filters/share/laser_filters/test/fake_laser.py\n'}
[56.288519] (laser_filters) StdoutLine: {'line': b'-- Symlinking: /home/theanh/Robot_Project/AMR_Robot/amr1_ws/install/laser_filters/share/laser_filters/test/test_polygon_filter.test.py\n'}
[56.298900] (laser_filters) StdoutLine: {'line': b'-- Symlinking: /home/theanh/Robot_Project/AMR_Robot/amr1_ws/install/laser_filters/share/laser_filters/test/test_polygon_filter.yaml\n'}
[56.305357] (-) TimerEvent: {}
[56.309252] (laser_filters) StdoutLine: {'line': b'-- Symlinking: /home/theanh/Robot_Project/AMR_Robot/amr1_ws/install/laser_filters/share/laser_filters/test/test_scan_filter_chain.cpp\n'}
[56.319560] (laser_filters) StdoutLine: {'line': b'-- Symlinking: /home/theanh/Robot_Project/AMR_Robot/amr1_ws/install/laser_filters/share/laser_filters/test/test_scan_filter_chain.launch\n'}
[56.329924] (laser_filters) StdoutLine: {'line': b'-- Symlinking: /home/theanh/Robot_Project/AMR_Robot/amr1_ws/install/laser_filters/share/laser_filters/test/test_scan_filter_chain.yaml\n'}
[56.341445] (laser_filters) StdoutLine: {'line': b'-- Symlinking: /home/theanh/Robot_Project/AMR_Robot/amr1_ws/install/laser_filters/share/laser_filters/test/test_scan_shadows_filter.cpp\n'}
[56.352771] (laser_filters) StdoutLine: {'line': b'-- Symlinking: /home/theanh/Robot_Project/AMR_Robot/amr1_ws/install/laser_filters/share/laser_filters/test/test_shadow_detector.cpp\n'}
[56.363446] (laser_filters) StdoutLine: {'line': b'-- Symlinking: /home/theanh/Robot_Project/AMR_Robot/amr1_ws/install/laser_filters/share/laser_filters/test/test_speckle_filter.cpp\n'}
[56.374303] (laser_filters) StdoutLine: {'line': b'-- Symlinking: /home/theanh/Robot_Project/AMR_Robot/amr1_ws/install/laser_filters/share/laser_filters/test/test_speckle_filter.test.py\n'}
[56.385077] (laser_filters) StdoutLine: {'line': b'-- Symlinking: /home/theanh/Robot_Project/AMR_Robot/amr1_ws/install/laser_filters/share/laser_filters/test/test_speckle_filter.yaml\n'}
[56.396870] (laser_filters) StdoutLine: {'line': b'-- Symlinking: /home/theanh/Robot_Project/AMR_Robot/amr1_ws/install/laser_filters/share/ament_index/resource_index/package_run_dependencies/laser_filters\n'}
[56.405464] (-) TimerEvent: {}
[56.409101] (laser_filters) StdoutLine: {'line': b'-- Symlinking: /home/theanh/Robot_Project/AMR_Robot/amr1_ws/install/laser_filters/share/ament_index/resource_index/parent_prefix_path/laser_filters\n'}
[56.421272] (laser_filters) StdoutLine: {'line': b'-- Symlinking: /home/theanh/Robot_Project/AMR_Robot/amr1_ws/install/laser_filters/share/laser_filters/environment/ament_prefix_path.sh\n'}
[56.436260] (laser_filters) StdoutLine: {'line': b'-- Symlinking: /home/theanh/Robot_Project/AMR_Robot/amr1_ws/install/laser_filters/share/laser_filters/environment/ament_prefix_path.dsv\n'}
[56.450086] (laser_filters) StdoutLine: {'line': b'-- Symlinking: /home/theanh/Robot_Project/AMR_Robot/amr1_ws/install/laser_filters/share/laser_filters/environment/path.sh\n'}
[56.463343] (laser_filters) StdoutLine: {'line': b'-- Symlinking: /home/theanh/Robot_Project/AMR_Robot/amr1_ws/install/laser_filters/share/laser_filters/environment/path.dsv\n'}
[56.476953] (laser_filters) StdoutLine: {'line': b'-- Symlinking: /home/theanh/Robot_Project/AMR_Robot/amr1_ws/install/laser_filters/share/laser_filters/local_setup.bash\n'}
[56.490209] (laser_filters) StdoutLine: {'line': b'-- Symlinking: /home/theanh/Robot_Project/AMR_Robot/amr1_ws/install/laser_filters/share/laser_filters/local_setup.sh\n'}
[56.503344] (laser_filters) StdoutLine: {'line': b'-- Symlinking: /home/theanh/Robot_Project/AMR_Robot/amr1_ws/install/laser_filters/share/laser_filters/local_setup.zsh\n'}
[56.505537] (-) TimerEvent: {}
[56.517046] (laser_filters) StdoutLine: {'line': b'-- Symlinking: /home/theanh/Robot_Project/AMR_Robot/amr1_ws/install/laser_filters/share/laser_filters/local_setup.dsv\n'}
[56.531640] (laser_filters) StdoutLine: {'line': b'-- Symlinking: /home/theanh/Robot_Project/AMR_Robot/amr1_ws/install/laser_filters/share/laser_filters/package.dsv\n'}
[56.545528] (laser_filters) StdoutLine: {'line': b'-- Symlinking: /home/theanh/Robot_Project/AMR_Robot/amr1_ws/install/laser_filters/share/ament_index/resource_index/packages/laser_filters\n'}
[56.559094] (laser_filters) StdoutLine: {'line': b'-- Symlinking: /home/theanh/Robot_Project/AMR_Robot/amr1_ws/install/laser_filters/share/ament_index/resource_index/filters__pluginlib__plugin/laser_filters\n'}
[56.572623] (laser_filters) StdoutLine: {'line': b'-- Symlinking: /home/theanh/Robot_Project/AMR_Robot/amr1_ws/install/laser_filters/share/ament_index/resource_index/rclcpp_components/laser_filters\n'}
[56.584449] (laser_filters) StdoutLine: {'line': b'-- Symlinking: /home/theanh/Robot_Project/AMR_Robot/amr1_ws/install/laser_filters/share/laser_filters/cmake/ament_cmake_export_dependencies-extras.cmake\n'}
[56.595939] (laser_filters) StdoutLine: {'line': b'-- Symlinking: /home/theanh/Robot_Project/AMR_Robot/amr1_ws/install/laser_filters/share/laser_filters/cmake/ament_cmake_export_include_directories-extras.cmake\n'}
[56.605648] (-) TimerEvent: {}
[56.608120] (laser_filters) StdoutLine: {'line': b'-- Symlinking: /home/theanh/Robot_Project/AMR_Robot/amr1_ws/install/laser_filters/share/laser_filters/cmake/ament_cmake_export_libraries-extras.cmake\n'}
[56.620117] (laser_filters) StdoutLine: {'line': b'-- Symlinking: /home/theanh/Robot_Project/AMR_Robot/amr1_ws/install/laser_filters/share/laser_filters/cmake/laser_filtersConfig.cmake\n'}
[56.632562] (laser_filters) StdoutLine: {'line': b'-- Symlinking: /home/theanh/Robot_Project/AMR_Robot/amr1_ws/install/laser_filters/share/laser_filters/cmake/laser_filtersConfig-version.cmake\n'}
[56.647115] (laser_filters) StdoutLine: {'line': b'-- Symlinking: /home/theanh/Robot_Project/AMR_Robot/amr1_ws/install/laser_filters/share/laser_filters/package.xml\n'}
[56.663213] (laser_filters) CommandEnded: {'returncode': 0}
[56.680289] (laser_filters) JobEnded: {'identifier': 'laser_filters', 'rc': 0}
[56.681028] (-) EventReactorShutdown: {}
