[0.391s] DEBUG:colcon:Command line arguments: ['/usr/bin/colcon', 'build', '--symlink-install']
[0.391s] DEBUG:colcon:Parsed command line arguments: Namespace(log_base=None, log_level=None, verb_name='build', build_base='build', install_base='install', merge_install=False, symlink_install=True, test_result_base=None, continue_on_error=False, executor='parallel', parallel_workers=8, event_handlers=None, ignore_user_meta=False, metas=['./colcon.meta'], base_paths=['.'], packages_ignore=None, packages_ignore_regex=None, paths=None, packages_up_to=None, packages_up_to_regex=None, packages_above=None, packages_above_and_dependencies=None, packages_above_depth=None, packages_select_by_dep=None, packages_skip_by_dep=None, packages_skip_up_to=None, packages_select_build_failed=False, packages_skip_build_finished=False, packages_select_test_failures=False, packages_skip_test_passed=False, packages_select=None, packages_skip=None, packages_select_regex=None, packages_skip_regex=None, packages_start=None, packages_end=None, cmake_args=None, cmake_target=None, cmake_target_skip_unavailable=False, cmake_clean_cache=False, cmake_clean_first=False, cmake_force_configure=False, ament_cmake_args=None, catkin_cmake_args=None, catkin_skip_building_tests=False, verb_parser=<colcon_defaults.argument_parser.defaults.DefaultArgumentsDecorator object at 0x7f7edd6200>, verb_extension=<colcon_core.verb.build.BuildVerb object at 0x7f7ef67970>, main=<bound method BuildVerb.main of <colcon_core.verb.build.BuildVerb object at 0x7f7ef67970>>)
[0.701s] Level 1:colcon.colcon_core.package_discovery:discover_packages(colcon_meta) check parameters
[0.701s] Level 1:colcon.colcon_core.package_discovery:discover_packages(recursive) check parameters
[0.701s] Level 1:colcon.colcon_core.package_discovery:discover_packages(ignore) check parameters
[0.701s] Level 1:colcon.colcon_core.package_discovery:discover_packages(path) check parameters
[0.701s] Level 1:colcon.colcon_core.package_discovery:discover_packages(colcon_meta) discover
[0.701s] Level 1:colcon.colcon_core.package_discovery:discover_packages(recursive) discover
[0.701s] INFO:colcon.colcon_core.package_discovery:Crawling recursively for packages in '/home/orangepi/Robot_Project/AMR_Robot/amr_robot'
[0.701s] Level 1:colcon.colcon_core.package_identification:_identify(.) by extensions ['ignore', 'ignore_ament_install']
[0.702s] Level 1:colcon.colcon_core.package_identification:_identify(.) by extension 'ignore'
[0.702s] Level 1:colcon.colcon_core.package_identification:_identify(.) by extension 'ignore_ament_install'
[0.702s] Level 1:colcon.colcon_core.package_identification:_identify(.) by extensions ['colcon_pkg']
[0.702s] Level 1:colcon.colcon_core.package_identification:_identify(.) by extension 'colcon_pkg'
[0.702s] Level 1:colcon.colcon_core.package_identification:_identify(.) by extensions ['colcon_meta']
[0.702s] Level 1:colcon.colcon_core.package_identification:_identify(.) by extension 'colcon_meta'
[0.702s] Level 1:colcon.colcon_core.package_identification:_identify(.) by extensions ['ros']
[0.702s] Level 1:colcon.colcon_core.package_identification:_identify(.) by extension 'ros'
[0.724s] Level 1:colcon.colcon_core.package_identification:_identify(.) by extensions ['cmake', 'python']
[0.724s] Level 1:colcon.colcon_core.package_identification:_identify(.) by extension 'cmake'
[0.724s] Level 1:colcon.colcon_core.package_identification:_identify(.) by extension 'python'
[0.724s] Level 1:colcon.colcon_core.package_identification:_identify(.) by extensions ['python_setup_py']
[0.724s] Level 1:colcon.colcon_core.package_identification:_identify(.) by extension 'python_setup_py'
[0.725s] Level 1:colcon.colcon_core.package_identification:_identify(build) by extensions ['ignore', 'ignore_ament_install']
[0.725s] Level 1:colcon.colcon_core.package_identification:_identify(build) by extension 'ignore'
[0.725s] Level 1:colcon.colcon_core.package_identification:_identify(build) ignored
[0.725s] Level 1:colcon.colcon_core.package_identification:_identify(install) by extensions ['ignore', 'ignore_ament_install']
[0.725s] Level 1:colcon.colcon_core.package_identification:_identify(install) by extension 'ignore'
[0.725s] Level 1:colcon.colcon_core.package_identification:_identify(install) ignored
[0.725s] Level 1:colcon.colcon_core.package_identification:_identify(log) by extensions ['ignore', 'ignore_ament_install']
[0.725s] Level 1:colcon.colcon_core.package_identification:_identify(log) by extension 'ignore'
[0.725s] Level 1:colcon.colcon_core.package_identification:_identify(log) ignored
[0.726s] Level 1:colcon.colcon_core.package_identification:_identify(src) by extensions ['ignore', 'ignore_ament_install']
[0.726s] Level 1:colcon.colcon_core.package_identification:_identify(src) by extension 'ignore'
[0.726s] Level 1:colcon.colcon_core.package_identification:_identify(src) by extension 'ignore_ament_install'
[0.726s] Level 1:colcon.colcon_core.package_identification:_identify(src) by extensions ['colcon_pkg']
[0.726s] Level 1:colcon.colcon_core.package_identification:_identify(src) by extension 'colcon_pkg'
[0.726s] Level 1:colcon.colcon_core.package_identification:_identify(src) by extensions ['colcon_meta']
[0.726s] Level 1:colcon.colcon_core.package_identification:_identify(src) by extension 'colcon_meta'
[0.726s] Level 1:colcon.colcon_core.package_identification:_identify(src) by extensions ['ros']
[0.726s] Level 1:colcon.colcon_core.package_identification:_identify(src) by extension 'ros'
[0.727s] Level 1:colcon.colcon_core.package_identification:_identify(src) by extensions ['cmake', 'python']
[0.727s] Level 1:colcon.colcon_core.package_identification:_identify(src) by extension 'cmake'
[0.727s] Level 1:colcon.colcon_core.package_identification:_identify(src) by extension 'python'
[0.727s] Level 1:colcon.colcon_core.package_identification:_identify(src) by extensions ['python_setup_py']
[0.727s] Level 1:colcon.colcon_core.package_identification:_identify(src) by extension 'python_setup_py'
[0.727s] Level 1:colcon.colcon_core.package_identification:_identify(src/amr_reality_pkg) by extensions ['ignore', 'ignore_ament_install']
[0.727s] Level 1:colcon.colcon_core.package_identification:_identify(src/amr_reality_pkg) by extension 'ignore'
[0.727s] Level 1:colcon.colcon_core.package_identification:_identify(src/amr_reality_pkg) by extension 'ignore_ament_install'
[0.727s] Level 1:colcon.colcon_core.package_identification:_identify(src/amr_reality_pkg) by extensions ['colcon_pkg']
[0.727s] Level 1:colcon.colcon_core.package_identification:_identify(src/amr_reality_pkg) by extension 'colcon_pkg'
[0.727s] Level 1:colcon.colcon_core.package_identification:_identify(src/amr_reality_pkg) by extensions ['colcon_meta']
[0.727s] Level 1:colcon.colcon_core.package_identification:_identify(src/amr_reality_pkg) by extension 'colcon_meta'
[0.728s] Level 1:colcon.colcon_core.package_identification:_identify(src/amr_reality_pkg) by extensions ['ros']
[0.728s] Level 1:colcon.colcon_core.package_identification:_identify(src/amr_reality_pkg) by extension 'ros'
[0.732s] DEBUG:colcon.colcon_core.package_identification:Package 'src/amr_reality_pkg' with type 'ros.ament_cmake' and name 'amr_reality_pkg'
[0.733s] Level 1:colcon.colcon_core.package_identification:_identify(src/amr_sim_pkg) by extensions ['ignore', 'ignore_ament_install']
[0.733s] Level 1:colcon.colcon_core.package_identification:_identify(src/amr_sim_pkg) by extension 'ignore'
[0.734s] Level 1:colcon.colcon_core.package_identification:_identify(src/amr_sim_pkg) by extension 'ignore_ament_install'
[0.734s] Level 1:colcon.colcon_core.package_identification:_identify(src/amr_sim_pkg) by extensions ['colcon_pkg']
[0.734s] Level 1:colcon.colcon_core.package_identification:_identify(src/amr_sim_pkg) by extension 'colcon_pkg'
[0.735s] Level 1:colcon.colcon_core.package_identification:_identify(src/amr_sim_pkg) by extensions ['colcon_meta']
[0.735s] Level 1:colcon.colcon_core.package_identification:_identify(src/amr_sim_pkg) by extension 'colcon_meta'
[0.735s] Level 1:colcon.colcon_core.package_identification:_identify(src/amr_sim_pkg) by extensions ['ros']
[0.735s] Level 1:colcon.colcon_core.package_identification:_identify(src/amr_sim_pkg) by extension 'ros'
[0.738s] DEBUG:colcon.colcon_core.package_identification:Package 'src/amr_sim_pkg' with type 'ros.ament_cmake' and name 'amr_sim_pkg'
[0.740s] Level 1:colcon.colcon_core.package_identification:_identify(src/csm) by extensions ['ignore', 'ignore_ament_install']
[0.740s] Level 1:colcon.colcon_core.package_identification:_identify(src/csm) by extension 'ignore'
[0.740s] Level 1:colcon.colcon_core.package_identification:_identify(src/csm) by extension 'ignore_ament_install'
[0.740s] Level 1:colcon.colcon_core.package_identification:_identify(src/csm) by extensions ['colcon_pkg']
[0.741s] Level 1:colcon.colcon_core.package_identification:_identify(src/csm) by extension 'colcon_pkg'
[0.741s] Level 1:colcon.colcon_core.package_identification:_identify(src/csm) by extensions ['colcon_meta']
[0.741s] Level 1:colcon.colcon_core.package_identification:_identify(src/csm) by extension 'colcon_meta'
[0.741s] Level 1:colcon.colcon_core.package_identification:_identify(src/csm) by extensions ['ros']
[0.741s] Level 1:colcon.colcon_core.package_identification:_identify(src/csm) by extension 'ros'
[0.744s] DEBUG:colcon.colcon_core.package_identification:Package 'src/csm' with type 'ros.ament_cmake' and name 'csm'
[0.745s] Level 1:colcon.colcon_core.package_identification:_identify(src/laser_filters) by extensions ['ignore', 'ignore_ament_install']
[0.745s] Level 1:colcon.colcon_core.package_identification:_identify(src/laser_filters) by extension 'ignore'
[0.745s] Level 1:colcon.colcon_core.package_identification:_identify(src/laser_filters) by extension 'ignore_ament_install'
[0.745s] Level 1:colcon.colcon_core.package_identification:_identify(src/laser_filters) by extensions ['colcon_pkg']
[0.745s] Level 1:colcon.colcon_core.package_identification:_identify(src/laser_filters) by extension 'colcon_pkg'
[0.745s] Level 1:colcon.colcon_core.package_identification:_identify(src/laser_filters) by extensions ['colcon_meta']
[0.745s] Level 1:colcon.colcon_core.package_identification:_identify(src/laser_filters) by extension 'colcon_meta'
[0.746s] Level 1:colcon.colcon_core.package_identification:_identify(src/laser_filters) by extensions ['ros']
[0.746s] Level 1:colcon.colcon_core.package_identification:_identify(src/laser_filters) by extension 'ros'
[0.751s] DEBUG:colcon.colcon_core.package_identification:Package 'src/laser_filters' with type 'ros.ament_cmake' and name 'laser_filters'
[0.752s] Level 1:colcon.colcon_core.package_identification:_identify(src/plicp_map_matcher) by extensions ['ignore', 'ignore_ament_install']
[0.753s] Level 1:colcon.colcon_core.package_identification:_identify(src/plicp_map_matcher) by extension 'ignore'
[0.753s] Level 1:colcon.colcon_core.package_identification:_identify(src/plicp_map_matcher) by extension 'ignore_ament_install'
[0.753s] Level 1:colcon.colcon_core.package_identification:_identify(src/plicp_map_matcher) by extensions ['colcon_pkg']
[0.753s] Level 1:colcon.colcon_core.package_identification:_identify(src/plicp_map_matcher) by extension 'colcon_pkg'
[0.753s] Level 1:colcon.colcon_core.package_identification:_identify(src/plicp_map_matcher) by extensions ['colcon_meta']
[0.753s] Level 1:colcon.colcon_core.package_identification:_identify(src/plicp_map_matcher) by extension 'colcon_meta'
[0.754s] Level 1:colcon.colcon_core.package_identification:_identify(src/plicp_map_matcher) by extensions ['ros']
[0.754s] Level 1:colcon.colcon_core.package_identification:_identify(src/plicp_map_matcher) by extension 'ros'
[0.756s] DEBUG:colcon.colcon_core.package_identification:Package 'src/plicp_map_matcher' with type 'ros.ament_cmake' and name 'plicp_map_matcher'
[0.757s] Level 1:colcon.colcon_core.package_identification:_identify(src/rf2o_laser_odometry) by extensions ['ignore', 'ignore_ament_install']
[0.757s] Level 1:colcon.colcon_core.package_identification:_identify(src/rf2o_laser_odometry) by extension 'ignore'
[0.757s] Level 1:colcon.colcon_core.package_identification:_identify(src/rf2o_laser_odometry) by extension 'ignore_ament_install'
[0.757s] Level 1:colcon.colcon_core.package_identification:_identify(src/rf2o_laser_odometry) by extensions ['colcon_pkg']
[0.757s] Level 1:colcon.colcon_core.package_identification:_identify(src/rf2o_laser_odometry) by extension 'colcon_pkg'
[0.757s] Level 1:colcon.colcon_core.package_identification:_identify(src/rf2o_laser_odometry) by extensions ['colcon_meta']
[0.757s] Level 1:colcon.colcon_core.package_identification:_identify(src/rf2o_laser_odometry) by extension 'colcon_meta'
[0.757s] Level 1:colcon.colcon_core.package_identification:_identify(src/rf2o_laser_odometry) by extensions ['ros']
[0.757s] Level 1:colcon.colcon_core.package_identification:_identify(src/rf2o_laser_odometry) by extension 'ros'
[0.761s] DEBUG:colcon.colcon_core.package_identification:Package 'src/rf2o_laser_odometry' with type 'ros.ament_cmake' and name 'rf2o_laser_odometry'
[0.762s] Level 1:colcon.colcon_core.package_identification:_identify(src/ros2_laser_scan_matcher) by extensions ['ignore', 'ignore_ament_install']
[0.762s] Level 1:colcon.colcon_core.package_identification:_identify(src/ros2_laser_scan_matcher) by extension 'ignore'
[0.762s] Level 1:colcon.colcon_core.package_identification:_identify(src/ros2_laser_scan_matcher) by extension 'ignore_ament_install'
[0.762s] Level 1:colcon.colcon_core.package_identification:_identify(src/ros2_laser_scan_matcher) by extensions ['colcon_pkg']
[0.762s] Level 1:colcon.colcon_core.package_identification:_identify(src/ros2_laser_scan_matcher) by extension 'colcon_pkg'
[0.762s] Level 1:colcon.colcon_core.package_identification:_identify(src/ros2_laser_scan_matcher) by extensions ['colcon_meta']
[0.762s] Level 1:colcon.colcon_core.package_identification:_identify(src/ros2_laser_scan_matcher) by extension 'colcon_meta'
[0.762s] Level 1:colcon.colcon_core.package_identification:_identify(src/ros2_laser_scan_matcher) by extensions ['ros']
[0.762s] Level 1:colcon.colcon_core.package_identification:_identify(src/ros2_laser_scan_matcher) by extension 'ros'
[0.763s] DEBUG:colcon.colcon_core.package_identification:Package 'src/ros2_laser_scan_matcher' with type 'ros.ament_cmake' and name 'ros2_laser_scan_matcher'
[0.764s] Level 1:colcon.colcon_core.package_identification:_identify(src/sllidar_ros2) by extensions ['ignore', 'ignore_ament_install']
[0.764s] Level 1:colcon.colcon_core.package_identification:_identify(src/sllidar_ros2) by extension 'ignore'
[0.764s] Level 1:colcon.colcon_core.package_identification:_identify(src/sllidar_ros2) by extension 'ignore_ament_install'
[0.764s] Level 1:colcon.colcon_core.package_identification:_identify(src/sllidar_ros2) by extensions ['colcon_pkg']
[0.764s] Level 1:colcon.colcon_core.package_identification:_identify(src/sllidar_ros2) by extension 'colcon_pkg'
[0.764s] Level 1:colcon.colcon_core.package_identification:_identify(src/sllidar_ros2) by extensions ['colcon_meta']
[0.764s] Level 1:colcon.colcon_core.package_identification:_identify(src/sllidar_ros2) by extension 'colcon_meta'
[0.764s] Level 1:colcon.colcon_core.package_identification:_identify(src/sllidar_ros2) by extensions ['ros']
[0.764s] Level 1:colcon.colcon_core.package_identification:_identify(src/sllidar_ros2) by extension 'ros'
[0.765s] DEBUG:colcon.colcon_core.package_identification:Package 'src/sllidar_ros2' with type 'ros.ament_cmake' and name 'sllidar_ros2'
[0.765s] Level 1:colcon.colcon_core.package_discovery:discover_packages(recursive) using defaults
[0.765s] Level 1:colcon.colcon_core.package_discovery:discover_packages(ignore) discover
[0.766s] Level 1:colcon.colcon_core.package_discovery:discover_packages(ignore) using defaults
[0.766s] Level 1:colcon.colcon_core.package_discovery:discover_packages(path) discover
[0.766s] Level 1:colcon.colcon_core.package_discovery:discover_packages(path) using defaults
[0.810s] Level 5:colcon.colcon_core.verb:set package 'amr_reality_pkg' build argument 'cmake_args' from command line to 'None'
[0.810s] Level 5:colcon.colcon_core.verb:set package 'amr_reality_pkg' build argument 'cmake_target' from command line to 'None'
[0.810s] Level 5:colcon.colcon_core.verb:set package 'amr_reality_pkg' build argument 'cmake_target_skip_unavailable' from command line to 'False'
[0.810s] Level 5:colcon.colcon_core.verb:set package 'amr_reality_pkg' build argument 'cmake_clean_cache' from command line to 'False'
[0.810s] Level 5:colcon.colcon_core.verb:set package 'amr_reality_pkg' build argument 'cmake_clean_first' from command line to 'False'
[0.810s] Level 5:colcon.colcon_core.verb:set package 'amr_reality_pkg' build argument 'cmake_force_configure' from command line to 'False'
[0.810s] Level 5:colcon.colcon_core.verb:set package 'amr_reality_pkg' build argument 'ament_cmake_args' from command line to 'None'
[0.810s] Level 5:colcon.colcon_core.verb:set package 'amr_reality_pkg' build argument 'catkin_cmake_args' from command line to 'None'
[0.810s] Level 5:colcon.colcon_core.verb:set package 'amr_reality_pkg' build argument 'catkin_skip_building_tests' from command line to 'False'
[0.810s] DEBUG:colcon.colcon_core.verb:Building package 'amr_reality_pkg' with the following arguments: {'ament_cmake_args': None, 'build_base': '/home/orangepi/Robot_Project/AMR_Robot/amr_robot/build/amr_reality_pkg', 'catkin_cmake_args': None, 'catkin_skip_building_tests': False, 'cmake_args': None, 'cmake_clean_cache': False, 'cmake_clean_first': False, 'cmake_force_configure': False, 'cmake_target': None, 'cmake_target_skip_unavailable': False, 'install_base': '/home/orangepi/Robot_Project/AMR_Robot/amr_robot/install/amr_reality_pkg', 'merge_install': False, 'path': '/home/orangepi/Robot_Project/AMR_Robot/amr_robot/src/amr_reality_pkg', 'symlink_install': True, 'test_result_base': None}
[0.811s] Level 5:colcon.colcon_core.verb:set package 'amr_sim_pkg' build argument 'cmake_args' from command line to 'None'
[0.811s] Level 5:colcon.colcon_core.verb:set package 'amr_sim_pkg' build argument 'cmake_target' from command line to 'None'
[0.811s] Level 5:colcon.colcon_core.verb:set package 'amr_sim_pkg' build argument 'cmake_target_skip_unavailable' from command line to 'False'
[0.811s] Level 5:colcon.colcon_core.verb:set package 'amr_sim_pkg' build argument 'cmake_clean_cache' from command line to 'False'
[0.811s] Level 5:colcon.colcon_core.verb:set package 'amr_sim_pkg' build argument 'cmake_clean_first' from command line to 'False'
[0.811s] Level 5:colcon.colcon_core.verb:set package 'amr_sim_pkg' build argument 'cmake_force_configure' from command line to 'False'
[0.811s] Level 5:colcon.colcon_core.verb:set package 'amr_sim_pkg' build argument 'ament_cmake_args' from command line to 'None'
[0.811s] Level 5:colcon.colcon_core.verb:set package 'amr_sim_pkg' build argument 'catkin_cmake_args' from command line to 'None'
[0.811s] Level 5:colcon.colcon_core.verb:set package 'amr_sim_pkg' build argument 'catkin_skip_building_tests' from command line to 'False'
[0.811s] DEBUG:colcon.colcon_core.verb:Building package 'amr_sim_pkg' with the following arguments: {'ament_cmake_args': None, 'build_base': '/home/orangepi/Robot_Project/AMR_Robot/amr_robot/build/amr_sim_pkg', 'catkin_cmake_args': None, 'catkin_skip_building_tests': False, 'cmake_args': None, 'cmake_clean_cache': False, 'cmake_clean_first': False, 'cmake_force_configure': False, 'cmake_target': None, 'cmake_target_skip_unavailable': False, 'install_base': '/home/orangepi/Robot_Project/AMR_Robot/amr_robot/install/amr_sim_pkg', 'merge_install': False, 'path': '/home/orangepi/Robot_Project/AMR_Robot/amr_robot/src/amr_sim_pkg', 'symlink_install': True, 'test_result_base': None}
[0.812s] Level 5:colcon.colcon_core.verb:set package 'csm' build argument 'cmake_args' from command line to 'None'
[0.812s] Level 5:colcon.colcon_core.verb:set package 'csm' build argument 'cmake_target' from command line to 'None'
[0.812s] Level 5:colcon.colcon_core.verb:set package 'csm' build argument 'cmake_target_skip_unavailable' from command line to 'False'
[0.812s] Level 5:colcon.colcon_core.verb:set package 'csm' build argument 'cmake_clean_cache' from command line to 'False'
[0.812s] Level 5:colcon.colcon_core.verb:set package 'csm' build argument 'cmake_clean_first' from command line to 'False'
[0.812s] Level 5:colcon.colcon_core.verb:set package 'csm' build argument 'cmake_force_configure' from command line to 'False'
[0.812s] Level 5:colcon.colcon_core.verb:set package 'csm' build argument 'ament_cmake_args' from command line to 'None'
[0.812s] Level 5:colcon.colcon_core.verb:set package 'csm' build argument 'catkin_cmake_args' from command line to 'None'
[0.812s] Level 5:colcon.colcon_core.verb:set package 'csm' build argument 'catkin_skip_building_tests' from command line to 'False'
[0.812s] DEBUG:colcon.colcon_core.verb:Building package 'csm' with the following arguments: {'ament_cmake_args': None, 'build_base': '/home/orangepi/Robot_Project/AMR_Robot/amr_robot/build/csm', 'catkin_cmake_args': None, 'catkin_skip_building_tests': False, 'cmake_args': None, 'cmake_clean_cache': False, 'cmake_clean_first': False, 'cmake_force_configure': False, 'cmake_target': None, 'cmake_target_skip_unavailable': False, 'install_base': '/home/orangepi/Robot_Project/AMR_Robot/amr_robot/install/csm', 'merge_install': False, 'path': '/home/orangepi/Robot_Project/AMR_Robot/amr_robot/src/csm', 'symlink_install': True, 'test_result_base': None}
[0.812s] Level 5:colcon.colcon_core.verb:set package 'laser_filters' build argument 'cmake_args' from command line to 'None'
[0.812s] Level 5:colcon.colcon_core.verb:set package 'laser_filters' build argument 'cmake_target' from command line to 'None'
[0.812s] Level 5:colcon.colcon_core.verb:set package 'laser_filters' build argument 'cmake_target_skip_unavailable' from command line to 'False'
[0.812s] Level 5:colcon.colcon_core.verb:set package 'laser_filters' build argument 'cmake_clean_cache' from command line to 'False'
[0.812s] Level 5:colcon.colcon_core.verb:set package 'laser_filters' build argument 'cmake_clean_first' from command line to 'False'
[0.812s] Level 5:colcon.colcon_core.verb:set package 'laser_filters' build argument 'cmake_force_configure' from command line to 'False'
[0.812s] Level 5:colcon.colcon_core.verb:set package 'laser_filters' build argument 'ament_cmake_args' from command line to 'None'
[0.812s] Level 5:colcon.colcon_core.verb:set package 'laser_filters' build argument 'catkin_cmake_args' from command line to 'None'
[0.812s] Level 5:colcon.colcon_core.verb:set package 'laser_filters' build argument 'catkin_skip_building_tests' from command line to 'False'
[0.813s] DEBUG:colcon.colcon_core.verb:Building package 'laser_filters' with the following arguments: {'ament_cmake_args': None, 'build_base': '/home/orangepi/Robot_Project/AMR_Robot/amr_robot/build/laser_filters', 'catkin_cmake_args': None, 'catkin_skip_building_tests': False, 'cmake_args': None, 'cmake_clean_cache': False, 'cmake_clean_first': False, 'cmake_force_configure': False, 'cmake_target': None, 'cmake_target_skip_unavailable': False, 'install_base': '/home/orangepi/Robot_Project/AMR_Robot/amr_robot/install/laser_filters', 'merge_install': False, 'path': '/home/orangepi/Robot_Project/AMR_Robot/amr_robot/src/laser_filters', 'symlink_install': True, 'test_result_base': None}
[0.813s] Level 5:colcon.colcon_core.verb:set package 'rf2o_laser_odometry' build argument 'cmake_args' from command line to 'None'
[0.813s] Level 5:colcon.colcon_core.verb:set package 'rf2o_laser_odometry' build argument 'cmake_target' from command line to 'None'
[0.813s] Level 5:colcon.colcon_core.verb:set package 'rf2o_laser_odometry' build argument 'cmake_target_skip_unavailable' from command line to 'False'
[0.813s] Level 5:colcon.colcon_core.verb:set package 'rf2o_laser_odometry' build argument 'cmake_clean_cache' from command line to 'False'
[0.813s] Level 5:colcon.colcon_core.verb:set package 'rf2o_laser_odometry' build argument 'cmake_clean_first' from command line to 'False'
[0.813s] Level 5:colcon.colcon_core.verb:set package 'rf2o_laser_odometry' build argument 'cmake_force_configure' from command line to 'False'
[0.813s] Level 5:colcon.colcon_core.verb:set package 'rf2o_laser_odometry' build argument 'ament_cmake_args' from command line to 'None'
[0.813s] Level 5:colcon.colcon_core.verb:set package 'rf2o_laser_odometry' build argument 'catkin_cmake_args' from command line to 'None'
[0.813s] Level 5:colcon.colcon_core.verb:set package 'rf2o_laser_odometry' build argument 'catkin_skip_building_tests' from command line to 'False'
[0.813s] DEBUG:colcon.colcon_core.verb:Building package 'rf2o_laser_odometry' with the following arguments: {'ament_cmake_args': None, 'build_base': '/home/orangepi/Robot_Project/AMR_Robot/amr_robot/build/rf2o_laser_odometry', 'catkin_cmake_args': None, 'catkin_skip_building_tests': False, 'cmake_args': None, 'cmake_clean_cache': False, 'cmake_clean_first': False, 'cmake_force_configure': False, 'cmake_target': None, 'cmake_target_skip_unavailable': False, 'install_base': '/home/orangepi/Robot_Project/AMR_Robot/amr_robot/install/rf2o_laser_odometry', 'merge_install': False, 'path': '/home/orangepi/Robot_Project/AMR_Robot/amr_robot/src/rf2o_laser_odometry', 'symlink_install': True, 'test_result_base': None}
[0.814s] Level 5:colcon.colcon_core.verb:set package 'sllidar_ros2' build argument 'cmake_args' from command line to 'None'
[0.814s] Level 5:colcon.colcon_core.verb:set package 'sllidar_ros2' build argument 'cmake_target' from command line to 'None'
[0.814s] Level 5:colcon.colcon_core.verb:set package 'sllidar_ros2' build argument 'cmake_target_skip_unavailable' from command line to 'False'
[0.814s] Level 5:colcon.colcon_core.verb:set package 'sllidar_ros2' build argument 'cmake_clean_cache' from command line to 'False'
[0.814s] Level 5:colcon.colcon_core.verb:set package 'sllidar_ros2' build argument 'cmake_clean_first' from command line to 'False'
[0.814s] Level 5:colcon.colcon_core.verb:set package 'sllidar_ros2' build argument 'cmake_force_configure' from command line to 'False'
[0.814s] Level 5:colcon.colcon_core.verb:set package 'sllidar_ros2' build argument 'ament_cmake_args' from command line to 'None'
[0.814s] Level 5:colcon.colcon_core.verb:set package 'sllidar_ros2' build argument 'catkin_cmake_args' from command line to 'None'
[0.814s] Level 5:colcon.colcon_core.verb:set package 'sllidar_ros2' build argument 'catkin_skip_building_tests' from command line to 'False'
[0.814s] DEBUG:colcon.colcon_core.verb:Building package 'sllidar_ros2' with the following arguments: {'ament_cmake_args': None, 'build_base': '/home/orangepi/Robot_Project/AMR_Robot/amr_robot/build/sllidar_ros2', 'catkin_cmake_args': None, 'catkin_skip_building_tests': False, 'cmake_args': None, 'cmake_clean_cache': False, 'cmake_clean_first': False, 'cmake_force_configure': False, 'cmake_target': None, 'cmake_target_skip_unavailable': False, 'install_base': '/home/orangepi/Robot_Project/AMR_Robot/amr_robot/install/sllidar_ros2', 'merge_install': False, 'path': '/home/orangepi/Robot_Project/AMR_Robot/amr_robot/src/sllidar_ros2', 'symlink_install': True, 'test_result_base': None}
[0.814s] Level 5:colcon.colcon_core.verb:set package 'plicp_map_matcher' build argument 'cmake_args' from command line to 'None'
[0.814s] Level 5:colcon.colcon_core.verb:set package 'plicp_map_matcher' build argument 'cmake_target' from command line to 'None'
[0.814s] Level 5:colcon.colcon_core.verb:set package 'plicp_map_matcher' build argument 'cmake_target_skip_unavailable' from command line to 'False'
[0.814s] Level 5:colcon.colcon_core.verb:set package 'plicp_map_matcher' build argument 'cmake_clean_cache' from command line to 'False'
[0.814s] Level 5:colcon.colcon_core.verb:set package 'plicp_map_matcher' build argument 'cmake_clean_first' from command line to 'False'
[0.814s] Level 5:colcon.colcon_core.verb:set package 'plicp_map_matcher' build argument 'cmake_force_configure' from command line to 'False'
[0.814s] Level 5:colcon.colcon_core.verb:set package 'plicp_map_matcher' build argument 'ament_cmake_args' from command line to 'None'
[0.814s] Level 5:colcon.colcon_core.verb:set package 'plicp_map_matcher' build argument 'catkin_cmake_args' from command line to 'None'
[0.814s] Level 5:colcon.colcon_core.verb:set package 'plicp_map_matcher' build argument 'catkin_skip_building_tests' from command line to 'False'
[0.814s] DEBUG:colcon.colcon_core.verb:Building package 'plicp_map_matcher' with the following arguments: {'ament_cmake_args': None, 'build_base': '/home/orangepi/Robot_Project/AMR_Robot/amr_robot/build/plicp_map_matcher', 'catkin_cmake_args': None, 'catkin_skip_building_tests': False, 'cmake_args': None, 'cmake_clean_cache': False, 'cmake_clean_first': False, 'cmake_force_configure': False, 'cmake_target': None, 'cmake_target_skip_unavailable': False, 'install_base': '/home/orangepi/Robot_Project/AMR_Robot/amr_robot/install/plicp_map_matcher', 'merge_install': False, 'path': '/home/orangepi/Robot_Project/AMR_Robot/amr_robot/src/plicp_map_matcher', 'symlink_install': True, 'test_result_base': None}
[0.815s] Level 5:colcon.colcon_core.verb:set package 'ros2_laser_scan_matcher' build argument 'cmake_args' from command line to 'None'
[0.815s] Level 5:colcon.colcon_core.verb:set package 'ros2_laser_scan_matcher' build argument 'cmake_target' from command line to 'None'
[0.815s] Level 5:colcon.colcon_core.verb:set package 'ros2_laser_scan_matcher' build argument 'cmake_target_skip_unavailable' from command line to 'False'
[0.815s] Level 5:colcon.colcon_core.verb:set package 'ros2_laser_scan_matcher' build argument 'cmake_clean_cache' from command line to 'False'
[0.815s] Level 5:colcon.colcon_core.verb:set package 'ros2_laser_scan_matcher' build argument 'cmake_clean_first' from command line to 'False'
[0.815s] Level 5:colcon.colcon_core.verb:set package 'ros2_laser_scan_matcher' build argument 'cmake_force_configure' from command line to 'False'
[0.815s] Level 5:colcon.colcon_core.verb:set package 'ros2_laser_scan_matcher' build argument 'ament_cmake_args' from command line to 'None'
[0.815s] Level 5:colcon.colcon_core.verb:set package 'ros2_laser_scan_matcher' build argument 'catkin_cmake_args' from command line to 'None'
[0.815s] Level 5:colcon.colcon_core.verb:set package 'ros2_laser_scan_matcher' build argument 'catkin_skip_building_tests' from command line to 'False'
[0.815s] DEBUG:colcon.colcon_core.verb:Building package 'ros2_laser_scan_matcher' with the following arguments: {'ament_cmake_args': None, 'build_base': '/home/orangepi/Robot_Project/AMR_Robot/amr_robot/build/ros2_laser_scan_matcher', 'catkin_cmake_args': None, 'catkin_skip_building_tests': False, 'cmake_args': None, 'cmake_clean_cache': False, 'cmake_clean_first': False, 'cmake_force_configure': False, 'cmake_target': None, 'cmake_target_skip_unavailable': False, 'install_base': '/home/orangepi/Robot_Project/AMR_Robot/amr_robot/install/ros2_laser_scan_matcher', 'merge_install': False, 'path': '/home/orangepi/Robot_Project/AMR_Robot/amr_robot/src/ros2_laser_scan_matcher', 'symlink_install': True, 'test_result_base': None}
[0.815s] INFO:colcon.colcon_core.executor:Executing jobs using 'parallel' executor
[0.817s] DEBUG:colcon.colcon_parallel_executor.executor.parallel:run_until_complete
[0.817s] INFO:colcon.colcon_ros.task.ament_cmake.build:Building ROS package in '/home/orangepi/Robot_Project/AMR_Robot/amr_robot/src/csm' with build type 'ament_cmake'
[0.817s] INFO:colcon.colcon_cmake.task.cmake.build:Building CMake package in '/home/orangepi/Robot_Project/AMR_Robot/amr_robot/src/csm'
[0.825s] INFO:colcon.colcon_core.plugin_system:Skipping extension 'colcon_core.shell.bat': Not used on non-Windows systems
[0.825s] INFO:colcon.colcon_core.shell:Skip shell extension 'powershell' for command environment: Not usable outside of PowerShell
[0.825s] DEBUG:colcon.colcon_core.shell:Skip shell extension 'dsv' for command environment
[0.835s] INFO:colcon.colcon_ros.task.ament_cmake.build:Building ROS package in '/home/orangepi/Robot_Project/AMR_Robot/amr_robot/src/amr_reality_pkg' with build type 'ament_cmake'
[0.835s] INFO:colcon.colcon_cmake.task.cmake.build:Building CMake package in '/home/orangepi/Robot_Project/AMR_Robot/amr_robot/src/amr_reality_pkg'
[0.836s] INFO:colcon.colcon_core.shell:Skip shell extension 'powershell' for command environment: Not usable outside of PowerShell
[0.836s] DEBUG:colcon.colcon_core.shell:Skip shell extension 'dsv' for command environment
[0.844s] INFO:colcon.colcon_ros.task.ament_cmake.build:Building ROS package in '/home/orangepi/Robot_Project/AMR_Robot/amr_robot/src/amr_sim_pkg' with build type 'ament_cmake'
[0.844s] INFO:colcon.colcon_cmake.task.cmake.build:Building CMake package in '/home/orangepi/Robot_Project/AMR_Robot/amr_robot/src/amr_sim_pkg'
[0.845s] INFO:colcon.colcon_core.shell:Skip shell extension 'powershell' for command environment: Not usable outside of PowerShell
[0.845s] DEBUG:colcon.colcon_core.shell:Skip shell extension 'dsv' for command environment
[0.852s] INFO:colcon.colcon_ros.task.ament_cmake.build:Building ROS package in '/home/orangepi/Robot_Project/AMR_Robot/amr_robot/src/laser_filters' with build type 'ament_cmake'
[0.852s] INFO:colcon.colcon_cmake.task.cmake.build:Building CMake package in '/home/orangepi/Robot_Project/AMR_Robot/amr_robot/src/laser_filters'
[0.852s] INFO:colcon.colcon_core.shell:Skip shell extension 'powershell' for command environment: Not usable outside of PowerShell
[0.852s] DEBUG:colcon.colcon_core.shell:Skip shell extension 'dsv' for command environment
[0.859s] INFO:colcon.colcon_ros.task.ament_cmake.build:Building ROS package in '/home/orangepi/Robot_Project/AMR_Robot/amr_robot/src/rf2o_laser_odometry' with build type 'ament_cmake'
[0.859s] INFO:colcon.colcon_cmake.task.cmake.build:Building CMake package in '/home/orangepi/Robot_Project/AMR_Robot/amr_robot/src/rf2o_laser_odometry'
[0.859s] INFO:colcon.colcon_core.shell:Skip shell extension 'powershell' for command environment: Not usable outside of PowerShell
[0.860s] DEBUG:colcon.colcon_core.shell:Skip shell extension 'dsv' for command environment
[0.866s] INFO:colcon.colcon_ros.task.ament_cmake.build:Building ROS package in '/home/orangepi/Robot_Project/AMR_Robot/amr_robot/src/sllidar_ros2' with build type 'ament_cmake'
[0.866s] INFO:colcon.colcon_cmake.task.cmake.build:Building CMake package in '/home/orangepi/Robot_Project/AMR_Robot/amr_robot/src/sllidar_ros2'
[0.866s] INFO:colcon.colcon_core.shell:Skip shell extension 'powershell' for command environment: Not usable outside of PowerShell
[0.866s] DEBUG:colcon.colcon_core.shell:Skip shell extension 'dsv' for command environment
[0.880s] DEBUG:colcon.colcon_core.event_handler.log_command:Invoking command in '/home/orangepi/Robot_Project/AMR_Robot/amr_robot/build/csm': CMAKE_PREFIX_PATH=${CMAKE_PREFIX_PATH}:/opt/ros/humble /usr/bin/cmake --build /home/orangepi/Robot_Project/AMR_Robot/amr_robot/build/csm -- -j8 -l8
[0.889s] DEBUG:colcon.colcon_core.event_handler.log_command:Invoking command in '/home/orangepi/Robot_Project/AMR_Robot/amr_robot/build/amr_reality_pkg': CMAKE_PREFIX_PATH=${CMAKE_PREFIX_PATH}:/opt/ros/humble /usr/bin/cmake --build /home/orangepi/Robot_Project/AMR_Robot/amr_robot/build/amr_reality_pkg -- -j8 -l8
[0.894s] DEBUG:colcon.colcon_core.event_handler.log_command:Invoking command in '/home/orangepi/Robot_Project/AMR_Robot/amr_robot/build/amr_sim_pkg': CMAKE_PREFIX_PATH=${CMAKE_PREFIX_PATH}:/opt/ros/humble /usr/bin/cmake --build /home/orangepi/Robot_Project/AMR_Robot/amr_robot/build/amr_sim_pkg -- -j8 -l8
[0.911s] DEBUG:colcon.colcon_core.event_handler.log_command:Invoking command in '/home/orangepi/Robot_Project/AMR_Robot/amr_robot/build/laser_filters': CMAKE_PREFIX_PATH=${CMAKE_PREFIX_PATH}:/opt/ros/humble /usr/bin/cmake --build /home/orangepi/Robot_Project/AMR_Robot/amr_robot/build/laser_filters -- -j8 -l8
[0.913s] DEBUG:colcon.colcon_core.event_handler.log_command:Invoking command in '/home/orangepi/Robot_Project/AMR_Robot/amr_robot/build/rf2o_laser_odometry': CMAKE_PREFIX_PATH=${CMAKE_PREFIX_PATH}:/opt/ros/humble /usr/bin/cmake --build /home/orangepi/Robot_Project/AMR_Robot/amr_robot/build/rf2o_laser_odometry -- -j8 -l8
[0.918s] DEBUG:colcon.colcon_core.event_handler.log_command:Invoking command in '/home/orangepi/Robot_Project/AMR_Robot/amr_robot/build/sllidar_ros2': CMAKE_PREFIX_PATH=${CMAKE_PREFIX_PATH}:/opt/ros/humble /usr/bin/cmake --build /home/orangepi/Robot_Project/AMR_Robot/amr_robot/build/sllidar_ros2 -- -j8 -l8
[1.041s] DEBUG:colcon.colcon_core.event_handler.log_command:Invoked command in '/home/orangepi/Robot_Project/AMR_Robot/amr_robot/build/amr_sim_pkg' returned '0': CMAKE_PREFIX_PATH=${CMAKE_PREFIX_PATH}:/opt/ros/humble /usr/bin/cmake --build /home/orangepi/Robot_Project/AMR_Robot/amr_robot/build/amr_sim_pkg -- -j8 -l8
[1.060s] DEBUG:colcon.colcon_core.event_handler.log_command:Invoking command in '/home/orangepi/Robot_Project/AMR_Robot/amr_robot/build/amr_sim_pkg': CMAKE_PREFIX_PATH=${CMAKE_PREFIX_PATH}:/opt/ros/humble /usr/bin/cmake --install /home/orangepi/Robot_Project/AMR_Robot/amr_robot/build/amr_sim_pkg
[1.141s] Level 1:colcon.colcon_core.environment:create_environment_scripts_only(amr_sim_pkg)
[1.142s] DEBUG:colcon.colcon_core.event_handler.log_command:Invoked command in '/home/orangepi/Robot_Project/AMR_Robot/amr_robot/build/amr_sim_pkg' returned '0': CMAKE_PREFIX_PATH=${CMAKE_PREFIX_PATH}:/opt/ros/humble /usr/bin/cmake --install /home/orangepi/Robot_Project/AMR_Robot/amr_robot/build/amr_sim_pkg
[1.153s] Level 1:colcon.colcon_core.environment:checking '/home/orangepi/Robot_Project/AMR_Robot/amr_robot/install/amr_sim_pkg' for CMake module files
[1.154s] Level 1:colcon.colcon_core.environment:checking '/home/orangepi/Robot_Project/AMR_Robot/amr_robot/install/amr_sim_pkg' for CMake config files
[1.155s] Level 1:colcon.colcon_core.shell:create_environment_hook('amr_sim_pkg', 'cmake_prefix_path')
[1.155s] INFO:colcon.colcon_core.shell:Creating environment hook '/home/orangepi/Robot_Project/AMR_Robot/amr_robot/install/amr_sim_pkg/share/amr_sim_pkg/hook/cmake_prefix_path.ps1'
[1.159s] INFO:colcon.colcon_core.shell:Creating environment descriptor '/home/orangepi/Robot_Project/AMR_Robot/amr_robot/install/amr_sim_pkg/share/amr_sim_pkg/hook/cmake_prefix_path.dsv'
[1.160s] INFO:colcon.colcon_core.shell:Creating environment hook '/home/orangepi/Robot_Project/AMR_Robot/amr_robot/install/amr_sim_pkg/share/amr_sim_pkg/hook/cmake_prefix_path.sh'
[1.163s] Level 1:colcon.colcon_core.environment:checking '/home/orangepi/Robot_Project/AMR_Robot/amr_robot/install/amr_sim_pkg/lib'
[1.163s] Level 1:colcon.colcon_core.environment:checking '/home/orangepi/Robot_Project/AMR_Robot/amr_robot/install/amr_sim_pkg/bin'
[1.163s] Level 1:colcon.colcon_core.environment:checking '/home/orangepi/Robot_Project/AMR_Robot/amr_robot/install/amr_sim_pkg/lib/pkgconfig/amr_sim_pkg.pc'
[1.167s] Level 1:colcon.colcon_core.environment:checking '/home/orangepi/Robot_Project/AMR_Robot/amr_robot/install/amr_sim_pkg/lib/python3.10/site-packages'
[1.167s] Level 1:colcon.colcon_core.environment:checking '/home/orangepi/Robot_Project/AMR_Robot/amr_robot/install/amr_sim_pkg/bin'
[1.168s] INFO:colcon.colcon_core.shell:Creating package script '/home/orangepi/Robot_Project/AMR_Robot/amr_robot/install/amr_sim_pkg/share/amr_sim_pkg/package.ps1'
[1.170s] INFO:colcon.colcon_core.shell:Creating package descriptor '/home/orangepi/Robot_Project/AMR_Robot/amr_robot/install/amr_sim_pkg/share/amr_sim_pkg/package.dsv'
[1.172s] INFO:colcon.colcon_core.shell:Creating package script '/home/orangepi/Robot_Project/AMR_Robot/amr_robot/install/amr_sim_pkg/share/amr_sim_pkg/package.sh'
[1.173s] INFO:colcon.colcon_core.shell:Creating package script '/home/orangepi/Robot_Project/AMR_Robot/amr_robot/install/amr_sim_pkg/share/amr_sim_pkg/package.bash'
[1.176s] INFO:colcon.colcon_core.shell:Creating package script '/home/orangepi/Robot_Project/AMR_Robot/amr_robot/install/amr_sim_pkg/share/amr_sim_pkg/package.zsh'
[1.207s] Level 1:colcon.colcon_core.environment:create_file_with_runtime_dependencies(/home/orangepi/Robot_Project/AMR_Robot/amr_robot/install/amr_sim_pkg/share/colcon-core/packages/amr_sim_pkg)
[1.208s] Level 1:colcon.colcon_core.environment:create_environment_scripts_only(amr_sim_pkg)
[1.209s] Level 1:colcon.colcon_core.environment:checking '/home/orangepi/Robot_Project/AMR_Robot/amr_robot/install/amr_sim_pkg' for CMake module files
[1.210s] Level 1:colcon.colcon_core.environment:checking '/home/orangepi/Robot_Project/AMR_Robot/amr_robot/install/amr_sim_pkg' for CMake config files
[1.210s] Level 1:colcon.colcon_core.shell:create_environment_hook('amr_sim_pkg', 'cmake_prefix_path')
[1.210s] INFO:colcon.colcon_core.shell:Creating environment hook '/home/orangepi/Robot_Project/AMR_Robot/amr_robot/install/amr_sim_pkg/share/amr_sim_pkg/hook/cmake_prefix_path.ps1'
[1.211s] INFO:colcon.colcon_core.shell:Creating environment descriptor '/home/orangepi/Robot_Project/AMR_Robot/amr_robot/install/amr_sim_pkg/share/amr_sim_pkg/hook/cmake_prefix_path.dsv'
[1.212s] INFO:colcon.colcon_core.shell:Creating environment hook '/home/orangepi/Robot_Project/AMR_Robot/amr_robot/install/amr_sim_pkg/share/amr_sim_pkg/hook/cmake_prefix_path.sh'
[1.213s] Level 1:colcon.colcon_core.environment:checking '/home/orangepi/Robot_Project/AMR_Robot/amr_robot/install/amr_sim_pkg/lib'
[1.213s] Level 1:colcon.colcon_core.environment:checking '/home/orangepi/Robot_Project/AMR_Robot/amr_robot/install/amr_sim_pkg/bin'
[1.213s] Level 1:colcon.colcon_core.environment:checking '/home/orangepi/Robot_Project/AMR_Robot/amr_robot/install/amr_sim_pkg/lib/pkgconfig/amr_sim_pkg.pc'
[1.213s] Level 1:colcon.colcon_core.environment:checking '/home/orangepi/Robot_Project/AMR_Robot/amr_robot/install/amr_sim_pkg/lib/python3.10/site-packages'
[1.214s] Level 1:colcon.colcon_core.environment:checking '/home/orangepi/Robot_Project/AMR_Robot/amr_robot/install/amr_sim_pkg/bin'
[1.214s] INFO:colcon.colcon_core.shell:Creating package script '/home/orangepi/Robot_Project/AMR_Robot/amr_robot/install/amr_sim_pkg/share/amr_sim_pkg/package.ps1'
[1.215s] INFO:colcon.colcon_core.shell:Creating package descriptor '/home/orangepi/Robot_Project/AMR_Robot/amr_robot/install/amr_sim_pkg/share/amr_sim_pkg/package.dsv'
[1.216s] INFO:colcon.colcon_core.shell:Creating package script '/home/orangepi/Robot_Project/AMR_Robot/amr_robot/install/amr_sim_pkg/share/amr_sim_pkg/package.sh'
[1.217s] INFO:colcon.colcon_core.shell:Creating package script '/home/orangepi/Robot_Project/AMR_Robot/amr_robot/install/amr_sim_pkg/share/amr_sim_pkg/package.bash'
[1.218s] INFO:colcon.colcon_core.shell:Creating package script '/home/orangepi/Robot_Project/AMR_Robot/amr_robot/install/amr_sim_pkg/share/amr_sim_pkg/package.zsh'
[1.218s] Level 1:colcon.colcon_core.environment:create_file_with_runtime_dependencies(/home/orangepi/Robot_Project/AMR_Robot/amr_robot/install/amr_sim_pkg/share/colcon-core/packages/amr_sim_pkg)
[1.221s] DEBUG:colcon.colcon_core.event_handler.log_command:Invoked command in '/home/orangepi/Robot_Project/AMR_Robot/amr_robot/build/rf2o_laser_odometry' returned '0': CMAKE_PREFIX_PATH=${CMAKE_PREFIX_PATH}:/opt/ros/humble /usr/bin/cmake --build /home/orangepi/Robot_Project/AMR_Robot/amr_robot/build/rf2o_laser_odometry -- -j8 -l8
[1.224s] DEBUG:colcon.colcon_core.event_handler.log_command:Invoking command in '/home/orangepi/Robot_Project/AMR_Robot/amr_robot/build/rf2o_laser_odometry': CMAKE_PREFIX_PATH=${CMAKE_PREFIX_PATH}:/opt/ros/humble /usr/bin/cmake --install /home/orangepi/Robot_Project/AMR_Robot/amr_robot/build/rf2o_laser_odometry
[1.225s] DEBUG:colcon.colcon_core.event_handler.log_command:Invoked command in '/home/orangepi/Robot_Project/AMR_Robot/amr_robot/build/csm' returned '0': CMAKE_PREFIX_PATH=${CMAKE_PREFIX_PATH}:/opt/ros/humble /usr/bin/cmake --build /home/orangepi/Robot_Project/AMR_Robot/amr_robot/build/csm -- -j8 -l8
[1.228s] DEBUG:colcon.colcon_core.event_handler.log_command:Invoking command in '/home/orangepi/Robot_Project/AMR_Robot/amr_robot/build/csm': CMAKE_PREFIX_PATH=${CMAKE_PREFIX_PATH}:/opt/ros/humble /usr/bin/cmake --install /home/orangepi/Robot_Project/AMR_Robot/amr_robot/build/csm
[1.230s] DEBUG:colcon.colcon_core.event_handler.log_command:Invoked command in '/home/orangepi/Robot_Project/AMR_Robot/amr_robot/build/sllidar_ros2' returned '0': CMAKE_PREFIX_PATH=${CMAKE_PREFIX_PATH}:/opt/ros/humble /usr/bin/cmake --build /home/orangepi/Robot_Project/AMR_Robot/amr_robot/build/sllidar_ros2 -- -j8 -l8
[1.235s] DEBUG:colcon.colcon_core.event_handler.log_command:Invoking command in '/home/orangepi/Robot_Project/AMR_Robot/amr_robot/build/sllidar_ros2': CMAKE_PREFIX_PATH=${CMAKE_PREFIX_PATH}:/opt/ros/humble /usr/bin/cmake --install /home/orangepi/Robot_Project/AMR_Robot/amr_robot/build/sllidar_ros2
[1.261s] Level 1:colcon.colcon_core.environment:create_environment_scripts_only(rf2o_laser_odometry)
[1.262s] Level 1:colcon.colcon_core.environment:checking '/home/orangepi/Robot_Project/AMR_Robot/amr_robot/install/rf2o_laser_odometry' for CMake module files
[1.263s] DEBUG:colcon.colcon_core.event_handler.log_command:Invoked command in '/home/orangepi/Robot_Project/AMR_Robot/amr_robot/build/rf2o_laser_odometry' returned '0': CMAKE_PREFIX_PATH=${CMAKE_PREFIX_PATH}:/opt/ros/humble /usr/bin/cmake --install /home/orangepi/Robot_Project/AMR_Robot/amr_robot/build/rf2o_laser_odometry
[1.265s] Level 1:colcon.colcon_core.environment:checking '/home/orangepi/Robot_Project/AMR_Robot/amr_robot/install/rf2o_laser_odometry' for CMake config files
[1.266s] Level 1:colcon.colcon_core.shell:create_environment_hook('rf2o_laser_odometry', 'cmake_prefix_path')
[1.266s] INFO:colcon.colcon_core.shell:Creating environment hook '/home/orangepi/Robot_Project/AMR_Robot/amr_robot/install/rf2o_laser_odometry/share/rf2o_laser_odometry/hook/cmake_prefix_path.ps1'
[1.268s] INFO:colcon.colcon_core.shell:Creating environment descriptor '/home/orangepi/Robot_Project/AMR_Robot/amr_robot/install/rf2o_laser_odometry/share/rf2o_laser_odometry/hook/cmake_prefix_path.dsv'
[1.269s] INFO:colcon.colcon_core.shell:Creating environment hook '/home/orangepi/Robot_Project/AMR_Robot/amr_robot/install/rf2o_laser_odometry/share/rf2o_laser_odometry/hook/cmake_prefix_path.sh'
[1.271s] Level 1:colcon.colcon_core.environment:checking '/home/orangepi/Robot_Project/AMR_Robot/amr_robot/install/rf2o_laser_odometry/lib'
[1.271s] Level 1:colcon.colcon_core.environment:checking '/home/orangepi/Robot_Project/AMR_Robot/amr_robot/install/rf2o_laser_odometry/bin'
[1.271s] Level 1:colcon.colcon_core.environment:checking '/home/orangepi/Robot_Project/AMR_Robot/amr_robot/install/rf2o_laser_odometry/lib/pkgconfig/rf2o_laser_odometry.pc'
[1.272s] Level 1:colcon.colcon_core.environment:checking '/home/orangepi/Robot_Project/AMR_Robot/amr_robot/install/rf2o_laser_odometry/lib/python3.10/site-packages'
[1.272s] Level 1:colcon.colcon_core.environment:checking '/home/orangepi/Robot_Project/AMR_Robot/amr_robot/install/rf2o_laser_odometry/bin'
[1.273s] INFO:colcon.colcon_core.shell:Creating package script '/home/orangepi/Robot_Project/AMR_Robot/amr_robot/install/rf2o_laser_odometry/share/rf2o_laser_odometry/package.ps1'
[1.275s] INFO:colcon.colcon_core.shell:Creating package descriptor '/home/orangepi/Robot_Project/AMR_Robot/amr_robot/install/rf2o_laser_odometry/share/rf2o_laser_odometry/package.dsv'
[1.276s] INFO:colcon.colcon_core.shell:Creating package script '/home/orangepi/Robot_Project/AMR_Robot/amr_robot/install/rf2o_laser_odometry/share/rf2o_laser_odometry/package.sh'
[1.278s] INFO:colcon.colcon_core.shell:Creating package script '/home/orangepi/Robot_Project/AMR_Robot/amr_robot/install/rf2o_laser_odometry/share/rf2o_laser_odometry/package.bash'
[1.279s] INFO:colcon.colcon_core.shell:Creating package script '/home/orangepi/Robot_Project/AMR_Robot/amr_robot/install/rf2o_laser_odometry/share/rf2o_laser_odometry/package.zsh'
[1.280s] Level 1:colcon.colcon_core.environment:create_file_with_runtime_dependencies(/home/orangepi/Robot_Project/AMR_Robot/amr_robot/install/rf2o_laser_odometry/share/colcon-core/packages/rf2o_laser_odometry)
[1.282s] Level 1:colcon.colcon_core.environment:create_environment_scripts_only(rf2o_laser_odometry)
[1.282s] Level 1:colcon.colcon_core.environment:checking '/home/orangepi/Robot_Project/AMR_Robot/amr_robot/install/rf2o_laser_odometry' for CMake module files
[1.284s] Level 1:colcon.colcon_core.environment:checking '/home/orangepi/Robot_Project/AMR_Robot/amr_robot/install/rf2o_laser_odometry' for CMake config files
[1.284s] Level 1:colcon.colcon_core.shell:create_environment_hook('rf2o_laser_odometry', 'cmake_prefix_path')
[1.285s] INFO:colcon.colcon_core.shell:Creating environment hook '/home/orangepi/Robot_Project/AMR_Robot/amr_robot/install/rf2o_laser_odometry/share/rf2o_laser_odometry/hook/cmake_prefix_path.ps1'
[1.286s] INFO:colcon.colcon_core.shell:Creating environment descriptor '/home/orangepi/Robot_Project/AMR_Robot/amr_robot/install/rf2o_laser_odometry/share/rf2o_laser_odometry/hook/cmake_prefix_path.dsv'
[1.288s] INFO:colcon.colcon_core.shell:Creating environment hook '/home/orangepi/Robot_Project/AMR_Robot/amr_robot/install/rf2o_laser_odometry/share/rf2o_laser_odometry/hook/cmake_prefix_path.sh'
[1.290s] Level 1:colcon.colcon_core.environment:checking '/home/orangepi/Robot_Project/AMR_Robot/amr_robot/install/rf2o_laser_odometry/lib'
[1.291s] Level 1:colcon.colcon_core.environment:checking '/home/orangepi/Robot_Project/AMR_Robot/amr_robot/install/rf2o_laser_odometry/bin'
[1.291s] Level 1:colcon.colcon_core.environment:checking '/home/orangepi/Robot_Project/AMR_Robot/amr_robot/install/rf2o_laser_odometry/lib/pkgconfig/rf2o_laser_odometry.pc'
[1.292s] Level 1:colcon.colcon_core.environment:checking '/home/orangepi/Robot_Project/AMR_Robot/amr_robot/install/rf2o_laser_odometry/lib/python3.10/site-packages'
[1.293s] Level 1:colcon.colcon_core.environment:checking '/home/orangepi/Robot_Project/AMR_Robot/amr_robot/install/rf2o_laser_odometry/bin'
[1.293s] INFO:colcon.colcon_core.shell:Creating package script '/home/orangepi/Robot_Project/AMR_Robot/amr_robot/install/rf2o_laser_odometry/share/rf2o_laser_odometry/package.ps1'
[1.296s] INFO:colcon.colcon_core.shell:Creating package descriptor '/home/orangepi/Robot_Project/AMR_Robot/amr_robot/install/rf2o_laser_odometry/share/rf2o_laser_odometry/package.dsv'
[1.298s] INFO:colcon.colcon_core.shell:Creating package script '/home/orangepi/Robot_Project/AMR_Robot/amr_robot/install/rf2o_laser_odometry/share/rf2o_laser_odometry/package.sh'
[1.299s] INFO:colcon.colcon_core.shell:Creating package script '/home/orangepi/Robot_Project/AMR_Robot/amr_robot/install/rf2o_laser_odometry/share/rf2o_laser_odometry/package.bash'
[1.300s] INFO:colcon.colcon_core.shell:Creating package script '/home/orangepi/Robot_Project/AMR_Robot/amr_robot/install/rf2o_laser_odometry/share/rf2o_laser_odometry/package.zsh'
[1.300s] Level 1:colcon.colcon_core.environment:create_file_with_runtime_dependencies(/home/orangepi/Robot_Project/AMR_Robot/amr_robot/install/rf2o_laser_odometry/share/colcon-core/packages/rf2o_laser_odometry)
[1.303s] Level 1:colcon.colcon_core.environment:create_environment_scripts_only(csm)
[1.303s] Level 1:colcon.colcon_core.environment:checking '/home/orangepi/Robot_Project/AMR_Robot/amr_robot/install/csm' for CMake module files
[1.304s] DEBUG:colcon.colcon_core.event_handler.log_command:Invoked command in '/home/orangepi/Robot_Project/AMR_Robot/amr_robot/build/csm' returned '0': CMAKE_PREFIX_PATH=${CMAKE_PREFIX_PATH}:/opt/ros/humble /usr/bin/cmake --install /home/orangepi/Robot_Project/AMR_Robot/amr_robot/build/csm
[1.305s] Level 1:colcon.colcon_core.environment:checking '/home/orangepi/Robot_Project/AMR_Robot/amr_robot/install/csm' for CMake config files
[1.305s] Level 1:colcon.colcon_core.shell:create_environment_hook('csm', 'cmake_prefix_path')
[1.306s] INFO:colcon.colcon_core.shell:Creating environment hook '/home/orangepi/Robot_Project/AMR_Robot/amr_robot/install/csm/share/csm/hook/cmake_prefix_path.ps1'
[1.307s] INFO:colcon.colcon_core.shell:Creating environment descriptor '/home/orangepi/Robot_Project/AMR_Robot/amr_robot/install/csm/share/csm/hook/cmake_prefix_path.dsv'
[1.307s] INFO:colcon.colcon_core.shell:Creating environment hook '/home/orangepi/Robot_Project/AMR_Robot/amr_robot/install/csm/share/csm/hook/cmake_prefix_path.sh'
[1.308s] Level 1:colcon.colcon_core.environment:checking '/home/orangepi/Robot_Project/AMR_Robot/amr_robot/install/csm/lib'
[1.308s] Level 1:colcon.colcon_core.shell:create_environment_hook('csm', 'ld_library_path_lib')
[1.309s] INFO:colcon.colcon_core.shell:Creating environment hook '/home/orangepi/Robot_Project/AMR_Robot/amr_robot/install/csm/share/csm/hook/ld_library_path_lib.ps1'
[1.309s] INFO:colcon.colcon_core.shell:Creating environment descriptor '/home/orangepi/Robot_Project/AMR_Robot/amr_robot/install/csm/share/csm/hook/ld_library_path_lib.dsv'
[1.310s] INFO:colcon.colcon_core.shell:Creating environment hook '/home/orangepi/Robot_Project/AMR_Robot/amr_robot/install/csm/share/csm/hook/ld_library_path_lib.sh'
[1.311s] Level 1:colcon.colcon_core.environment:checking '/home/orangepi/Robot_Project/AMR_Robot/amr_robot/install/csm/bin'
[1.311s] Level 1:colcon.colcon_core.environment:checking '/home/orangepi/Robot_Project/AMR_Robot/amr_robot/install/csm/lib/pkgconfig/csm.pc'
[1.311s] Level 1:colcon.colcon_core.environment:checking '/home/orangepi/Robot_Project/AMR_Robot/amr_robot/install/csm/lib/python3.10/site-packages'
[1.312s] Level 1:colcon.colcon_core.environment:checking '/home/orangepi/Robot_Project/AMR_Robot/amr_robot/install/csm/bin'
[1.312s] INFO:colcon.colcon_core.shell:Creating package script '/home/orangepi/Robot_Project/AMR_Robot/amr_robot/install/csm/share/csm/package.ps1'
[1.313s] INFO:colcon.colcon_core.shell:Creating package descriptor '/home/orangepi/Robot_Project/AMR_Robot/amr_robot/install/csm/share/csm/package.dsv'
[1.314s] INFO:colcon.colcon_core.shell:Creating package script '/home/orangepi/Robot_Project/AMR_Robot/amr_robot/install/csm/share/csm/package.sh'
[1.315s] INFO:colcon.colcon_core.shell:Creating package script '/home/orangepi/Robot_Project/AMR_Robot/amr_robot/install/csm/share/csm/package.bash'
[1.315s] INFO:colcon.colcon_core.shell:Creating package script '/home/orangepi/Robot_Project/AMR_Robot/amr_robot/install/csm/share/csm/package.zsh'
[1.316s] Level 1:colcon.colcon_core.environment:create_file_with_runtime_dependencies(/home/orangepi/Robot_Project/AMR_Robot/amr_robot/install/csm/share/colcon-core/packages/csm)
[1.317s] Level 1:colcon.colcon_core.environment:create_environment_scripts_only(csm)
[1.317s] Level 1:colcon.colcon_core.environment:checking '/home/orangepi/Robot_Project/AMR_Robot/amr_robot/install/csm' for CMake module files
[1.318s] Level 1:colcon.colcon_core.environment:checking '/home/orangepi/Robot_Project/AMR_Robot/amr_robot/install/csm' for CMake config files
[1.318s] Level 1:colcon.colcon_core.shell:create_environment_hook('csm', 'cmake_prefix_path')
[1.319s] INFO:colcon.colcon_core.shell:Creating environment hook '/home/orangepi/Robot_Project/AMR_Robot/amr_robot/install/csm/share/csm/hook/cmake_prefix_path.ps1'
[1.319s] INFO:colcon.colcon_core.shell:Creating environment descriptor '/home/orangepi/Robot_Project/AMR_Robot/amr_robot/install/csm/share/csm/hook/cmake_prefix_path.dsv'
[1.320s] INFO:colcon.colcon_core.shell:Creating environment hook '/home/orangepi/Robot_Project/AMR_Robot/amr_robot/install/csm/share/csm/hook/cmake_prefix_path.sh'
[1.321s] Level 1:colcon.colcon_core.environment:checking '/home/orangepi/Robot_Project/AMR_Robot/amr_robot/install/csm/lib'
[1.321s] Level 1:colcon.colcon_core.shell:create_environment_hook('csm', 'ld_library_path_lib')
[1.321s] INFO:colcon.colcon_core.shell:Creating environment hook '/home/orangepi/Robot_Project/AMR_Robot/amr_robot/install/csm/share/csm/hook/ld_library_path_lib.ps1'
[1.322s] INFO:colcon.colcon_core.shell:Creating environment descriptor '/home/orangepi/Robot_Project/AMR_Robot/amr_robot/install/csm/share/csm/hook/ld_library_path_lib.dsv'
[1.323s] INFO:colcon.colcon_core.shell:Creating environment hook '/home/orangepi/Robot_Project/AMR_Robot/amr_robot/install/csm/share/csm/hook/ld_library_path_lib.sh'
[1.323s] Level 1:colcon.colcon_core.environment:checking '/home/orangepi/Robot_Project/AMR_Robot/amr_robot/install/csm/bin'
[1.323s] Level 1:colcon.colcon_core.environment:checking '/home/orangepi/Robot_Project/AMR_Robot/amr_robot/install/csm/lib/pkgconfig/csm.pc'
[1.324s] Level 1:colcon.colcon_core.environment:checking '/home/orangepi/Robot_Project/AMR_Robot/amr_robot/install/csm/lib/python3.10/site-packages'
[1.324s] Level 1:colcon.colcon_core.environment:checking '/home/orangepi/Robot_Project/AMR_Robot/amr_robot/install/csm/bin'
[1.325s] INFO:colcon.colcon_core.shell:Creating package script '/home/orangepi/Robot_Project/AMR_Robot/amr_robot/install/csm/share/csm/package.ps1'
[1.325s] INFO:colcon.colcon_core.shell:Creating package descriptor '/home/orangepi/Robot_Project/AMR_Robot/amr_robot/install/csm/share/csm/package.dsv'
[1.326s] INFO:colcon.colcon_core.shell:Creating package script '/home/orangepi/Robot_Project/AMR_Robot/amr_robot/install/csm/share/csm/package.sh'
[1.327s] INFO:colcon.colcon_core.shell:Creating package script '/home/orangepi/Robot_Project/AMR_Robot/amr_robot/install/csm/share/csm/package.bash'
[1.328s] INFO:colcon.colcon_core.shell:Creating package script '/home/orangepi/Robot_Project/AMR_Robot/amr_robot/install/csm/share/csm/package.zsh'
[1.329s] Level 1:colcon.colcon_core.environment:create_file_with_runtime_dependencies(/home/orangepi/Robot_Project/AMR_Robot/amr_robot/install/csm/share/colcon-core/packages/csm)
[1.329s] INFO:colcon.colcon_ros.task.ament_cmake.build:Building ROS package in '/home/orangepi/Robot_Project/AMR_Robot/amr_robot/src/plicp_map_matcher' with build type 'ament_cmake'
[1.330s] INFO:colcon.colcon_cmake.task.cmake.build:Building CMake package in '/home/orangepi/Robot_Project/AMR_Robot/amr_robot/src/plicp_map_matcher'
[1.330s] INFO:colcon.colcon_core.shell:Skip shell extension 'powershell' for command environment: Not usable outside of PowerShell
[1.330s] DEBUG:colcon.colcon_core.shell:Skip shell extension 'dsv' for command environment
[1.336s] INFO:colcon.colcon_ros.task.ament_cmake.build:Building ROS package in '/home/orangepi/Robot_Project/AMR_Robot/amr_robot/src/ros2_laser_scan_matcher' with build type 'ament_cmake'
[1.337s] INFO:colcon.colcon_cmake.task.cmake.build:Building CMake package in '/home/orangepi/Robot_Project/AMR_Robot/amr_robot/src/ros2_laser_scan_matcher'
[1.337s] INFO:colcon.colcon_core.shell:Skip shell extension 'powershell' for command environment: Not usable outside of PowerShell
[1.337s] DEBUG:colcon.colcon_core.shell:Skip shell extension 'dsv' for command environment
[1.343s] Level 1:colcon.colcon_core.environment:create_environment_scripts_only(sllidar_ros2)
[1.344s] Level 1:colcon.colcon_core.environment:checking '/home/orangepi/Robot_Project/AMR_Robot/amr_robot/install/sllidar_ros2' for CMake module files
[1.345s] DEBUG:colcon.colcon_core.event_handler.log_command:Invoked command in '/home/orangepi/Robot_Project/AMR_Robot/amr_robot/build/sllidar_ros2' returned '0': CMAKE_PREFIX_PATH=${CMAKE_PREFIX_PATH}:/opt/ros/humble /usr/bin/cmake --install /home/orangepi/Robot_Project/AMR_Robot/amr_robot/build/sllidar_ros2
[1.345s] Level 1:colcon.colcon_core.environment:checking '/home/orangepi/Robot_Project/AMR_Robot/amr_robot/install/sllidar_ros2' for CMake config files
[1.346s] Level 1:colcon.colcon_core.shell:create_environment_hook('sllidar_ros2', 'cmake_prefix_path')
[1.346s] INFO:colcon.colcon_core.shell:Creating environment hook '/home/orangepi/Robot_Project/AMR_Robot/amr_robot/install/sllidar_ros2/share/sllidar_ros2/hook/cmake_prefix_path.ps1'
[1.347s] INFO:colcon.colcon_core.shell:Creating environment descriptor '/home/orangepi/Robot_Project/AMR_Robot/amr_robot/install/sllidar_ros2/share/sllidar_ros2/hook/cmake_prefix_path.dsv'
[1.347s] INFO:colcon.colcon_core.shell:Creating environment hook '/home/orangepi/Robot_Project/AMR_Robot/amr_robot/install/sllidar_ros2/share/sllidar_ros2/hook/cmake_prefix_path.sh'
[1.348s] Level 1:colcon.colcon_core.environment:checking '/home/orangepi/Robot_Project/AMR_Robot/amr_robot/install/sllidar_ros2/lib'
[1.348s] Level 1:colcon.colcon_core.environment:checking '/home/orangepi/Robot_Project/AMR_Robot/amr_robot/install/sllidar_ros2/bin'
[1.348s] Level 1:colcon.colcon_core.environment:checking '/home/orangepi/Robot_Project/AMR_Robot/amr_robot/install/sllidar_ros2/lib/pkgconfig/sllidar_ros2.pc'
[1.349s] Level 1:colcon.colcon_core.environment:checking '/home/orangepi/Robot_Project/AMR_Robot/amr_robot/install/sllidar_ros2/lib/python3.10/site-packages'
[1.349s] Level 1:colcon.colcon_core.environment:checking '/home/orangepi/Robot_Project/AMR_Robot/amr_robot/install/sllidar_ros2/bin'
[1.350s] INFO:colcon.colcon_core.shell:Creating package script '/home/orangepi/Robot_Project/AMR_Robot/amr_robot/install/sllidar_ros2/share/sllidar_ros2/package.ps1'
[1.351s] INFO:colcon.colcon_core.shell:Creating package descriptor '/home/orangepi/Robot_Project/AMR_Robot/amr_robot/install/sllidar_ros2/share/sllidar_ros2/package.dsv'
[1.351s] INFO:colcon.colcon_core.shell:Creating package script '/home/orangepi/Robot_Project/AMR_Robot/amr_robot/install/sllidar_ros2/share/sllidar_ros2/package.sh'
[1.352s] INFO:colcon.colcon_core.shell:Creating package script '/home/orangepi/Robot_Project/AMR_Robot/amr_robot/install/sllidar_ros2/share/sllidar_ros2/package.bash'
[1.352s] INFO:colcon.colcon_core.shell:Creating package script '/home/orangepi/Robot_Project/AMR_Robot/amr_robot/install/sllidar_ros2/share/sllidar_ros2/package.zsh'
[1.353s] Level 1:colcon.colcon_core.environment:create_file_with_runtime_dependencies(/home/orangepi/Robot_Project/AMR_Robot/amr_robot/install/sllidar_ros2/share/colcon-core/packages/sllidar_ros2)
[1.354s] Level 1:colcon.colcon_core.environment:create_environment_scripts_only(sllidar_ros2)
[1.354s] Level 1:colcon.colcon_core.environment:checking '/home/orangepi/Robot_Project/AMR_Robot/amr_robot/install/sllidar_ros2' for CMake module files
[1.354s] Level 1:colcon.colcon_core.environment:checking '/home/orangepi/Robot_Project/AMR_Robot/amr_robot/install/sllidar_ros2' for CMake config files
[1.355s] Level 1:colcon.colcon_core.shell:create_environment_hook('sllidar_ros2', 'cmake_prefix_path')
[1.355s] INFO:colcon.colcon_core.shell:Creating environment hook '/home/orangepi/Robot_Project/AMR_Robot/amr_robot/install/sllidar_ros2/share/sllidar_ros2/hook/cmake_prefix_path.ps1'
[1.356s] INFO:colcon.colcon_core.shell:Creating environment descriptor '/home/orangepi/Robot_Project/AMR_Robot/amr_robot/install/sllidar_ros2/share/sllidar_ros2/hook/cmake_prefix_path.dsv'
[1.357s] INFO:colcon.colcon_core.shell:Creating environment hook '/home/orangepi/Robot_Project/AMR_Robot/amr_robot/install/sllidar_ros2/share/sllidar_ros2/hook/cmake_prefix_path.sh'
[1.358s] Level 1:colcon.colcon_core.environment:checking '/home/orangepi/Robot_Project/AMR_Robot/amr_robot/install/sllidar_ros2/lib'
[1.358s] Level 1:colcon.colcon_core.environment:checking '/home/orangepi/Robot_Project/AMR_Robot/amr_robot/install/sllidar_ros2/bin'
[1.358s] Level 1:colcon.colcon_core.environment:checking '/home/orangepi/Robot_Project/AMR_Robot/amr_robot/install/sllidar_ros2/lib/pkgconfig/sllidar_ros2.pc'
[1.358s] Level 1:colcon.colcon_core.environment:checking '/home/orangepi/Robot_Project/AMR_Robot/amr_robot/install/sllidar_ros2/lib/python3.10/site-packages'
[1.359s] Level 1:colcon.colcon_core.environment:checking '/home/orangepi/Robot_Project/AMR_Robot/amr_robot/install/sllidar_ros2/bin'
[1.359s] INFO:colcon.colcon_core.shell:Creating package script '/home/orangepi/Robot_Project/AMR_Robot/amr_robot/install/sllidar_ros2/share/sllidar_ros2/package.ps1'
[1.361s] INFO:colcon.colcon_core.shell:Creating package descriptor '/home/orangepi/Robot_Project/AMR_Robot/amr_robot/install/sllidar_ros2/share/sllidar_ros2/package.dsv'
[1.361s] INFO:colcon.colcon_core.shell:Creating package script '/home/orangepi/Robot_Project/AMR_Robot/amr_robot/install/sllidar_ros2/share/sllidar_ros2/package.sh'
[1.362s] INFO:colcon.colcon_core.shell:Creating package script '/home/orangepi/Robot_Project/AMR_Robot/amr_robot/install/sllidar_ros2/share/sllidar_ros2/package.bash'
[1.363s] INFO:colcon.colcon_core.shell:Creating package script '/home/orangepi/Robot_Project/AMR_Robot/amr_robot/install/sllidar_ros2/share/sllidar_ros2/package.zsh'
[1.363s] Level 1:colcon.colcon_core.environment:create_file_with_runtime_dependencies(/home/orangepi/Robot_Project/AMR_Robot/amr_robot/install/sllidar_ros2/share/colcon-core/packages/sllidar_ros2)
[1.373s] DEBUG:colcon.colcon_core.event_handler.log_command:Invoking command in '/home/orangepi/Robot_Project/AMR_Robot/amr_robot/build/plicp_map_matcher': CMAKE_PREFIX_PATH=/home/orangepi/Robot_Project/AMR_Robot/amr_robot/install/csm:/home/orangepi/Robot_Project/AMR_Robot/amr_robot/install/sllidar_ros2:/home/orangepi/Robot_Project/AMR_Robot/amr_robot/install/ros2_laser_scan_matcher:/home/orangepi/Robot_Project/AMR_Robot/amr_robot/install/rf2o_laser_odometry:/home/orangepi/Robot_Project/AMR_Robot/amr_robot/install/plicp_map_matcher:/home/orangepi/Robot_Project/AMR_Robot/amr_robot/install/laser_filters:/home/orangepi/Robot_Project/AMR_Robot/amr_robot/install/amr_sim_pkg:/home/orangepi/Robot_Project/AMR_Robot/amr_robot/install/amr_reality_pkg:/opt/ros/humble LD_LIBRARY_PATH=/home/orangepi/Robot_Project/AMR_Robot/amr_robot/install/csm/lib:/home/orangepi/Robot_Project/AMR_Robot/amr_robot/install/laser_filters/lib:/opt/ros/humble/opt/rviz_ogre_vendor/lib:/opt/ros/humble/lib/aarch64-linux-gnu:/opt/ros/humble/lib /usr/bin/cmake --build /home/orangepi/Robot_Project/AMR_Robot/amr_robot/build/plicp_map_matcher -- -j8 -l8
[1.379s] DEBUG:colcon.colcon_core.event_handler.log_command:Invoking command in '/home/orangepi/Robot_Project/AMR_Robot/amr_robot/build/ros2_laser_scan_matcher': CMAKE_PREFIX_PATH=/home/orangepi/Robot_Project/AMR_Robot/amr_robot/install/csm:/home/orangepi/Robot_Project/AMR_Robot/amr_robot/install/sllidar_ros2:/home/orangepi/Robot_Project/AMR_Robot/amr_robot/install/ros2_laser_scan_matcher:/home/orangepi/Robot_Project/AMR_Robot/amr_robot/install/rf2o_laser_odometry:/home/orangepi/Robot_Project/AMR_Robot/amr_robot/install/plicp_map_matcher:/home/orangepi/Robot_Project/AMR_Robot/amr_robot/install/laser_filters:/home/orangepi/Robot_Project/AMR_Robot/amr_robot/install/amr_sim_pkg:/home/orangepi/Robot_Project/AMR_Robot/amr_robot/install/amr_reality_pkg:/opt/ros/humble LD_LIBRARY_PATH=/home/orangepi/Robot_Project/AMR_Robot/amr_robot/install/csm/lib:/home/orangepi/Robot_Project/AMR_Robot/amr_robot/install/laser_filters/lib:/opt/ros/humble/opt/rviz_ogre_vendor/lib:/opt/ros/humble/lib/aarch64-linux-gnu:/opt/ros/humble/lib /usr/bin/cmake --build /home/orangepi/Robot_Project/AMR_Robot/amr_robot/build/ros2_laser_scan_matcher -- -j8 -l8
[1.381s] DEBUG:colcon.colcon_core.event_handler.log_command:Invoked command in '/home/orangepi/Robot_Project/AMR_Robot/amr_robot/build/laser_filters' returned '0': CMAKE_PREFIX_PATH=${CMAKE_PREFIX_PATH}:/opt/ros/humble /usr/bin/cmake --build /home/orangepi/Robot_Project/AMR_Robot/amr_robot/build/laser_filters -- -j8 -l8
[1.384s] DEBUG:colcon.colcon_core.event_handler.log_command:Invoking command in '/home/orangepi/Robot_Project/AMR_Robot/amr_robot/build/laser_filters': CMAKE_PREFIX_PATH=${CMAKE_PREFIX_PATH}:/opt/ros/humble /usr/bin/cmake --install /home/orangepi/Robot_Project/AMR_Robot/amr_robot/build/laser_filters
[1.475s] Level 1:colcon.colcon_core.environment:create_environment_scripts_only(laser_filters)
[1.475s] Level 1:colcon.colcon_core.environment:checking '/home/orangepi/Robot_Project/AMR_Robot/amr_robot/install/laser_filters' for CMake module files
[1.477s] DEBUG:colcon.colcon_core.event_handler.log_command:Invoked command in '/home/orangepi/Robot_Project/AMR_Robot/amr_robot/build/laser_filters' returned '0': CMAKE_PREFIX_PATH=${CMAKE_PREFIX_PATH}:/opt/ros/humble /usr/bin/cmake --install /home/orangepi/Robot_Project/AMR_Robot/amr_robot/build/laser_filters
[1.478s] Level 1:colcon.colcon_core.environment:checking '/home/orangepi/Robot_Project/AMR_Robot/amr_robot/install/laser_filters' for CMake config files
[1.478s] Level 1:colcon.colcon_core.shell:create_environment_hook('laser_filters', 'cmake_prefix_path')
[1.479s] INFO:colcon.colcon_core.shell:Creating environment hook '/home/orangepi/Robot_Project/AMR_Robot/amr_robot/install/laser_filters/share/laser_filters/hook/cmake_prefix_path.ps1'
[1.480s] INFO:colcon.colcon_core.shell:Creating environment descriptor '/home/orangepi/Robot_Project/AMR_Robot/amr_robot/install/laser_filters/share/laser_filters/hook/cmake_prefix_path.dsv'
[1.480s] INFO:colcon.colcon_core.shell:Creating environment hook '/home/orangepi/Robot_Project/AMR_Robot/amr_robot/install/laser_filters/share/laser_filters/hook/cmake_prefix_path.sh'
[1.481s] Level 1:colcon.colcon_core.environment:checking '/home/orangepi/Robot_Project/AMR_Robot/amr_robot/install/laser_filters/lib'
[1.481s] Level 1:colcon.colcon_core.shell:create_environment_hook('laser_filters', 'ld_library_path_lib')
[1.482s] INFO:colcon.colcon_core.shell:Creating environment hook '/home/orangepi/Robot_Project/AMR_Robot/amr_robot/install/laser_filters/share/laser_filters/hook/ld_library_path_lib.ps1'
[1.482s] INFO:colcon.colcon_core.shell:Creating environment descriptor '/home/orangepi/Robot_Project/AMR_Robot/amr_robot/install/laser_filters/share/laser_filters/hook/ld_library_path_lib.dsv'
[1.483s] INFO:colcon.colcon_core.shell:Creating environment hook '/home/orangepi/Robot_Project/AMR_Robot/amr_robot/install/laser_filters/share/laser_filters/hook/ld_library_path_lib.sh'
[1.484s] Level 1:colcon.colcon_core.environment:checking '/home/orangepi/Robot_Project/AMR_Robot/amr_robot/install/laser_filters/bin'
[1.484s] Level 1:colcon.colcon_core.environment:checking '/home/orangepi/Robot_Project/AMR_Robot/amr_robot/install/laser_filters/lib/pkgconfig/laser_filters.pc'
[1.484s] Level 1:colcon.colcon_core.environment:checking '/home/orangepi/Robot_Project/AMR_Robot/amr_robot/install/laser_filters/lib/python3.10/site-packages'
[1.485s] Level 1:colcon.colcon_core.environment:checking '/home/orangepi/Robot_Project/AMR_Robot/amr_robot/install/laser_filters/bin'
[1.485s] INFO:colcon.colcon_core.shell:Creating package script '/home/orangepi/Robot_Project/AMR_Robot/amr_robot/install/laser_filters/share/laser_filters/package.ps1'
[1.486s] INFO:colcon.colcon_core.shell:Creating package descriptor '/home/orangepi/Robot_Project/AMR_Robot/amr_robot/install/laser_filters/share/laser_filters/package.dsv'
[1.487s] INFO:colcon.colcon_core.shell:Creating package script '/home/orangepi/Robot_Project/AMR_Robot/amr_robot/install/laser_filters/share/laser_filters/package.sh'
[1.487s] INFO:colcon.colcon_core.shell:Creating package script '/home/orangepi/Robot_Project/AMR_Robot/amr_robot/install/laser_filters/share/laser_filters/package.bash'
[1.488s] INFO:colcon.colcon_core.shell:Creating package script '/home/orangepi/Robot_Project/AMR_Robot/amr_robot/install/laser_filters/share/laser_filters/package.zsh'
[1.489s] Level 1:colcon.colcon_core.environment:create_file_with_runtime_dependencies(/home/orangepi/Robot_Project/AMR_Robot/amr_robot/install/laser_filters/share/colcon-core/packages/laser_filters)
[1.489s] Level 1:colcon.colcon_core.environment:create_environment_scripts_only(laser_filters)
[1.490s] Level 1:colcon.colcon_core.environment:checking '/home/orangepi/Robot_Project/AMR_Robot/amr_robot/install/laser_filters' for CMake module files
[1.490s] Level 1:colcon.colcon_core.environment:checking '/home/orangepi/Robot_Project/AMR_Robot/amr_robot/install/laser_filters' for CMake config files
[1.491s] Level 1:colcon.colcon_core.shell:create_environment_hook('laser_filters', 'cmake_prefix_path')
[1.491s] INFO:colcon.colcon_core.shell:Creating environment hook '/home/orangepi/Robot_Project/AMR_Robot/amr_robot/install/laser_filters/share/laser_filters/hook/cmake_prefix_path.ps1'
[1.492s] INFO:colcon.colcon_core.shell:Creating environment descriptor '/home/orangepi/Robot_Project/AMR_Robot/amr_robot/install/laser_filters/share/laser_filters/hook/cmake_prefix_path.dsv'
[1.493s] INFO:colcon.colcon_core.shell:Creating environment hook '/home/orangepi/Robot_Project/AMR_Robot/amr_robot/install/laser_filters/share/laser_filters/hook/cmake_prefix_path.sh'
[1.494s] Level 1:colcon.colcon_core.environment:checking '/home/orangepi/Robot_Project/AMR_Robot/amr_robot/install/laser_filters/lib'
[1.494s] Level 1:colcon.colcon_core.shell:create_environment_hook('laser_filters', 'ld_library_path_lib')
[1.494s] INFO:colcon.colcon_core.shell:Creating environment hook '/home/orangepi/Robot_Project/AMR_Robot/amr_robot/install/laser_filters/share/laser_filters/hook/ld_library_path_lib.ps1'
[1.495s] INFO:colcon.colcon_core.shell:Creating environment descriptor '/home/orangepi/Robot_Project/AMR_Robot/amr_robot/install/laser_filters/share/laser_filters/hook/ld_library_path_lib.dsv'
[1.495s] INFO:colcon.colcon_core.shell:Creating environment hook '/home/orangepi/Robot_Project/AMR_Robot/amr_robot/install/laser_filters/share/laser_filters/hook/ld_library_path_lib.sh'
[1.496s] Level 1:colcon.colcon_core.environment:checking '/home/orangepi/Robot_Project/AMR_Robot/amr_robot/install/laser_filters/bin'
[1.496s] Level 1:colcon.colcon_core.environment:checking '/home/orangepi/Robot_Project/AMR_Robot/amr_robot/install/laser_filters/lib/pkgconfig/laser_filters.pc'
[1.496s] Level 1:colcon.colcon_core.environment:checking '/home/orangepi/Robot_Project/AMR_Robot/amr_robot/install/laser_filters/lib/python3.10/site-packages'
[1.497s] Level 1:colcon.colcon_core.environment:checking '/home/orangepi/Robot_Project/AMR_Robot/amr_robot/install/laser_filters/bin'
[1.497s] INFO:colcon.colcon_core.shell:Creating package script '/home/orangepi/Robot_Project/AMR_Robot/amr_robot/install/laser_filters/share/laser_filters/package.ps1'
[1.499s] INFO:colcon.colcon_core.shell:Creating package descriptor '/home/orangepi/Robot_Project/AMR_Robot/amr_robot/install/laser_filters/share/laser_filters/package.dsv'
[1.500s] INFO:colcon.colcon_core.shell:Creating package script '/home/orangepi/Robot_Project/AMR_Robot/amr_robot/install/laser_filters/share/laser_filters/package.sh'
[1.500s] INFO:colcon.colcon_core.shell:Creating package script '/home/orangepi/Robot_Project/AMR_Robot/amr_robot/install/laser_filters/share/laser_filters/package.bash'
[1.501s] INFO:colcon.colcon_core.shell:Creating package script '/home/orangepi/Robot_Project/AMR_Robot/amr_robot/install/laser_filters/share/laser_filters/package.zsh'
[1.502s] Level 1:colcon.colcon_core.environment:create_file_with_runtime_dependencies(/home/orangepi/Robot_Project/AMR_Robot/amr_robot/install/laser_filters/share/colcon-core/packages/laser_filters)
[1.602s] DEBUG:colcon.colcon_core.event_handler.log_command:Invoked command in '/home/orangepi/Robot_Project/AMR_Robot/amr_robot/build/plicp_map_matcher' returned '0': CMAKE_PREFIX_PATH=/home/orangepi/Robot_Project/AMR_Robot/amr_robot/install/csm:/home/orangepi/Robot_Project/AMR_Robot/amr_robot/install/sllidar_ros2:/home/orangepi/Robot_Project/AMR_Robot/amr_robot/install/ros2_laser_scan_matcher:/home/orangepi/Robot_Project/AMR_Robot/amr_robot/install/rf2o_laser_odometry:/home/orangepi/Robot_Project/AMR_Robot/amr_robot/install/plicp_map_matcher:/home/orangepi/Robot_Project/AMR_Robot/amr_robot/install/laser_filters:/home/orangepi/Robot_Project/AMR_Robot/amr_robot/install/amr_sim_pkg:/home/orangepi/Robot_Project/AMR_Robot/amr_robot/install/amr_reality_pkg:/opt/ros/humble LD_LIBRARY_PATH=/home/orangepi/Robot_Project/AMR_Robot/amr_robot/install/csm/lib:/home/orangepi/Robot_Project/AMR_Robot/amr_robot/install/laser_filters/lib:/opt/ros/humble/opt/rviz_ogre_vendor/lib:/opt/ros/humble/lib/aarch64-linux-gnu:/opt/ros/humble/lib /usr/bin/cmake --build /home/orangepi/Robot_Project/AMR_Robot/amr_robot/build/plicp_map_matcher -- -j8 -l8
[1.609s] DEBUG:colcon.colcon_core.event_handler.log_command:Invoking command in '/home/orangepi/Robot_Project/AMR_Robot/amr_robot/build/plicp_map_matcher': CMAKE_PREFIX_PATH=/home/orangepi/Robot_Project/AMR_Robot/amr_robot/install/csm:/home/orangepi/Robot_Project/AMR_Robot/amr_robot/install/sllidar_ros2:/home/orangepi/Robot_Project/AMR_Robot/amr_robot/install/ros2_laser_scan_matcher:/home/orangepi/Robot_Project/AMR_Robot/amr_robot/install/rf2o_laser_odometry:/home/orangepi/Robot_Project/AMR_Robot/amr_robot/install/plicp_map_matcher:/home/orangepi/Robot_Project/AMR_Robot/amr_robot/install/laser_filters:/home/orangepi/Robot_Project/AMR_Robot/amr_robot/install/amr_sim_pkg:/home/orangepi/Robot_Project/AMR_Robot/amr_robot/install/amr_reality_pkg:/opt/ros/humble LD_LIBRARY_PATH=/home/orangepi/Robot_Project/AMR_Robot/amr_robot/install/csm/lib:/home/orangepi/Robot_Project/AMR_Robot/amr_robot/install/laser_filters/lib:/opt/ros/humble/opt/rviz_ogre_vendor/lib:/opt/ros/humble/lib/aarch64-linux-gnu:/opt/ros/humble/lib /usr/bin/cmake --install /home/orangepi/Robot_Project/AMR_Robot/amr_robot/build/plicp_map_matcher
[1.630s] DEBUG:colcon.colcon_core.event_handler.log_command:Invoked command in '/home/orangepi/Robot_Project/AMR_Robot/amr_robot/build/ros2_laser_scan_matcher' returned '0': CMAKE_PREFIX_PATH=/home/orangepi/Robot_Project/AMR_Robot/amr_robot/install/csm:/home/orangepi/Robot_Project/AMR_Robot/amr_robot/install/sllidar_ros2:/home/orangepi/Robot_Project/AMR_Robot/amr_robot/install/ros2_laser_scan_matcher:/home/orangepi/Robot_Project/AMR_Robot/amr_robot/install/rf2o_laser_odometry:/home/orangepi/Robot_Project/AMR_Robot/amr_robot/install/plicp_map_matcher:/home/orangepi/Robot_Project/AMR_Robot/amr_robot/install/laser_filters:/home/orangepi/Robot_Project/AMR_Robot/amr_robot/install/amr_sim_pkg:/home/orangepi/Robot_Project/AMR_Robot/amr_robot/install/amr_reality_pkg:/opt/ros/humble LD_LIBRARY_PATH=/home/orangepi/Robot_Project/AMR_Robot/amr_robot/install/csm/lib:/home/orangepi/Robot_Project/AMR_Robot/amr_robot/install/laser_filters/lib:/opt/ros/humble/opt/rviz_ogre_vendor/lib:/opt/ros/humble/lib/aarch64-linux-gnu:/opt/ros/humble/lib /usr/bin/cmake --build /home/orangepi/Robot_Project/AMR_Robot/amr_robot/build/ros2_laser_scan_matcher -- -j8 -l8
[1.637s] DEBUG:colcon.colcon_core.event_handler.log_command:Invoking command in '/home/orangepi/Robot_Project/AMR_Robot/amr_robot/build/ros2_laser_scan_matcher': CMAKE_PREFIX_PATH=/home/orangepi/Robot_Project/AMR_Robot/amr_robot/install/csm:/home/orangepi/Robot_Project/AMR_Robot/amr_robot/install/sllidar_ros2:/home/orangepi/Robot_Project/AMR_Robot/amr_robot/install/ros2_laser_scan_matcher:/home/orangepi/Robot_Project/AMR_Robot/amr_robot/install/rf2o_laser_odometry:/home/orangepi/Robot_Project/AMR_Robot/amr_robot/install/plicp_map_matcher:/home/orangepi/Robot_Project/AMR_Robot/amr_robot/install/laser_filters:/home/orangepi/Robot_Project/AMR_Robot/amr_robot/install/amr_sim_pkg:/home/orangepi/Robot_Project/AMR_Robot/amr_robot/install/amr_reality_pkg:/opt/ros/humble LD_LIBRARY_PATH=/home/orangepi/Robot_Project/AMR_Robot/amr_robot/install/csm/lib:/home/orangepi/Robot_Project/AMR_Robot/amr_robot/install/laser_filters/lib:/opt/ros/humble/opt/rviz_ogre_vendor/lib:/opt/ros/humble/lib/aarch64-linux-gnu:/opt/ros/humble/lib /usr/bin/cmake --install /home/orangepi/Robot_Project/AMR_Robot/amr_robot/build/ros2_laser_scan_matcher
[1.663s] Level 1:colcon.colcon_core.environment:create_environment_scripts_only(plicp_map_matcher)
[1.663s] Level 1:colcon.colcon_core.environment:checking '/home/orangepi/Robot_Project/AMR_Robot/amr_robot/install/plicp_map_matcher' for CMake module files
[1.665s] DEBUG:colcon.colcon_core.event_handler.log_command:Invoked command in '/home/orangepi/Robot_Project/AMR_Robot/amr_robot/build/plicp_map_matcher' returned '0': CMAKE_PREFIX_PATH=/home/orangepi/Robot_Project/AMR_Robot/amr_robot/install/csm:/home/orangepi/Robot_Project/AMR_Robot/amr_robot/install/sllidar_ros2:/home/orangepi/Robot_Project/AMR_Robot/amr_robot/install/ros2_laser_scan_matcher:/home/orangepi/Robot_Project/AMR_Robot/amr_robot/install/rf2o_laser_odometry:/home/orangepi/Robot_Project/AMR_Robot/amr_robot/install/plicp_map_matcher:/home/orangepi/Robot_Project/AMR_Robot/amr_robot/install/laser_filters:/home/orangepi/Robot_Project/AMR_Robot/amr_robot/install/amr_sim_pkg:/home/orangepi/Robot_Project/AMR_Robot/amr_robot/install/amr_reality_pkg:/opt/ros/humble LD_LIBRARY_PATH=/home/orangepi/Robot_Project/AMR_Robot/amr_robot/install/csm/lib:/home/orangepi/Robot_Project/AMR_Robot/amr_robot/install/laser_filters/lib:/opt/ros/humble/opt/rviz_ogre_vendor/lib:/opt/ros/humble/lib/aarch64-linux-gnu:/opt/ros/humble/lib /usr/bin/cmake --install /home/orangepi/Robot_Project/AMR_Robot/amr_robot/build/plicp_map_matcher
[1.666s] Level 1:colcon.colcon_core.environment:checking '/home/orangepi/Robot_Project/AMR_Robot/amr_robot/install/plicp_map_matcher' for CMake config files
[1.667s] Level 1:colcon.colcon_core.shell:create_environment_hook('plicp_map_matcher', 'cmake_prefix_path')
[1.667s] INFO:colcon.colcon_core.shell:Creating environment hook '/home/orangepi/Robot_Project/AMR_Robot/amr_robot/install/plicp_map_matcher/share/plicp_map_matcher/hook/cmake_prefix_path.ps1'
[1.668s] INFO:colcon.colcon_core.shell:Creating environment descriptor '/home/orangepi/Robot_Project/AMR_Robot/amr_robot/install/plicp_map_matcher/share/plicp_map_matcher/hook/cmake_prefix_path.dsv'
[1.669s] INFO:colcon.colcon_core.shell:Creating environment hook '/home/orangepi/Robot_Project/AMR_Robot/amr_robot/install/plicp_map_matcher/share/plicp_map_matcher/hook/cmake_prefix_path.sh'
[1.671s] Level 1:colcon.colcon_core.environment:checking '/home/orangepi/Robot_Project/AMR_Robot/amr_robot/install/plicp_map_matcher/lib'
[1.672s] Level 1:colcon.colcon_core.environment:checking '/home/orangepi/Robot_Project/AMR_Robot/amr_robot/install/plicp_map_matcher/bin'
[1.672s] Level 1:colcon.colcon_core.environment:checking '/home/orangepi/Robot_Project/AMR_Robot/amr_robot/install/plicp_map_matcher/lib/pkgconfig/plicp_map_matcher.pc'
[1.672s] Level 1:colcon.colcon_core.environment:checking '/home/orangepi/Robot_Project/AMR_Robot/amr_robot/install/plicp_map_matcher/lib/python3.10/site-packages'
[1.673s] Level 1:colcon.colcon_core.environment:checking '/home/orangepi/Robot_Project/AMR_Robot/amr_robot/install/plicp_map_matcher/bin'
[1.674s] INFO:colcon.colcon_core.shell:Creating package script '/home/orangepi/Robot_Project/AMR_Robot/amr_robot/install/plicp_map_matcher/share/plicp_map_matcher/package.ps1'
[1.676s] INFO:colcon.colcon_core.shell:Creating package descriptor '/home/orangepi/Robot_Project/AMR_Robot/amr_robot/install/plicp_map_matcher/share/plicp_map_matcher/package.dsv'
[1.677s] INFO:colcon.colcon_core.shell:Creating package script '/home/orangepi/Robot_Project/AMR_Robot/amr_robot/install/plicp_map_matcher/share/plicp_map_matcher/package.sh'
[1.678s] INFO:colcon.colcon_core.shell:Creating package script '/home/orangepi/Robot_Project/AMR_Robot/amr_robot/install/plicp_map_matcher/share/plicp_map_matcher/package.bash'
[1.679s] INFO:colcon.colcon_core.shell:Creating package script '/home/orangepi/Robot_Project/AMR_Robot/amr_robot/install/plicp_map_matcher/share/plicp_map_matcher/package.zsh'
[1.679s] Level 1:colcon.colcon_core.environment:create_file_with_runtime_dependencies(/home/orangepi/Robot_Project/AMR_Robot/amr_robot/install/plicp_map_matcher/share/colcon-core/packages/plicp_map_matcher)
[1.680s] Level 1:colcon.colcon_core.environment:create_environment_scripts_only(plicp_map_matcher)
[1.681s] Level 1:colcon.colcon_core.environment:checking '/home/orangepi/Robot_Project/AMR_Robot/amr_robot/install/plicp_map_matcher' for CMake module files
[1.681s] Level 1:colcon.colcon_core.environment:checking '/home/orangepi/Robot_Project/AMR_Robot/amr_robot/install/plicp_map_matcher' for CMake config files
[1.682s] Level 1:colcon.colcon_core.shell:create_environment_hook('plicp_map_matcher', 'cmake_prefix_path')
[1.682s] INFO:colcon.colcon_core.shell:Creating environment hook '/home/orangepi/Robot_Project/AMR_Robot/amr_robot/install/plicp_map_matcher/share/plicp_map_matcher/hook/cmake_prefix_path.ps1'
[1.683s] INFO:colcon.colcon_core.shell:Creating environment descriptor '/home/orangepi/Robot_Project/AMR_Robot/amr_robot/install/plicp_map_matcher/share/plicp_map_matcher/hook/cmake_prefix_path.dsv'
[1.684s] INFO:colcon.colcon_core.shell:Creating environment hook '/home/orangepi/Robot_Project/AMR_Robot/amr_robot/install/plicp_map_matcher/share/plicp_map_matcher/hook/cmake_prefix_path.sh'
[1.685s] Level 1:colcon.colcon_core.environment:checking '/home/orangepi/Robot_Project/AMR_Robot/amr_robot/install/plicp_map_matcher/lib'
[1.685s] Level 1:colcon.colcon_core.environment:checking '/home/orangepi/Robot_Project/AMR_Robot/amr_robot/install/plicp_map_matcher/bin'
[1.685s] Level 1:colcon.colcon_core.environment:checking '/home/orangepi/Robot_Project/AMR_Robot/amr_robot/install/plicp_map_matcher/lib/pkgconfig/plicp_map_matcher.pc'
[1.686s] Level 1:colcon.colcon_core.environment:checking '/home/orangepi/Robot_Project/AMR_Robot/amr_robot/install/plicp_map_matcher/lib/python3.10/site-packages'
[1.686s] Level 1:colcon.colcon_core.environment:checking '/home/orangepi/Robot_Project/AMR_Robot/amr_robot/install/plicp_map_matcher/bin'
[1.687s] INFO:colcon.colcon_core.shell:Creating package script '/home/orangepi/Robot_Project/AMR_Robot/amr_robot/install/plicp_map_matcher/share/plicp_map_matcher/package.ps1'
[1.688s] INFO:colcon.colcon_core.shell:Creating package descriptor '/home/orangepi/Robot_Project/AMR_Robot/amr_robot/install/plicp_map_matcher/share/plicp_map_matcher/package.dsv'
[1.689s] INFO:colcon.colcon_core.shell:Creating package script '/home/orangepi/Robot_Project/AMR_Robot/amr_robot/install/plicp_map_matcher/share/plicp_map_matcher/package.sh'
[1.690s] INFO:colcon.colcon_core.shell:Creating package script '/home/orangepi/Robot_Project/AMR_Robot/amr_robot/install/plicp_map_matcher/share/plicp_map_matcher/package.bash'
[1.690s] INFO:colcon.colcon_core.shell:Creating package script '/home/orangepi/Robot_Project/AMR_Robot/amr_robot/install/plicp_map_matcher/share/plicp_map_matcher/package.zsh'
[1.691s] Level 1:colcon.colcon_core.environment:create_file_with_runtime_dependencies(/home/orangepi/Robot_Project/AMR_Robot/amr_robot/install/plicp_map_matcher/share/colcon-core/packages/plicp_map_matcher)
[1.709s] Level 1:colcon.colcon_core.environment:create_environment_scripts_only(ros2_laser_scan_matcher)
[1.711s] Level 1:colcon.colcon_core.environment:checking '/home/orangepi/Robot_Project/AMR_Robot/amr_robot/install/ros2_laser_scan_matcher' for CMake module files
[1.713s] DEBUG:colcon.colcon_core.event_handler.log_command:Invoked command in '/home/orangepi/Robot_Project/AMR_Robot/amr_robot/build/ros2_laser_scan_matcher' returned '0': CMAKE_PREFIX_PATH=/home/orangepi/Robot_Project/AMR_Robot/amr_robot/install/csm:/home/orangepi/Robot_Project/AMR_Robot/amr_robot/install/sllidar_ros2:/home/orangepi/Robot_Project/AMR_Robot/amr_robot/install/ros2_laser_scan_matcher:/home/orangepi/Robot_Project/AMR_Robot/amr_robot/install/rf2o_laser_odometry:/home/orangepi/Robot_Project/AMR_Robot/amr_robot/install/plicp_map_matcher:/home/orangepi/Robot_Project/AMR_Robot/amr_robot/install/laser_filters:/home/orangepi/Robot_Project/AMR_Robot/amr_robot/install/amr_sim_pkg:/home/orangepi/Robot_Project/AMR_Robot/amr_robot/install/amr_reality_pkg:/opt/ros/humble LD_LIBRARY_PATH=/home/orangepi/Robot_Project/AMR_Robot/amr_robot/install/csm/lib:/home/orangepi/Robot_Project/AMR_Robot/amr_robot/install/laser_filters/lib:/opt/ros/humble/opt/rviz_ogre_vendor/lib:/opt/ros/humble/lib/aarch64-linux-gnu:/opt/ros/humble/lib /usr/bin/cmake --install /home/orangepi/Robot_Project/AMR_Robot/amr_robot/build/ros2_laser_scan_matcher
[1.714s] Level 1:colcon.colcon_core.environment:checking '/home/orangepi/Robot_Project/AMR_Robot/amr_robot/install/ros2_laser_scan_matcher' for CMake config files
[1.715s] Level 1:colcon.colcon_core.shell:create_environment_hook('ros2_laser_scan_matcher', 'cmake_prefix_path')
[1.716s] INFO:colcon.colcon_core.shell:Creating environment hook '/home/orangepi/Robot_Project/AMR_Robot/amr_robot/install/ros2_laser_scan_matcher/share/ros2_laser_scan_matcher/hook/cmake_prefix_path.ps1'
[1.718s] INFO:colcon.colcon_core.shell:Creating environment descriptor '/home/orangepi/Robot_Project/AMR_Robot/amr_robot/install/ros2_laser_scan_matcher/share/ros2_laser_scan_matcher/hook/cmake_prefix_path.dsv'
[1.720s] INFO:colcon.colcon_core.shell:Creating environment hook '/home/orangepi/Robot_Project/AMR_Robot/amr_robot/install/ros2_laser_scan_matcher/share/ros2_laser_scan_matcher/hook/cmake_prefix_path.sh'
[1.723s] Level 1:colcon.colcon_core.environment:checking '/home/orangepi/Robot_Project/AMR_Robot/amr_robot/install/ros2_laser_scan_matcher/lib'
[1.723s] Level 1:colcon.colcon_core.environment:checking '/home/orangepi/Robot_Project/AMR_Robot/amr_robot/install/ros2_laser_scan_matcher/bin'
[1.724s] Level 1:colcon.colcon_core.environment:checking '/home/orangepi/Robot_Project/AMR_Robot/amr_robot/install/ros2_laser_scan_matcher/lib/pkgconfig/ros2_laser_scan_matcher.pc'
[1.725s] Level 1:colcon.colcon_core.environment:checking '/home/orangepi/Robot_Project/AMR_Robot/amr_robot/install/ros2_laser_scan_matcher/lib/python3.10/site-packages'
[1.726s] Level 1:colcon.colcon_core.environment:checking '/home/orangepi/Robot_Project/AMR_Robot/amr_robot/install/ros2_laser_scan_matcher/bin'
[1.727s] INFO:colcon.colcon_core.shell:Creating package script '/home/orangepi/Robot_Project/AMR_Robot/amr_robot/install/ros2_laser_scan_matcher/share/ros2_laser_scan_matcher/package.ps1'
[1.728s] INFO:colcon.colcon_core.shell:Creating package descriptor '/home/orangepi/Robot_Project/AMR_Robot/amr_robot/install/ros2_laser_scan_matcher/share/ros2_laser_scan_matcher/package.dsv'
[1.729s] INFO:colcon.colcon_core.shell:Creating package script '/home/orangepi/Robot_Project/AMR_Robot/amr_robot/install/ros2_laser_scan_matcher/share/ros2_laser_scan_matcher/package.sh'
[1.729s] INFO:colcon.colcon_core.shell:Creating package script '/home/orangepi/Robot_Project/AMR_Robot/amr_robot/install/ros2_laser_scan_matcher/share/ros2_laser_scan_matcher/package.bash'
[1.730s] INFO:colcon.colcon_core.shell:Creating package script '/home/orangepi/Robot_Project/AMR_Robot/amr_robot/install/ros2_laser_scan_matcher/share/ros2_laser_scan_matcher/package.zsh'
[1.730s] Level 1:colcon.colcon_core.environment:create_file_with_runtime_dependencies(/home/orangepi/Robot_Project/AMR_Robot/amr_robot/install/ros2_laser_scan_matcher/share/colcon-core/packages/ros2_laser_scan_matcher)
[1.731s] Level 1:colcon.colcon_core.environment:create_environment_scripts_only(ros2_laser_scan_matcher)
[1.731s] Level 1:colcon.colcon_core.environment:checking '/home/orangepi/Robot_Project/AMR_Robot/amr_robot/install/ros2_laser_scan_matcher' for CMake module files
[1.732s] Level 1:colcon.colcon_core.environment:checking '/home/orangepi/Robot_Project/AMR_Robot/amr_robot/install/ros2_laser_scan_matcher' for CMake config files
[1.732s] Level 1:colcon.colcon_core.shell:create_environment_hook('ros2_laser_scan_matcher', 'cmake_prefix_path')
[1.732s] INFO:colcon.colcon_core.shell:Creating environment hook '/home/orangepi/Robot_Project/AMR_Robot/amr_robot/install/ros2_laser_scan_matcher/share/ros2_laser_scan_matcher/hook/cmake_prefix_path.ps1'
[1.733s] INFO:colcon.colcon_core.shell:Creating environment descriptor '/home/orangepi/Robot_Project/AMR_Robot/amr_robot/install/ros2_laser_scan_matcher/share/ros2_laser_scan_matcher/hook/cmake_prefix_path.dsv'
[1.734s] INFO:colcon.colcon_core.shell:Creating environment hook '/home/orangepi/Robot_Project/AMR_Robot/amr_robot/install/ros2_laser_scan_matcher/share/ros2_laser_scan_matcher/hook/cmake_prefix_path.sh'
[1.734s] Level 1:colcon.colcon_core.environment:checking '/home/orangepi/Robot_Project/AMR_Robot/amr_robot/install/ros2_laser_scan_matcher/lib'
[1.734s] Level 1:colcon.colcon_core.environment:checking '/home/orangepi/Robot_Project/AMR_Robot/amr_robot/install/ros2_laser_scan_matcher/bin'
[1.735s] Level 1:colcon.colcon_core.environment:checking '/home/orangepi/Robot_Project/AMR_Robot/amr_robot/install/ros2_laser_scan_matcher/lib/pkgconfig/ros2_laser_scan_matcher.pc'
[1.735s] Level 1:colcon.colcon_core.environment:checking '/home/orangepi/Robot_Project/AMR_Robot/amr_robot/install/ros2_laser_scan_matcher/lib/python3.10/site-packages'
[1.735s] Level 1:colcon.colcon_core.environment:checking '/home/orangepi/Robot_Project/AMR_Robot/amr_robot/install/ros2_laser_scan_matcher/bin'
[1.736s] INFO:colcon.colcon_core.shell:Creating package script '/home/orangepi/Robot_Project/AMR_Robot/amr_robot/install/ros2_laser_scan_matcher/share/ros2_laser_scan_matcher/package.ps1'
[1.737s] INFO:colcon.colcon_core.shell:Creating package descriptor '/home/orangepi/Robot_Project/AMR_Robot/amr_robot/install/ros2_laser_scan_matcher/share/ros2_laser_scan_matcher/package.dsv'
[1.737s] INFO:colcon.colcon_core.shell:Creating package script '/home/orangepi/Robot_Project/AMR_Robot/amr_robot/install/ros2_laser_scan_matcher/share/ros2_laser_scan_matcher/package.sh'
[1.738s] INFO:colcon.colcon_core.shell:Creating package script '/home/orangepi/Robot_Project/AMR_Robot/amr_robot/install/ros2_laser_scan_matcher/share/ros2_laser_scan_matcher/package.bash'
[1.739s] INFO:colcon.colcon_core.shell:Creating package script '/home/orangepi/Robot_Project/AMR_Robot/amr_robot/install/ros2_laser_scan_matcher/share/ros2_laser_scan_matcher/package.zsh'
[1.739s] Level 1:colcon.colcon_core.environment:create_file_with_runtime_dependencies(/home/orangepi/Robot_Project/AMR_Robot/amr_robot/install/ros2_laser_scan_matcher/share/colcon-core/packages/ros2_laser_scan_matcher)
[2.516s] DEBUG:colcon.colcon_core.event_handler.log_command:Invoked command in '/home/orangepi/Robot_Project/AMR_Robot/amr_robot/build/amr_reality_pkg' returned '0': CMAKE_PREFIX_PATH=${CMAKE_PREFIX_PATH}:/opt/ros/humble /usr/bin/cmake --build /home/orangepi/Robot_Project/AMR_Robot/amr_robot/build/amr_reality_pkg -- -j8 -l8
[2.521s] DEBUG:colcon.colcon_core.event_handler.log_command:Invoking command in '/home/orangepi/Robot_Project/AMR_Robot/amr_robot/build/amr_reality_pkg': CMAKE_PREFIX_PATH=${CMAKE_PREFIX_PATH}:/opt/ros/humble /usr/bin/cmake --install /home/orangepi/Robot_Project/AMR_Robot/amr_robot/build/amr_reality_pkg
[2.828s] Level 1:colcon.colcon_core.environment:create_environment_scripts_only(amr_reality_pkg)
[2.829s] Level 1:colcon.colcon_core.environment:checking '/home/orangepi/Robot_Project/AMR_Robot/amr_robot/install/amr_reality_pkg' for CMake module files
[2.832s] DEBUG:colcon.colcon_core.event_handler.log_command:Invoked command in '/home/orangepi/Robot_Project/AMR_Robot/amr_robot/build/amr_reality_pkg' returned '0': CMAKE_PREFIX_PATH=${CMAKE_PREFIX_PATH}:/opt/ros/humble /usr/bin/cmake --install /home/orangepi/Robot_Project/AMR_Robot/amr_robot/build/amr_reality_pkg
[2.834s] Level 1:colcon.colcon_core.environment:checking '/home/orangepi/Robot_Project/AMR_Robot/amr_robot/install/amr_reality_pkg' for CMake config files
[2.835s] Level 1:colcon.colcon_core.shell:create_environment_hook('amr_reality_pkg', 'cmake_prefix_path')
[2.836s] INFO:colcon.colcon_core.shell:Creating environment hook '/home/orangepi/Robot_Project/AMR_Robot/amr_robot/install/amr_reality_pkg/share/amr_reality_pkg/hook/cmake_prefix_path.ps1'
[2.838s] INFO:colcon.colcon_core.shell:Creating environment descriptor '/home/orangepi/Robot_Project/AMR_Robot/amr_robot/install/amr_reality_pkg/share/amr_reality_pkg/hook/cmake_prefix_path.dsv'
[2.840s] INFO:colcon.colcon_core.shell:Creating environment hook '/home/orangepi/Robot_Project/AMR_Robot/amr_robot/install/amr_reality_pkg/share/amr_reality_pkg/hook/cmake_prefix_path.sh'
[2.842s] Level 1:colcon.colcon_core.environment:checking '/home/orangepi/Robot_Project/AMR_Robot/amr_robot/install/amr_reality_pkg/lib'
[2.842s] Level 1:colcon.colcon_core.environment:checking '/home/orangepi/Robot_Project/AMR_Robot/amr_robot/install/amr_reality_pkg/bin'
[2.843s] Level 1:colcon.colcon_core.environment:checking '/home/orangepi/Robot_Project/AMR_Robot/amr_robot/install/amr_reality_pkg/lib/pkgconfig/amr_reality_pkg.pc'
[2.844s] Level 1:colcon.colcon_core.environment:checking '/home/orangepi/Robot_Project/AMR_Robot/amr_robot/install/amr_reality_pkg/lib/python3.10/site-packages'
[2.845s] Level 1:colcon.colcon_core.environment:checking '/home/orangepi/Robot_Project/AMR_Robot/amr_robot/install/amr_reality_pkg/bin'
[2.847s] INFO:colcon.colcon_core.shell:Creating package script '/home/orangepi/Robot_Project/AMR_Robot/amr_robot/install/amr_reality_pkg/share/amr_reality_pkg/package.ps1'
[2.849s] INFO:colcon.colcon_core.shell:Creating package descriptor '/home/orangepi/Robot_Project/AMR_Robot/amr_robot/install/amr_reality_pkg/share/amr_reality_pkg/package.dsv'
[2.851s] INFO:colcon.colcon_core.shell:Creating package script '/home/orangepi/Robot_Project/AMR_Robot/amr_robot/install/amr_reality_pkg/share/amr_reality_pkg/package.sh'
[2.852s] INFO:colcon.colcon_core.shell:Creating package script '/home/orangepi/Robot_Project/AMR_Robot/amr_robot/install/amr_reality_pkg/share/amr_reality_pkg/package.bash'
[2.854s] INFO:colcon.colcon_core.shell:Creating package script '/home/orangepi/Robot_Project/AMR_Robot/amr_robot/install/amr_reality_pkg/share/amr_reality_pkg/package.zsh'
[2.855s] Level 1:colcon.colcon_core.environment:create_file_with_runtime_dependencies(/home/orangepi/Robot_Project/AMR_Robot/amr_robot/install/amr_reality_pkg/share/colcon-core/packages/amr_reality_pkg)
[2.857s] Level 1:colcon.colcon_core.environment:create_environment_scripts_only(amr_reality_pkg)
[2.858s] Level 1:colcon.colcon_core.environment:checking '/home/orangepi/Robot_Project/AMR_Robot/amr_robot/install/amr_reality_pkg' for CMake module files
[2.861s] Level 1:colcon.colcon_core.environment:checking '/home/orangepi/Robot_Project/AMR_Robot/amr_robot/install/amr_reality_pkg' for CMake config files
[2.862s] Level 1:colcon.colcon_core.shell:create_environment_hook('amr_reality_pkg', 'cmake_prefix_path')
[2.863s] INFO:colcon.colcon_core.shell:Creating environment hook '/home/orangepi/Robot_Project/AMR_Robot/amr_robot/install/amr_reality_pkg/share/amr_reality_pkg/hook/cmake_prefix_path.ps1'
[2.865s] INFO:colcon.colcon_core.shell:Creating environment descriptor '/home/orangepi/Robot_Project/AMR_Robot/amr_robot/install/amr_reality_pkg/share/amr_reality_pkg/hook/cmake_prefix_path.dsv'
[2.866s] INFO:colcon.colcon_core.shell:Creating environment hook '/home/orangepi/Robot_Project/AMR_Robot/amr_robot/install/amr_reality_pkg/share/amr_reality_pkg/hook/cmake_prefix_path.sh'
[2.868s] Level 1:colcon.colcon_core.environment:checking '/home/orangepi/Robot_Project/AMR_Robot/amr_robot/install/amr_reality_pkg/lib'
[2.868s] Level 1:colcon.colcon_core.environment:checking '/home/orangepi/Robot_Project/AMR_Robot/amr_robot/install/amr_reality_pkg/bin'
[2.869s] Level 1:colcon.colcon_core.environment:checking '/home/orangepi/Robot_Project/AMR_Robot/amr_robot/install/amr_reality_pkg/lib/pkgconfig/amr_reality_pkg.pc'
[2.870s] Level 1:colcon.colcon_core.environment:checking '/home/orangepi/Robot_Project/AMR_Robot/amr_robot/install/amr_reality_pkg/lib/python3.10/site-packages'
[2.871s] Level 1:colcon.colcon_core.environment:checking '/home/orangepi/Robot_Project/AMR_Robot/amr_robot/install/amr_reality_pkg/bin'
[2.873s] INFO:colcon.colcon_core.shell:Creating package script '/home/orangepi/Robot_Project/AMR_Robot/amr_robot/install/amr_reality_pkg/share/amr_reality_pkg/package.ps1'
[2.875s] INFO:colcon.colcon_core.shell:Creating package descriptor '/home/orangepi/Robot_Project/AMR_Robot/amr_robot/install/amr_reality_pkg/share/amr_reality_pkg/package.dsv'
[2.877s] INFO:colcon.colcon_core.shell:Creating package script '/home/orangepi/Robot_Project/AMR_Robot/amr_robot/install/amr_reality_pkg/share/amr_reality_pkg/package.sh'
[2.878s] INFO:colcon.colcon_core.shell:Creating package script '/home/orangepi/Robot_Project/AMR_Robot/amr_robot/install/amr_reality_pkg/share/amr_reality_pkg/package.bash'
[2.879s] INFO:colcon.colcon_core.shell:Creating package script '/home/orangepi/Robot_Project/AMR_Robot/amr_robot/install/amr_reality_pkg/share/amr_reality_pkg/package.zsh'
[2.880s] Level 1:colcon.colcon_core.environment:create_file_with_runtime_dependencies(/home/orangepi/Robot_Project/AMR_Robot/amr_robot/install/amr_reality_pkg/share/colcon-core/packages/amr_reality_pkg)
[2.881s] DEBUG:colcon.colcon_parallel_executor.executor.parallel:closing loop
[2.881s] DEBUG:colcon.colcon_parallel_executor.executor.parallel:loop closed
[2.881s] DEBUG:colcon.colcon_parallel_executor.executor.parallel:run_until_complete finished with '0'
[2.882s] DEBUG:colcon.colcon_core.event_reactor:joining thread
[2.885s] DEBUG:colcon.colcon_core.event_reactor:joined thread
[2.886s] INFO:colcon.colcon_core.shell:Creating prefix script '/home/orangepi/Robot_Project/AMR_Robot/amr_robot/install/local_setup.ps1'
[2.889s] INFO:colcon.colcon_core.shell:Creating prefix util module '/home/orangepi/Robot_Project/AMR_Robot/amr_robot/install/_local_setup_util_ps1.py'
[2.892s] INFO:colcon.colcon_core.shell:Creating prefix chain script '/home/orangepi/Robot_Project/AMR_Robot/amr_robot/install/setup.ps1'
[2.895s] INFO:colcon.colcon_core.shell:Creating prefix script '/home/orangepi/Robot_Project/AMR_Robot/amr_robot/install/local_setup.sh'
[2.897s] INFO:colcon.colcon_core.shell:Creating prefix util module '/home/orangepi/Robot_Project/AMR_Robot/amr_robot/install/_local_setup_util_sh.py'
[2.898s] INFO:colcon.colcon_core.shell:Creating prefix chain script '/home/orangepi/Robot_Project/AMR_Robot/amr_robot/install/setup.sh'
[2.901s] INFO:colcon.colcon_core.shell:Creating prefix script '/home/orangepi/Robot_Project/AMR_Robot/amr_robot/install/local_setup.bash'
[2.902s] INFO:colcon.colcon_core.shell:Creating prefix chain script '/home/orangepi/Robot_Project/AMR_Robot/amr_robot/install/setup.bash'
[2.905s] INFO:colcon.colcon_core.shell:Creating prefix script '/home/orangepi/Robot_Project/AMR_Robot/amr_robot/install/local_setup.zsh'
[2.906s] INFO:colcon.colcon_core.shell:Creating prefix chain script '/home/orangepi/Robot_Project/AMR_Robot/amr_robot/install/setup.zsh'
