[0.406s] DEBUG:colcon:Command line arguments: ['/usr/bin/colcon', 'build', '--symlink-install']
[0.406s] DEBUG:colcon:Parsed command line arguments: Namespace(log_base=None, log_level=None, verb_name='build', build_base='build', install_base='install', merge_install=False, symlink_install=True, test_result_base=None, continue_on_error=False, executor='parallel', parallel_workers=8, event_handlers=None, ignore_user_meta=False, metas=['./colcon.meta'], base_paths=['.'], packages_ignore=None, packages_ignore_regex=None, paths=None, packages_up_to=None, packages_up_to_regex=None, packages_above=None, packages_above_and_dependencies=None, packages_above_depth=None, packages_select_by_dep=None, packages_skip_by_dep=None, packages_skip_up_to=None, packages_select_build_failed=False, packages_skip_build_finished=False, packages_select_test_failures=False, packages_skip_test_passed=False, packages_select=None, packages_skip=None, packages_select_regex=None, packages_skip_regex=None, packages_start=None, packages_end=None, cmake_args=None, cmake_target=None, cmake_target_skip_unavailable=False, cmake_clean_cache=False, cmake_clean_first=False, cmake_force_configure=False, ament_cmake_args=None, catkin_cmake_args=None, catkin_skip_building_tests=False, verb_parser=<colcon_defaults.argument_parser.defaults.DefaultArgumentsDecorator object at 0x7fbbb3e200>, verb_extension=<colcon_core.verb.build.BuildVerb object at 0x7fbbccf970>, main=<bound method BuildVerb.main of <colcon_core.verb.build.BuildVerb object at 0x7fbbccf970>>)
[0.716s] Level 1:colcon.colcon_core.package_discovery:discover_packages(colcon_meta) check parameters
[0.717s] Level 1:colcon.colcon_core.package_discovery:discover_packages(recursive) check parameters
[0.717s] Level 1:colcon.colcon_core.package_discovery:discover_packages(ignore) check parameters
[0.717s] Level 1:colcon.colcon_core.package_discovery:discover_packages(path) check parameters
[0.717s] Level 1:colcon.colcon_core.package_discovery:discover_packages(colcon_meta) discover
[0.717s] Level 1:colcon.colcon_core.package_discovery:discover_packages(recursive) discover
[0.717s] INFO:colcon.colcon_core.package_discovery:Crawling recursively for packages in '/home/orangepi/Robot_Project/AMR_Robot/amr_robot'
[0.717s] Level 1:colcon.colcon_core.package_identification:_identify(.) by extensions ['ignore', 'ignore_ament_install']
[0.717s] Level 1:colcon.colcon_core.package_identification:_identify(.) by extension 'ignore'
[0.718s] Level 1:colcon.colcon_core.package_identification:_identify(.) by extension 'ignore_ament_install'
[0.718s] Level 1:colcon.colcon_core.package_identification:_identify(.) by extensions ['colcon_pkg']
[0.718s] Level 1:colcon.colcon_core.package_identification:_identify(.) by extension 'colcon_pkg'
[0.718s] Level 1:colcon.colcon_core.package_identification:_identify(.) by extensions ['colcon_meta']
[0.718s] Level 1:colcon.colcon_core.package_identification:_identify(.) by extension 'colcon_meta'
[0.718s] Level 1:colcon.colcon_core.package_identification:_identify(.) by extensions ['ros']
[0.718s] Level 1:colcon.colcon_core.package_identification:_identify(.) by extension 'ros'
[0.740s] Level 1:colcon.colcon_core.package_identification:_identify(.) by extensions ['cmake', 'python']
[0.740s] Level 1:colcon.colcon_core.package_identification:_identify(.) by extension 'cmake'
[0.741s] Level 1:colcon.colcon_core.package_identification:_identify(.) by extension 'python'
[0.741s] Level 1:colcon.colcon_core.package_identification:_identify(.) by extensions ['python_setup_py']
[0.741s] Level 1:colcon.colcon_core.package_identification:_identify(.) by extension 'python_setup_py'
[0.741s] Level 1:colcon.colcon_core.package_identification:_identify(build) by extensions ['ignore', 'ignore_ament_install']
[0.741s] Level 1:colcon.colcon_core.package_identification:_identify(build) by extension 'ignore'
[0.741s] Level 1:colcon.colcon_core.package_identification:_identify(build) ignored
[0.741s] Level 1:colcon.colcon_core.package_identification:_identify(install) by extensions ['ignore', 'ignore_ament_install']
[0.741s] Level 1:colcon.colcon_core.package_identification:_identify(install) by extension 'ignore'
[0.741s] Level 1:colcon.colcon_core.package_identification:_identify(install) ignored
[0.742s] Level 1:colcon.colcon_core.package_identification:_identify(log) by extensions ['ignore', 'ignore_ament_install']
[0.742s] Level 1:colcon.colcon_core.package_identification:_identify(log) by extension 'ignore'
[0.742s] Level 1:colcon.colcon_core.package_identification:_identify(log) ignored
[0.742s] Level 1:colcon.colcon_core.package_identification:_identify(src) by extensions ['ignore', 'ignore_ament_install']
[0.742s] Level 1:colcon.colcon_core.package_identification:_identify(src) by extension 'ignore'
[0.742s] Level 1:colcon.colcon_core.package_identification:_identify(src) by extension 'ignore_ament_install'
[0.742s] Level 1:colcon.colcon_core.package_identification:_identify(src) by extensions ['colcon_pkg']
[0.743s] Level 1:colcon.colcon_core.package_identification:_identify(src) by extension 'colcon_pkg'
[0.743s] Level 1:colcon.colcon_core.package_identification:_identify(src) by extensions ['colcon_meta']
[0.743s] Level 1:colcon.colcon_core.package_identification:_identify(src) by extension 'colcon_meta'
[0.743s] Level 1:colcon.colcon_core.package_identification:_identify(src) by extensions ['ros']
[0.743s] Level 1:colcon.colcon_core.package_identification:_identify(src) by extension 'ros'
[0.743s] Level 1:colcon.colcon_core.package_identification:_identify(src) by extensions ['cmake', 'python']
[0.743s] Level 1:colcon.colcon_core.package_identification:_identify(src) by extension 'cmake'
[0.743s] Level 1:colcon.colcon_core.package_identification:_identify(src) by extension 'python'
[0.743s] Level 1:colcon.colcon_core.package_identification:_identify(src) by extensions ['python_setup_py']
[0.743s] Level 1:colcon.colcon_core.package_identification:_identify(src) by extension 'python_setup_py'
[0.743s] Level 1:colcon.colcon_core.package_identification:_identify(src/amr_reality_pkg) by extensions ['ignore', 'ignore_ament_install']
[0.743s] Level 1:colcon.colcon_core.package_identification:_identify(src/amr_reality_pkg) by extension 'ignore'
[0.744s] Level 1:colcon.colcon_core.package_identification:_identify(src/amr_reality_pkg) by extension 'ignore_ament_install'
[0.744s] Level 1:colcon.colcon_core.package_identification:_identify(src/amr_reality_pkg) by extensions ['colcon_pkg']
[0.744s] Level 1:colcon.colcon_core.package_identification:_identify(src/amr_reality_pkg) by extension 'colcon_pkg'
[0.744s] Level 1:colcon.colcon_core.package_identification:_identify(src/amr_reality_pkg) by extensions ['colcon_meta']
[0.744s] Level 1:colcon.colcon_core.package_identification:_identify(src/amr_reality_pkg) by extension 'colcon_meta'
[0.744s] Level 1:colcon.colcon_core.package_identification:_identify(src/amr_reality_pkg) by extensions ['ros']
[0.744s] Level 1:colcon.colcon_core.package_identification:_identify(src/amr_reality_pkg) by extension 'ros'
[0.748s] DEBUG:colcon.colcon_core.package_identification:Package 'src/amr_reality_pkg' with type 'ros.ament_cmake' and name 'amr_reality_pkg'
[0.749s] Level 1:colcon.colcon_core.package_identification:_identify(src/amr_sim_pkg) by extensions ['ignore', 'ignore_ament_install']
[0.749s] Level 1:colcon.colcon_core.package_identification:_identify(src/amr_sim_pkg) by extension 'ignore'
[0.749s] Level 1:colcon.colcon_core.package_identification:_identify(src/amr_sim_pkg) by extension 'ignore_ament_install'
[0.749s] Level 1:colcon.colcon_core.package_identification:_identify(src/amr_sim_pkg) by extensions ['colcon_pkg']
[0.749s] Level 1:colcon.colcon_core.package_identification:_identify(src/amr_sim_pkg) by extension 'colcon_pkg'
[0.749s] Level 1:colcon.colcon_core.package_identification:_identify(src/amr_sim_pkg) by extensions ['colcon_meta']
[0.749s] Level 1:colcon.colcon_core.package_identification:_identify(src/amr_sim_pkg) by extension 'colcon_meta'
[0.749s] Level 1:colcon.colcon_core.package_identification:_identify(src/amr_sim_pkg) by extensions ['ros']
[0.749s] Level 1:colcon.colcon_core.package_identification:_identify(src/amr_sim_pkg) by extension 'ros'
[0.750s] DEBUG:colcon.colcon_core.package_identification:Package 'src/amr_sim_pkg' with type 'ros.ament_cmake' and name 'amr_sim_pkg'
[0.752s] Level 1:colcon.colcon_core.package_identification:_identify(src/csm) by extensions ['ignore', 'ignore_ament_install']
[0.752s] Level 1:colcon.colcon_core.package_identification:_identify(src/csm) by extension 'ignore'
[0.752s] Level 1:colcon.colcon_core.package_identification:_identify(src/csm) by extension 'ignore_ament_install'
[0.752s] Level 1:colcon.colcon_core.package_identification:_identify(src/csm) by extensions ['colcon_pkg']
[0.752s] Level 1:colcon.colcon_core.package_identification:_identify(src/csm) by extension 'colcon_pkg'
[0.752s] Level 1:colcon.colcon_core.package_identification:_identify(src/csm) by extensions ['colcon_meta']
[0.752s] Level 1:colcon.colcon_core.package_identification:_identify(src/csm) by extension 'colcon_meta'
[0.752s] Level 1:colcon.colcon_core.package_identification:_identify(src/csm) by extensions ['ros']
[0.752s] Level 1:colcon.colcon_core.package_identification:_identify(src/csm) by extension 'ros'
[0.754s] DEBUG:colcon.colcon_core.package_identification:Package 'src/csm' with type 'ros.ament_cmake' and name 'csm'
[0.754s] Level 1:colcon.colcon_core.package_identification:_identify(src/laser_filters) by extensions ['ignore', 'ignore_ament_install']
[0.755s] Level 1:colcon.colcon_core.package_identification:_identify(src/laser_filters) by extension 'ignore'
[0.755s] Level 1:colcon.colcon_core.package_identification:_identify(src/laser_filters) by extension 'ignore_ament_install'
[0.755s] Level 1:colcon.colcon_core.package_identification:_identify(src/laser_filters) by extensions ['colcon_pkg']
[0.755s] Level 1:colcon.colcon_core.package_identification:_identify(src/laser_filters) by extension 'colcon_pkg'
[0.755s] Level 1:colcon.colcon_core.package_identification:_identify(src/laser_filters) by extensions ['colcon_meta']
[0.755s] Level 1:colcon.colcon_core.package_identification:_identify(src/laser_filters) by extension 'colcon_meta'
[0.755s] Level 1:colcon.colcon_core.package_identification:_identify(src/laser_filters) by extensions ['ros']
[0.755s] Level 1:colcon.colcon_core.package_identification:_identify(src/laser_filters) by extension 'ros'
[0.757s] DEBUG:colcon.colcon_core.package_identification:Package 'src/laser_filters' with type 'ros.ament_cmake' and name 'laser_filters'
[0.758s] Level 1:colcon.colcon_core.package_identification:_identify(src/plicp_map_matcher) by extensions ['ignore', 'ignore_ament_install']
[0.758s] Level 1:colcon.colcon_core.package_identification:_identify(src/plicp_map_matcher) by extension 'ignore'
[0.758s] Level 1:colcon.colcon_core.package_identification:_identify(src/plicp_map_matcher) by extension 'ignore_ament_install'
[0.759s] Level 1:colcon.colcon_core.package_identification:_identify(src/plicp_map_matcher) by extensions ['colcon_pkg']
[0.759s] Level 1:colcon.colcon_core.package_identification:_identify(src/plicp_map_matcher) by extension 'colcon_pkg'
[0.759s] Level 1:colcon.colcon_core.package_identification:_identify(src/plicp_map_matcher) by extensions ['colcon_meta']
[0.759s] Level 1:colcon.colcon_core.package_identification:_identify(src/plicp_map_matcher) by extension 'colcon_meta'
[0.759s] Level 1:colcon.colcon_core.package_identification:_identify(src/plicp_map_matcher) by extensions ['ros']
[0.759s] Level 1:colcon.colcon_core.package_identification:_identify(src/plicp_map_matcher) by extension 'ros'
[0.761s] DEBUG:colcon.colcon_core.package_identification:Package 'src/plicp_map_matcher' with type 'ros.ament_cmake' and name 'plicp_map_matcher'
[0.761s] Level 1:colcon.colcon_core.package_identification:_identify(src/rf2o_laser_odometry) by extensions ['ignore', 'ignore_ament_install']
[0.762s] Level 1:colcon.colcon_core.package_identification:_identify(src/rf2o_laser_odometry) by extension 'ignore'
[0.762s] Level 1:colcon.colcon_core.package_identification:_identify(src/rf2o_laser_odometry) by extension 'ignore_ament_install'
[0.763s] Level 1:colcon.colcon_core.package_identification:_identify(src/rf2o_laser_odometry) by extensions ['colcon_pkg']
[0.763s] Level 1:colcon.colcon_core.package_identification:_identify(src/rf2o_laser_odometry) by extension 'colcon_pkg'
[0.763s] Level 1:colcon.colcon_core.package_identification:_identify(src/rf2o_laser_odometry) by extensions ['colcon_meta']
[0.763s] Level 1:colcon.colcon_core.package_identification:_identify(src/rf2o_laser_odometry) by extension 'colcon_meta'
[0.764s] Level 1:colcon.colcon_core.package_identification:_identify(src/rf2o_laser_odometry) by extensions ['ros']
[0.764s] Level 1:colcon.colcon_core.package_identification:_identify(src/rf2o_laser_odometry) by extension 'ros'
[0.778s] DEBUG:colcon.colcon_core.package_identification:Package 'src/rf2o_laser_odometry' with type 'ros.ament_cmake' and name 'rf2o_laser_odometry'
[0.779s] Level 1:colcon.colcon_core.package_identification:_identify(src/ros2_laser_scan_matcher) by extensions ['ignore', 'ignore_ament_install']
[0.779s] Level 1:colcon.colcon_core.package_identification:_identify(src/ros2_laser_scan_matcher) by extension 'ignore'
[0.780s] Level 1:colcon.colcon_core.package_identification:_identify(src/ros2_laser_scan_matcher) by extension 'ignore_ament_install'
[0.780s] Level 1:colcon.colcon_core.package_identification:_identify(src/ros2_laser_scan_matcher) by extensions ['colcon_pkg']
[0.780s] Level 1:colcon.colcon_core.package_identification:_identify(src/ros2_laser_scan_matcher) by extension 'colcon_pkg'
[0.780s] Level 1:colcon.colcon_core.package_identification:_identify(src/ros2_laser_scan_matcher) by extensions ['colcon_meta']
[0.780s] Level 1:colcon.colcon_core.package_identification:_identify(src/ros2_laser_scan_matcher) by extension 'colcon_meta'
[0.780s] Level 1:colcon.colcon_core.package_identification:_identify(src/ros2_laser_scan_matcher) by extensions ['ros']
[0.780s] Level 1:colcon.colcon_core.package_identification:_identify(src/ros2_laser_scan_matcher) by extension 'ros'
[0.782s] DEBUG:colcon.colcon_core.package_identification:Package 'src/ros2_laser_scan_matcher' with type 'ros.ament_cmake' and name 'ros2_laser_scan_matcher'
[0.783s] Level 1:colcon.colcon_core.package_identification:_identify(src/sllidar_ros2) by extensions ['ignore', 'ignore_ament_install']
[0.783s] Level 1:colcon.colcon_core.package_identification:_identify(src/sllidar_ros2) by extension 'ignore'
[0.783s] Level 1:colcon.colcon_core.package_identification:_identify(src/sllidar_ros2) by extension 'ignore_ament_install'
[0.783s] Level 1:colcon.colcon_core.package_identification:_identify(src/sllidar_ros2) by extensions ['colcon_pkg']
[0.783s] Level 1:colcon.colcon_core.package_identification:_identify(src/sllidar_ros2) by extension 'colcon_pkg'
[0.783s] Level 1:colcon.colcon_core.package_identification:_identify(src/sllidar_ros2) by extensions ['colcon_meta']
[0.783s] Level 1:colcon.colcon_core.package_identification:_identify(src/sllidar_ros2) by extension 'colcon_meta'
[0.783s] Level 1:colcon.colcon_core.package_identification:_identify(src/sllidar_ros2) by extensions ['ros']
[0.784s] Level 1:colcon.colcon_core.package_identification:_identify(src/sllidar_ros2) by extension 'ros'
[0.785s] DEBUG:colcon.colcon_core.package_identification:Package 'src/sllidar_ros2' with type 'ros.ament_cmake' and name 'sllidar_ros2'
[0.785s] Level 1:colcon.colcon_core.package_discovery:discover_packages(recursive) using defaults
[0.785s] Level 1:colcon.colcon_core.package_discovery:discover_packages(ignore) discover
[0.786s] Level 1:colcon.colcon_core.package_discovery:discover_packages(ignore) using defaults
[0.786s] Level 1:colcon.colcon_core.package_discovery:discover_packages(path) discover
[0.786s] Level 1:colcon.colcon_core.package_discovery:discover_packages(path) using defaults
[0.836s] Level 5:colcon.colcon_core.verb:set package 'amr_reality_pkg' build argument 'cmake_args' from command line to 'None'
[0.836s] Level 5:colcon.colcon_core.verb:set package 'amr_reality_pkg' build argument 'cmake_target' from command line to 'None'
[0.836s] Level 5:colcon.colcon_core.verb:set package 'amr_reality_pkg' build argument 'cmake_target_skip_unavailable' from command line to 'False'
[0.836s] Level 5:colcon.colcon_core.verb:set package 'amr_reality_pkg' build argument 'cmake_clean_cache' from command line to 'False'
[0.836s] Level 5:colcon.colcon_core.verb:set package 'amr_reality_pkg' build argument 'cmake_clean_first' from command line to 'False'
[0.836s] Level 5:colcon.colcon_core.verb:set package 'amr_reality_pkg' build argument 'cmake_force_configure' from command line to 'False'
[0.836s] Level 5:colcon.colcon_core.verb:set package 'amr_reality_pkg' build argument 'ament_cmake_args' from command line to 'None'
[0.836s] Level 5:colcon.colcon_core.verb:set package 'amr_reality_pkg' build argument 'catkin_cmake_args' from command line to 'None'
[0.836s] Level 5:colcon.colcon_core.verb:set package 'amr_reality_pkg' build argument 'catkin_skip_building_tests' from command line to 'False'
[0.836s] DEBUG:colcon.colcon_core.verb:Building package 'amr_reality_pkg' with the following arguments: {'ament_cmake_args': None, 'build_base': '/home/orangepi/Robot_Project/AMR_Robot/amr_robot/build/amr_reality_pkg', 'catkin_cmake_args': None, 'catkin_skip_building_tests': False, 'cmake_args': None, 'cmake_clean_cache': False, 'cmake_clean_first': False, 'cmake_force_configure': False, 'cmake_target': None, 'cmake_target_skip_unavailable': False, 'install_base': '/home/orangepi/Robot_Project/AMR_Robot/amr_robot/install/amr_reality_pkg', 'merge_install': False, 'path': '/home/orangepi/Robot_Project/AMR_Robot/amr_robot/src/amr_reality_pkg', 'symlink_install': True, 'test_result_base': None}
[0.836s] Level 5:colcon.colcon_core.verb:set package 'amr_sim_pkg' build argument 'cmake_args' from command line to 'None'
[0.836s] Level 5:colcon.colcon_core.verb:set package 'amr_sim_pkg' build argument 'cmake_target' from command line to 'None'
[0.836s] Level 5:colcon.colcon_core.verb:set package 'amr_sim_pkg' build argument 'cmake_target_skip_unavailable' from command line to 'False'
[0.836s] Level 5:colcon.colcon_core.verb:set package 'amr_sim_pkg' build argument 'cmake_clean_cache' from command line to 'False'
[0.837s] Level 5:colcon.colcon_core.verb:set package 'amr_sim_pkg' build argument 'cmake_clean_first' from command line to 'False'
[0.837s] Level 5:colcon.colcon_core.verb:set package 'amr_sim_pkg' build argument 'cmake_force_configure' from command line to 'False'
[0.837s] Level 5:colcon.colcon_core.verb:set package 'amr_sim_pkg' build argument 'ament_cmake_args' from command line to 'None'
[0.837s] Level 5:colcon.colcon_core.verb:set package 'amr_sim_pkg' build argument 'catkin_cmake_args' from command line to 'None'
[0.837s] Level 5:colcon.colcon_core.verb:set package 'amr_sim_pkg' build argument 'catkin_skip_building_tests' from command line to 'False'
[0.837s] DEBUG:colcon.colcon_core.verb:Building package 'amr_sim_pkg' with the following arguments: {'ament_cmake_args': None, 'build_base': '/home/orangepi/Robot_Project/AMR_Robot/amr_robot/build/amr_sim_pkg', 'catkin_cmake_args': None, 'catkin_skip_building_tests': False, 'cmake_args': None, 'cmake_clean_cache': False, 'cmake_clean_first': False, 'cmake_force_configure': False, 'cmake_target': None, 'cmake_target_skip_unavailable': False, 'install_base': '/home/orangepi/Robot_Project/AMR_Robot/amr_robot/install/amr_sim_pkg', 'merge_install': False, 'path': '/home/orangepi/Robot_Project/AMR_Robot/amr_robot/src/amr_sim_pkg', 'symlink_install': True, 'test_result_base': None}
[0.837s] Level 5:colcon.colcon_core.verb:set package 'csm' build argument 'cmake_args' from command line to 'None'
[0.837s] Level 5:colcon.colcon_core.verb:set package 'csm' build argument 'cmake_target' from command line to 'None'
[0.837s] Level 5:colcon.colcon_core.verb:set package 'csm' build argument 'cmake_target_skip_unavailable' from command line to 'False'
[0.837s] Level 5:colcon.colcon_core.verb:set package 'csm' build argument 'cmake_clean_cache' from command line to 'False'
[0.837s] Level 5:colcon.colcon_core.verb:set package 'csm' build argument 'cmake_clean_first' from command line to 'False'
[0.837s] Level 5:colcon.colcon_core.verb:set package 'csm' build argument 'cmake_force_configure' from command line to 'False'
[0.837s] Level 5:colcon.colcon_core.verb:set package 'csm' build argument 'ament_cmake_args' from command line to 'None'
[0.837s] Level 5:colcon.colcon_core.verb:set package 'csm' build argument 'catkin_cmake_args' from command line to 'None'
[0.837s] Level 5:colcon.colcon_core.verb:set package 'csm' build argument 'catkin_skip_building_tests' from command line to 'False'
[0.837s] DEBUG:colcon.colcon_core.verb:Building package 'csm' with the following arguments: {'ament_cmake_args': None, 'build_base': '/home/orangepi/Robot_Project/AMR_Robot/amr_robot/build/csm', 'catkin_cmake_args': None, 'catkin_skip_building_tests': False, 'cmake_args': None, 'cmake_clean_cache': False, 'cmake_clean_first': False, 'cmake_force_configure': False, 'cmake_target': None, 'cmake_target_skip_unavailable': False, 'install_base': '/home/orangepi/Robot_Project/AMR_Robot/amr_robot/install/csm', 'merge_install': False, 'path': '/home/orangepi/Robot_Project/AMR_Robot/amr_robot/src/csm', 'symlink_install': True, 'test_result_base': None}
[0.838s] Level 5:colcon.colcon_core.verb:set package 'laser_filters' build argument 'cmake_args' from command line to 'None'
[0.838s] Level 5:colcon.colcon_core.verb:set package 'laser_filters' build argument 'cmake_target' from command line to 'None'
[0.838s] Level 5:colcon.colcon_core.verb:set package 'laser_filters' build argument 'cmake_target_skip_unavailable' from command line to 'False'
[0.838s] Level 5:colcon.colcon_core.verb:set package 'laser_filters' build argument 'cmake_clean_cache' from command line to 'False'
[0.838s] Level 5:colcon.colcon_core.verb:set package 'laser_filters' build argument 'cmake_clean_first' from command line to 'False'
[0.838s] Level 5:colcon.colcon_core.verb:set package 'laser_filters' build argument 'cmake_force_configure' from command line to 'False'
[0.838s] Level 5:colcon.colcon_core.verb:set package 'laser_filters' build argument 'ament_cmake_args' from command line to 'None'
[0.838s] Level 5:colcon.colcon_core.verb:set package 'laser_filters' build argument 'catkin_cmake_args' from command line to 'None'
[0.838s] Level 5:colcon.colcon_core.verb:set package 'laser_filters' build argument 'catkin_skip_building_tests' from command line to 'False'
[0.838s] DEBUG:colcon.colcon_core.verb:Building package 'laser_filters' with the following arguments: {'ament_cmake_args': None, 'build_base': '/home/orangepi/Robot_Project/AMR_Robot/amr_robot/build/laser_filters', 'catkin_cmake_args': None, 'catkin_skip_building_tests': False, 'cmake_args': None, 'cmake_clean_cache': False, 'cmake_clean_first': False, 'cmake_force_configure': False, 'cmake_target': None, 'cmake_target_skip_unavailable': False, 'install_base': '/home/orangepi/Robot_Project/AMR_Robot/amr_robot/install/laser_filters', 'merge_install': False, 'path': '/home/orangepi/Robot_Project/AMR_Robot/amr_robot/src/laser_filters', 'symlink_install': True, 'test_result_base': None}
[0.838s] Level 5:colcon.colcon_core.verb:set package 'rf2o_laser_odometry' build argument 'cmake_args' from command line to 'None'
[0.838s] Level 5:colcon.colcon_core.verb:set package 'rf2o_laser_odometry' build argument 'cmake_target' from command line to 'None'
[0.839s] Level 5:colcon.colcon_core.verb:set package 'rf2o_laser_odometry' build argument 'cmake_target_skip_unavailable' from command line to 'False'
[0.839s] Level 5:colcon.colcon_core.verb:set package 'rf2o_laser_odometry' build argument 'cmake_clean_cache' from command line to 'False'
[0.839s] Level 5:colcon.colcon_core.verb:set package 'rf2o_laser_odometry' build argument 'cmake_clean_first' from command line to 'False'
[0.839s] Level 5:colcon.colcon_core.verb:set package 'rf2o_laser_odometry' build argument 'cmake_force_configure' from command line to 'False'
[0.839s] Level 5:colcon.colcon_core.verb:set package 'rf2o_laser_odometry' build argument 'ament_cmake_args' from command line to 'None'
[0.839s] Level 5:colcon.colcon_core.verb:set package 'rf2o_laser_odometry' build argument 'catkin_cmake_args' from command line to 'None'
[0.839s] Level 5:colcon.colcon_core.verb:set package 'rf2o_laser_odometry' build argument 'catkin_skip_building_tests' from command line to 'False'
[0.839s] DEBUG:colcon.colcon_core.verb:Building package 'rf2o_laser_odometry' with the following arguments: {'ament_cmake_args': None, 'build_base': '/home/orangepi/Robot_Project/AMR_Robot/amr_robot/build/rf2o_laser_odometry', 'catkin_cmake_args': None, 'catkin_skip_building_tests': False, 'cmake_args': None, 'cmake_clean_cache': False, 'cmake_clean_first': False, 'cmake_force_configure': False, 'cmake_target': None, 'cmake_target_skip_unavailable': False, 'install_base': '/home/orangepi/Robot_Project/AMR_Robot/amr_robot/install/rf2o_laser_odometry', 'merge_install': False, 'path': '/home/orangepi/Robot_Project/AMR_Robot/amr_robot/src/rf2o_laser_odometry', 'symlink_install': True, 'test_result_base': None}
[0.839s] Level 5:colcon.colcon_core.verb:set package 'sllidar_ros2' build argument 'cmake_args' from command line to 'None'
[0.839s] Level 5:colcon.colcon_core.verb:set package 'sllidar_ros2' build argument 'cmake_target' from command line to 'None'
[0.839s] Level 5:colcon.colcon_core.verb:set package 'sllidar_ros2' build argument 'cmake_target_skip_unavailable' from command line to 'False'
[0.839s] Level 5:colcon.colcon_core.verb:set package 'sllidar_ros2' build argument 'cmake_clean_cache' from command line to 'False'
[0.839s] Level 5:colcon.colcon_core.verb:set package 'sllidar_ros2' build argument 'cmake_clean_first' from command line to 'False'
[0.839s] Level 5:colcon.colcon_core.verb:set package 'sllidar_ros2' build argument 'cmake_force_configure' from command line to 'False'
[0.839s] Level 5:colcon.colcon_core.verb:set package 'sllidar_ros2' build argument 'ament_cmake_args' from command line to 'None'
[0.839s] Level 5:colcon.colcon_core.verb:set package 'sllidar_ros2' build argument 'catkin_cmake_args' from command line to 'None'
[0.839s] Level 5:colcon.colcon_core.verb:set package 'sllidar_ros2' build argument 'catkin_skip_building_tests' from command line to 'False'
[0.839s] DEBUG:colcon.colcon_core.verb:Building package 'sllidar_ros2' with the following arguments: {'ament_cmake_args': None, 'build_base': '/home/orangepi/Robot_Project/AMR_Robot/amr_robot/build/sllidar_ros2', 'catkin_cmake_args': None, 'catkin_skip_building_tests': False, 'cmake_args': None, 'cmake_clean_cache': False, 'cmake_clean_first': False, 'cmake_force_configure': False, 'cmake_target': None, 'cmake_target_skip_unavailable': False, 'install_base': '/home/orangepi/Robot_Project/AMR_Robot/amr_robot/install/sllidar_ros2', 'merge_install': False, 'path': '/home/orangepi/Robot_Project/AMR_Robot/amr_robot/src/sllidar_ros2', 'symlink_install': True, 'test_result_base': None}
[0.840s] Level 5:colcon.colcon_core.verb:set package 'plicp_map_matcher' build argument 'cmake_args' from command line to 'None'
[0.840s] Level 5:colcon.colcon_core.verb:set package 'plicp_map_matcher' build argument 'cmake_target' from command line to 'None'
[0.840s] Level 5:colcon.colcon_core.verb:set package 'plicp_map_matcher' build argument 'cmake_target_skip_unavailable' from command line to 'False'
[0.840s] Level 5:colcon.colcon_core.verb:set package 'plicp_map_matcher' build argument 'cmake_clean_cache' from command line to 'False'
[0.840s] Level 5:colcon.colcon_core.verb:set package 'plicp_map_matcher' build argument 'cmake_clean_first' from command line to 'False'
[0.840s] Level 5:colcon.colcon_core.verb:set package 'plicp_map_matcher' build argument 'cmake_force_configure' from command line to 'False'
[0.840s] Level 5:colcon.colcon_core.verb:set package 'plicp_map_matcher' build argument 'ament_cmake_args' from command line to 'None'
[0.840s] Level 5:colcon.colcon_core.verb:set package 'plicp_map_matcher' build argument 'catkin_cmake_args' from command line to 'None'
[0.840s] Level 5:colcon.colcon_core.verb:set package 'plicp_map_matcher' build argument 'catkin_skip_building_tests' from command line to 'False'
[0.840s] DEBUG:colcon.colcon_core.verb:Building package 'plicp_map_matcher' with the following arguments: {'ament_cmake_args': None, 'build_base': '/home/orangepi/Robot_Project/AMR_Robot/amr_robot/build/plicp_map_matcher', 'catkin_cmake_args': None, 'catkin_skip_building_tests': False, 'cmake_args': None, 'cmake_clean_cache': False, 'cmake_clean_first': False, 'cmake_force_configure': False, 'cmake_target': None, 'cmake_target_skip_unavailable': False, 'install_base': '/home/orangepi/Robot_Project/AMR_Robot/amr_robot/install/plicp_map_matcher', 'merge_install': False, 'path': '/home/orangepi/Robot_Project/AMR_Robot/amr_robot/src/plicp_map_matcher', 'symlink_install': True, 'test_result_base': None}
[0.840s] Level 5:colcon.colcon_core.verb:set package 'ros2_laser_scan_matcher' build argument 'cmake_args' from command line to 'None'
[0.840s] Level 5:colcon.colcon_core.verb:set package 'ros2_laser_scan_matcher' build argument 'cmake_target' from command line to 'None'
[0.841s] Level 5:colcon.colcon_core.verb:set package 'ros2_laser_scan_matcher' build argument 'cmake_target_skip_unavailable' from command line to 'False'
[0.841s] Level 5:colcon.colcon_core.verb:set package 'ros2_laser_scan_matcher' build argument 'cmake_clean_cache' from command line to 'False'
[0.841s] Level 5:colcon.colcon_core.verb:set package 'ros2_laser_scan_matcher' build argument 'cmake_clean_first' from command line to 'False'
[0.841s] Level 5:colcon.colcon_core.verb:set package 'ros2_laser_scan_matcher' build argument 'cmake_force_configure' from command line to 'False'
[0.841s] Level 5:colcon.colcon_core.verb:set package 'ros2_laser_scan_matcher' build argument 'ament_cmake_args' from command line to 'None'
[0.841s] Level 5:colcon.colcon_core.verb:set package 'ros2_laser_scan_matcher' build argument 'catkin_cmake_args' from command line to 'None'
[0.841s] Level 5:colcon.colcon_core.verb:set package 'ros2_laser_scan_matcher' build argument 'catkin_skip_building_tests' from command line to 'False'
[0.841s] DEBUG:colcon.colcon_core.verb:Building package 'ros2_laser_scan_matcher' with the following arguments: {'ament_cmake_args': None, 'build_base': '/home/orangepi/Robot_Project/AMR_Robot/amr_robot/build/ros2_laser_scan_matcher', 'catkin_cmake_args': None, 'catkin_skip_building_tests': False, 'cmake_args': None, 'cmake_clean_cache': False, 'cmake_clean_first': False, 'cmake_force_configure': False, 'cmake_target': None, 'cmake_target_skip_unavailable': False, 'install_base': '/home/orangepi/Robot_Project/AMR_Robot/amr_robot/install/ros2_laser_scan_matcher', 'merge_install': False, 'path': '/home/orangepi/Robot_Project/AMR_Robot/amr_robot/src/ros2_laser_scan_matcher', 'symlink_install': True, 'test_result_base': None}
[0.841s] INFO:colcon.colcon_core.executor:Executing jobs using 'parallel' executor
[0.842s] DEBUG:colcon.colcon_parallel_executor.executor.parallel:run_until_complete
[0.843s] INFO:colcon.colcon_ros.task.ament_cmake.build:Building ROS package in '/home/orangepi/Robot_Project/AMR_Robot/amr_robot/src/csm' with build type 'ament_cmake'
[0.843s] INFO:colcon.colcon_cmake.task.cmake.build:Building CMake package in '/home/orangepi/Robot_Project/AMR_Robot/amr_robot/src/csm'
[0.851s] INFO:colcon.colcon_core.plugin_system:Skipping extension 'colcon_core.shell.bat': Not used on non-Windows systems
[0.852s] INFO:colcon.colcon_core.shell:Skip shell extension 'powershell' for command environment: Not usable outside of PowerShell
[0.852s] DEBUG:colcon.colcon_core.shell:Skip shell extension 'dsv' for command environment
[0.863s] INFO:colcon.colcon_ros.task.ament_cmake.build:Building ROS package in '/home/orangepi/Robot_Project/AMR_Robot/amr_robot/src/amr_reality_pkg' with build type 'ament_cmake'
[0.863s] INFO:colcon.colcon_cmake.task.cmake.build:Building CMake package in '/home/orangepi/Robot_Project/AMR_Robot/amr_robot/src/amr_reality_pkg'
[0.864s] INFO:colcon.colcon_core.shell:Skip shell extension 'powershell' for command environment: Not usable outside of PowerShell
[0.864s] DEBUG:colcon.colcon_core.shell:Skip shell extension 'dsv' for command environment
[0.869s] INFO:colcon.colcon_ros.task.ament_cmake.build:Building ROS package in '/home/orangepi/Robot_Project/AMR_Robot/amr_robot/src/amr_sim_pkg' with build type 'ament_cmake'
[0.870s] INFO:colcon.colcon_cmake.task.cmake.build:Building CMake package in '/home/orangepi/Robot_Project/AMR_Robot/amr_robot/src/amr_sim_pkg'
[0.870s] INFO:colcon.colcon_core.shell:Skip shell extension 'powershell' for command environment: Not usable outside of PowerShell
[0.870s] DEBUG:colcon.colcon_core.shell:Skip shell extension 'dsv' for command environment
[0.875s] INFO:colcon.colcon_ros.task.ament_cmake.build:Building ROS package in '/home/orangepi/Robot_Project/AMR_Robot/amr_robot/src/laser_filters' with build type 'ament_cmake'
[0.876s] INFO:colcon.colcon_cmake.task.cmake.build:Building CMake package in '/home/orangepi/Robot_Project/AMR_Robot/amr_robot/src/laser_filters'
[0.877s] INFO:colcon.colcon_core.shell:Skip shell extension 'powershell' for command environment: Not usable outside of PowerShell
[0.878s] DEBUG:colcon.colcon_core.shell:Skip shell extension 'dsv' for command environment
[0.892s] INFO:colcon.colcon_ros.task.ament_cmake.build:Building ROS package in '/home/orangepi/Robot_Project/AMR_Robot/amr_robot/src/rf2o_laser_odometry' with build type 'ament_cmake'
[0.892s] INFO:colcon.colcon_cmake.task.cmake.build:Building CMake package in '/home/orangepi/Robot_Project/AMR_Robot/amr_robot/src/rf2o_laser_odometry'
[0.892s] INFO:colcon.colcon_core.shell:Skip shell extension 'powershell' for command environment: Not usable outside of PowerShell
[0.892s] DEBUG:colcon.colcon_core.shell:Skip shell extension 'dsv' for command environment
[0.899s] INFO:colcon.colcon_ros.task.ament_cmake.build:Building ROS package in '/home/orangepi/Robot_Project/AMR_Robot/amr_robot/src/sllidar_ros2' with build type 'ament_cmake'
[0.899s] INFO:colcon.colcon_cmake.task.cmake.build:Building CMake package in '/home/orangepi/Robot_Project/AMR_Robot/amr_robot/src/sllidar_ros2'
[0.899s] INFO:colcon.colcon_core.shell:Skip shell extension 'powershell' for command environment: Not usable outside of PowerShell
[0.899s] DEBUG:colcon.colcon_core.shell:Skip shell extension 'dsv' for command environment
[0.915s] DEBUG:colcon.colcon_core.event_handler.log_command:Invoking command in '/home/orangepi/Robot_Project/AMR_Robot/amr_robot/build/csm': CMAKE_PREFIX_PATH=${CMAKE_PREFIX_PATH}:/opt/ros/humble /usr/bin/cmake --build /home/orangepi/Robot_Project/AMR_Robot/amr_robot/build/csm -- -j8 -l8
[0.924s] DEBUG:colcon.colcon_core.event_handler.log_command:Invoking command in '/home/orangepi/Robot_Project/AMR_Robot/amr_robot/build/amr_reality_pkg': CMAKE_PREFIX_PATH=${CMAKE_PREFIX_PATH}:/opt/ros/humble /usr/bin/cmake --build /home/orangepi/Robot_Project/AMR_Robot/amr_robot/build/amr_reality_pkg -- -j8 -l8
[0.930s] DEBUG:colcon.colcon_core.event_handler.log_command:Invoking command in '/home/orangepi/Robot_Project/AMR_Robot/amr_robot/build/amr_sim_pkg': CMAKE_PREFIX_PATH=${CMAKE_PREFIX_PATH}:/opt/ros/humble /usr/bin/cmake --build /home/orangepi/Robot_Project/AMR_Robot/amr_robot/build/amr_sim_pkg -- -j8 -l8
[0.938s] DEBUG:colcon.colcon_core.event_handler.log_command:Invoking command in '/home/orangepi/Robot_Project/AMR_Robot/amr_robot/build/laser_filters': CMAKE_PREFIX_PATH=${CMAKE_PREFIX_PATH}:/opt/ros/humble /usr/bin/cmake --build /home/orangepi/Robot_Project/AMR_Robot/amr_robot/build/laser_filters -- -j8 -l8
[0.948s] DEBUG:colcon.colcon_core.event_handler.log_command:Invoking command in '/home/orangepi/Robot_Project/AMR_Robot/amr_robot/build/rf2o_laser_odometry': CMAKE_PREFIX_PATH=${CMAKE_PREFIX_PATH}:/opt/ros/humble /usr/bin/cmake --build /home/orangepi/Robot_Project/AMR_Robot/amr_robot/build/rf2o_laser_odometry -- -j8 -l8
[0.956s] DEBUG:colcon.colcon_core.event_handler.log_command:Invoking command in '/home/orangepi/Robot_Project/AMR_Robot/amr_robot/build/sllidar_ros2': CMAKE_PREFIX_PATH=${CMAKE_PREFIX_PATH}:/opt/ros/humble /usr/bin/cmake --build /home/orangepi/Robot_Project/AMR_Robot/amr_robot/build/sllidar_ros2 -- -j8 -l8
[1.092s] DEBUG:colcon.colcon_core.event_handler.log_command:Invoked command in '/home/orangepi/Robot_Project/AMR_Robot/amr_robot/build/amr_sim_pkg' returned '0': CMAKE_PREFIX_PATH=${CMAKE_PREFIX_PATH}:/opt/ros/humble /usr/bin/cmake --build /home/orangepi/Robot_Project/AMR_Robot/amr_robot/build/amr_sim_pkg -- -j8 -l8
[1.107s] DEBUG:colcon.colcon_core.event_handler.log_command:Invoking command in '/home/orangepi/Robot_Project/AMR_Robot/amr_robot/build/amr_sim_pkg': CMAKE_PREFIX_PATH=${CMAKE_PREFIX_PATH}:/opt/ros/humble /usr/bin/cmake --install /home/orangepi/Robot_Project/AMR_Robot/amr_robot/build/amr_sim_pkg
[1.167s] DEBUG:colcon.colcon_core.event_handler.log_command:Invoked command in '/home/orangepi/Robot_Project/AMR_Robot/amr_robot/build/csm' returned '0': CMAKE_PREFIX_PATH=${CMAKE_PREFIX_PATH}:/opt/ros/humble /usr/bin/cmake --build /home/orangepi/Robot_Project/AMR_Robot/amr_robot/build/csm -- -j8 -l8
[1.179s] DEBUG:colcon.colcon_core.event_handler.log_command:Invoking command in '/home/orangepi/Robot_Project/AMR_Robot/amr_robot/build/csm': CMAKE_PREFIX_PATH=${CMAKE_PREFIX_PATH}:/opt/ros/humble /usr/bin/cmake --install /home/orangepi/Robot_Project/AMR_Robot/amr_robot/build/csm
[1.187s] DEBUG:colcon.colcon_core.event_handler.log_command:Invoked command in '/home/orangepi/Robot_Project/AMR_Robot/amr_robot/build/rf2o_laser_odometry' returned '0': CMAKE_PREFIX_PATH=${CMAKE_PREFIX_PATH}:/opt/ros/humble /usr/bin/cmake --build /home/orangepi/Robot_Project/AMR_Robot/amr_robot/build/rf2o_laser_odometry -- -j8 -l8
[1.204s] DEBUG:colcon.colcon_core.event_handler.log_command:Invoking command in '/home/orangepi/Robot_Project/AMR_Robot/amr_robot/build/rf2o_laser_odometry': CMAKE_PREFIX_PATH=${CMAKE_PREFIX_PATH}:/opt/ros/humble /usr/bin/cmake --install /home/orangepi/Robot_Project/AMR_Robot/amr_robot/build/rf2o_laser_odometry
[1.207s] Level 1:colcon.colcon_core.environment:create_environment_scripts_only(amr_sim_pkg)
[1.209s] DEBUG:colcon.colcon_core.event_handler.log_command:Invoked command in '/home/orangepi/Robot_Project/AMR_Robot/amr_robot/build/amr_sim_pkg' returned '0': CMAKE_PREFIX_PATH=${CMAKE_PREFIX_PATH}:/opt/ros/humble /usr/bin/cmake --install /home/orangepi/Robot_Project/AMR_Robot/amr_robot/build/amr_sim_pkg
[1.233s] Level 1:colcon.colcon_core.environment:checking '/home/orangepi/Robot_Project/AMR_Robot/amr_robot/install/amr_sim_pkg' for CMake module files
[1.237s] Level 1:colcon.colcon_core.environment:checking '/home/orangepi/Robot_Project/AMR_Robot/amr_robot/install/amr_sim_pkg' for CMake config files
[1.238s] Level 1:colcon.colcon_core.shell:create_environment_hook('amr_sim_pkg', 'cmake_prefix_path')
[1.240s] INFO:colcon.colcon_core.shell:Creating environment hook '/home/orangepi/Robot_Project/AMR_Robot/amr_robot/install/amr_sim_pkg/share/amr_sim_pkg/hook/cmake_prefix_path.ps1'
[1.244s] INFO:colcon.colcon_core.shell:Creating environment descriptor '/home/orangepi/Robot_Project/AMR_Robot/amr_robot/install/amr_sim_pkg/share/amr_sim_pkg/hook/cmake_prefix_path.dsv'
[1.245s] INFO:colcon.colcon_core.shell:Creating environment hook '/home/orangepi/Robot_Project/AMR_Robot/amr_robot/install/amr_sim_pkg/share/amr_sim_pkg/hook/cmake_prefix_path.sh'
[1.247s] Level 1:colcon.colcon_core.environment:checking '/home/orangepi/Robot_Project/AMR_Robot/amr_robot/install/amr_sim_pkg/lib'
[1.248s] Level 1:colcon.colcon_core.environment:checking '/home/orangepi/Robot_Project/AMR_Robot/amr_robot/install/amr_sim_pkg/bin'
[1.248s] Level 1:colcon.colcon_core.environment:checking '/home/orangepi/Robot_Project/AMR_Robot/amr_robot/install/amr_sim_pkg/lib/pkgconfig/amr_sim_pkg.pc'
[1.251s] Level 1:colcon.colcon_core.environment:checking '/home/orangepi/Robot_Project/AMR_Robot/amr_robot/install/amr_sim_pkg/lib/python3.10/site-packages'
[1.252s] Level 1:colcon.colcon_core.environment:checking '/home/orangepi/Robot_Project/AMR_Robot/amr_robot/install/amr_sim_pkg/bin'
[1.252s] INFO:colcon.colcon_core.shell:Creating package script '/home/orangepi/Robot_Project/AMR_Robot/amr_robot/install/amr_sim_pkg/share/amr_sim_pkg/package.ps1'
[1.255s] INFO:colcon.colcon_core.shell:Creating package descriptor '/home/orangepi/Robot_Project/AMR_Robot/amr_robot/install/amr_sim_pkg/share/amr_sim_pkg/package.dsv'
[1.256s] INFO:colcon.colcon_core.shell:Creating package script '/home/orangepi/Robot_Project/AMR_Robot/amr_robot/install/amr_sim_pkg/share/amr_sim_pkg/package.sh'
[1.258s] INFO:colcon.colcon_core.shell:Creating package script '/home/orangepi/Robot_Project/AMR_Robot/amr_robot/install/amr_sim_pkg/share/amr_sim_pkg/package.bash'
[1.260s] INFO:colcon.colcon_core.shell:Creating package script '/home/orangepi/Robot_Project/AMR_Robot/amr_robot/install/amr_sim_pkg/share/amr_sim_pkg/package.zsh'
[1.288s] Level 1:colcon.colcon_core.environment:create_file_with_runtime_dependencies(/home/orangepi/Robot_Project/AMR_Robot/amr_robot/install/amr_sim_pkg/share/colcon-core/packages/amr_sim_pkg)
[1.289s] Level 1:colcon.colcon_core.environment:create_environment_scripts_only(amr_sim_pkg)
[1.290s] Level 1:colcon.colcon_core.environment:checking '/home/orangepi/Robot_Project/AMR_Robot/amr_robot/install/amr_sim_pkg' for CMake module files
[1.290s] Level 1:colcon.colcon_core.environment:checking '/home/orangepi/Robot_Project/AMR_Robot/amr_robot/install/amr_sim_pkg' for CMake config files
[1.291s] Level 1:colcon.colcon_core.shell:create_environment_hook('amr_sim_pkg', 'cmake_prefix_path')
[1.291s] INFO:colcon.colcon_core.shell:Creating environment hook '/home/orangepi/Robot_Project/AMR_Robot/amr_robot/install/amr_sim_pkg/share/amr_sim_pkg/hook/cmake_prefix_path.ps1'
[1.292s] INFO:colcon.colcon_core.shell:Creating environment descriptor '/home/orangepi/Robot_Project/AMR_Robot/amr_robot/install/amr_sim_pkg/share/amr_sim_pkg/hook/cmake_prefix_path.dsv'
[1.292s] INFO:colcon.colcon_core.shell:Creating environment hook '/home/orangepi/Robot_Project/AMR_Robot/amr_robot/install/amr_sim_pkg/share/amr_sim_pkg/hook/cmake_prefix_path.sh'
[1.293s] Level 1:colcon.colcon_core.environment:checking '/home/orangepi/Robot_Project/AMR_Robot/amr_robot/install/amr_sim_pkg/lib'
[1.293s] Level 1:colcon.colcon_core.environment:checking '/home/orangepi/Robot_Project/AMR_Robot/amr_robot/install/amr_sim_pkg/bin'
[1.293s] Level 1:colcon.colcon_core.environment:checking '/home/orangepi/Robot_Project/AMR_Robot/amr_robot/install/amr_sim_pkg/lib/pkgconfig/amr_sim_pkg.pc'
[1.294s] Level 1:colcon.colcon_core.environment:checking '/home/orangepi/Robot_Project/AMR_Robot/amr_robot/install/amr_sim_pkg/lib/python3.10/site-packages'
[1.294s] Level 1:colcon.colcon_core.environment:checking '/home/orangepi/Robot_Project/AMR_Robot/amr_robot/install/amr_sim_pkg/bin'
[1.295s] INFO:colcon.colcon_core.shell:Creating package script '/home/orangepi/Robot_Project/AMR_Robot/amr_robot/install/amr_sim_pkg/share/amr_sim_pkg/package.ps1'
[1.296s] INFO:colcon.colcon_core.shell:Creating package descriptor '/home/orangepi/Robot_Project/AMR_Robot/amr_robot/install/amr_sim_pkg/share/amr_sim_pkg/package.dsv'
[1.297s] INFO:colcon.colcon_core.shell:Creating package script '/home/orangepi/Robot_Project/AMR_Robot/amr_robot/install/amr_sim_pkg/share/amr_sim_pkg/package.sh'
[1.297s] INFO:colcon.colcon_core.shell:Creating package script '/home/orangepi/Robot_Project/AMR_Robot/amr_robot/install/amr_sim_pkg/share/amr_sim_pkg/package.bash'
[1.298s] INFO:colcon.colcon_core.shell:Creating package script '/home/orangepi/Robot_Project/AMR_Robot/amr_robot/install/amr_sim_pkg/share/amr_sim_pkg/package.zsh'
[1.299s] Level 1:colcon.colcon_core.environment:create_file_with_runtime_dependencies(/home/orangepi/Robot_Project/AMR_Robot/amr_robot/install/amr_sim_pkg/share/colcon-core/packages/amr_sim_pkg)
[1.301s] Level 1:colcon.colcon_core.environment:create_environment_scripts_only(csm)
[1.302s] Level 1:colcon.colcon_core.environment:checking '/home/orangepi/Robot_Project/AMR_Robot/amr_robot/install/csm' for CMake module files
[1.305s] Level 1:colcon.colcon_core.environment:checking '/home/orangepi/Robot_Project/AMR_Robot/amr_robot/install/csm' for CMake config files
[1.307s] Level 1:colcon.colcon_core.shell:create_environment_hook('csm', 'cmake_prefix_path')
[1.307s] INFO:colcon.colcon_core.shell:Creating environment hook '/home/orangepi/Robot_Project/AMR_Robot/amr_robot/install/csm/share/csm/hook/cmake_prefix_path.ps1'
[1.309s] INFO:colcon.colcon_core.shell:Creating environment descriptor '/home/orangepi/Robot_Project/AMR_Robot/amr_robot/install/csm/share/csm/hook/cmake_prefix_path.dsv'
[1.310s] INFO:colcon.colcon_core.shell:Creating environment hook '/home/orangepi/Robot_Project/AMR_Robot/amr_robot/install/csm/share/csm/hook/cmake_prefix_path.sh'
[1.312s] Level 1:colcon.colcon_core.environment:checking '/home/orangepi/Robot_Project/AMR_Robot/amr_robot/install/csm/lib'
[1.312s] Level 1:colcon.colcon_core.shell:create_environment_hook('csm', 'ld_library_path_lib')
[1.313s] INFO:colcon.colcon_core.shell:Creating environment hook '/home/orangepi/Robot_Project/AMR_Robot/amr_robot/install/csm/share/csm/hook/ld_library_path_lib.ps1'
[1.314s] INFO:colcon.colcon_core.shell:Creating environment descriptor '/home/orangepi/Robot_Project/AMR_Robot/amr_robot/install/csm/share/csm/hook/ld_library_path_lib.dsv'
[1.316s] DEBUG:colcon.colcon_core.event_handler.log_command:Invoked command in '/home/orangepi/Robot_Project/AMR_Robot/amr_robot/build/csm' returned '0': CMAKE_PREFIX_PATH=${CMAKE_PREFIX_PATH}:/opt/ros/humble /usr/bin/cmake --install /home/orangepi/Robot_Project/AMR_Robot/amr_robot/build/csm
[1.316s] INFO:colcon.colcon_core.shell:Creating environment hook '/home/orangepi/Robot_Project/AMR_Robot/amr_robot/install/csm/share/csm/hook/ld_library_path_lib.sh'
[1.317s] Level 1:colcon.colcon_core.environment:checking '/home/orangepi/Robot_Project/AMR_Robot/amr_robot/install/csm/bin'
[1.317s] Level 1:colcon.colcon_core.environment:checking '/home/orangepi/Robot_Project/AMR_Robot/amr_robot/install/csm/lib/pkgconfig/csm.pc'
[1.317s] Level 1:colcon.colcon_core.environment:checking '/home/orangepi/Robot_Project/AMR_Robot/amr_robot/install/csm/lib/python3.10/site-packages'
[1.318s] Level 1:colcon.colcon_core.environment:checking '/home/orangepi/Robot_Project/AMR_Robot/amr_robot/install/csm/bin'
[1.318s] INFO:colcon.colcon_core.shell:Creating package script '/home/orangepi/Robot_Project/AMR_Robot/amr_robot/install/csm/share/csm/package.ps1'
[1.319s] INFO:colcon.colcon_core.shell:Creating package descriptor '/home/orangepi/Robot_Project/AMR_Robot/amr_robot/install/csm/share/csm/package.dsv'
[1.320s] INFO:colcon.colcon_core.shell:Creating package script '/home/orangepi/Robot_Project/AMR_Robot/amr_robot/install/csm/share/csm/package.sh'
[1.320s] INFO:colcon.colcon_core.shell:Creating package script '/home/orangepi/Robot_Project/AMR_Robot/amr_robot/install/csm/share/csm/package.bash'
[1.321s] INFO:colcon.colcon_core.shell:Creating package script '/home/orangepi/Robot_Project/AMR_Robot/amr_robot/install/csm/share/csm/package.zsh'
[1.322s] Level 1:colcon.colcon_core.environment:create_file_with_runtime_dependencies(/home/orangepi/Robot_Project/AMR_Robot/amr_robot/install/csm/share/colcon-core/packages/csm)
[1.322s] Level 1:colcon.colcon_core.environment:create_environment_scripts_only(csm)
[1.323s] Level 1:colcon.colcon_core.environment:checking '/home/orangepi/Robot_Project/AMR_Robot/amr_robot/install/csm' for CMake module files
[1.323s] Level 1:colcon.colcon_core.environment:checking '/home/orangepi/Robot_Project/AMR_Robot/amr_robot/install/csm' for CMake config files
[1.324s] Level 1:colcon.colcon_core.shell:create_environment_hook('csm', 'cmake_prefix_path')
[1.324s] INFO:colcon.colcon_core.shell:Creating environment hook '/home/orangepi/Robot_Project/AMR_Robot/amr_robot/install/csm/share/csm/hook/cmake_prefix_path.ps1'
[1.325s] INFO:colcon.colcon_core.shell:Creating environment descriptor '/home/orangepi/Robot_Project/AMR_Robot/amr_robot/install/csm/share/csm/hook/cmake_prefix_path.dsv'
[1.325s] INFO:colcon.colcon_core.shell:Creating environment hook '/home/orangepi/Robot_Project/AMR_Robot/amr_robot/install/csm/share/csm/hook/cmake_prefix_path.sh'
[1.326s] Level 1:colcon.colcon_core.environment:checking '/home/orangepi/Robot_Project/AMR_Robot/amr_robot/install/csm/lib'
[1.326s] Level 1:colcon.colcon_core.shell:create_environment_hook('csm', 'ld_library_path_lib')
[1.327s] INFO:colcon.colcon_core.shell:Creating environment hook '/home/orangepi/Robot_Project/AMR_Robot/amr_robot/install/csm/share/csm/hook/ld_library_path_lib.ps1'
[1.328s] INFO:colcon.colcon_core.shell:Creating environment descriptor '/home/orangepi/Robot_Project/AMR_Robot/amr_robot/install/csm/share/csm/hook/ld_library_path_lib.dsv'
[1.328s] INFO:colcon.colcon_core.shell:Creating environment hook '/home/orangepi/Robot_Project/AMR_Robot/amr_robot/install/csm/share/csm/hook/ld_library_path_lib.sh'
[1.329s] Level 1:colcon.colcon_core.environment:checking '/home/orangepi/Robot_Project/AMR_Robot/amr_robot/install/csm/bin'
[1.329s] Level 1:colcon.colcon_core.environment:checking '/home/orangepi/Robot_Project/AMR_Robot/amr_robot/install/csm/lib/pkgconfig/csm.pc'
[1.329s] Level 1:colcon.colcon_core.environment:checking '/home/orangepi/Robot_Project/AMR_Robot/amr_robot/install/csm/lib/python3.10/site-packages'
[1.330s] Level 1:colcon.colcon_core.environment:checking '/home/orangepi/Robot_Project/AMR_Robot/amr_robot/install/csm/bin'
[1.331s] INFO:colcon.colcon_core.shell:Creating package script '/home/orangepi/Robot_Project/AMR_Robot/amr_robot/install/csm/share/csm/package.ps1'
[1.332s] INFO:colcon.colcon_core.shell:Creating package descriptor '/home/orangepi/Robot_Project/AMR_Robot/amr_robot/install/csm/share/csm/package.dsv'
[1.333s] INFO:colcon.colcon_core.shell:Creating package script '/home/orangepi/Robot_Project/AMR_Robot/amr_robot/install/csm/share/csm/package.sh'
[1.333s] INFO:colcon.colcon_core.shell:Creating package script '/home/orangepi/Robot_Project/AMR_Robot/amr_robot/install/csm/share/csm/package.bash'
[1.334s] INFO:colcon.colcon_core.shell:Creating package script '/home/orangepi/Robot_Project/AMR_Robot/amr_robot/install/csm/share/csm/package.zsh'
[1.335s] Level 1:colcon.colcon_core.environment:create_file_with_runtime_dependencies(/home/orangepi/Robot_Project/AMR_Robot/amr_robot/install/csm/share/colcon-core/packages/csm)
[1.336s] INFO:colcon.colcon_ros.task.ament_cmake.build:Building ROS package in '/home/orangepi/Robot_Project/AMR_Robot/amr_robot/src/plicp_map_matcher' with build type 'ament_cmake'
[1.336s] INFO:colcon.colcon_cmake.task.cmake.build:Building CMake package in '/home/orangepi/Robot_Project/AMR_Robot/amr_robot/src/plicp_map_matcher'
[1.336s] INFO:colcon.colcon_core.shell:Skip shell extension 'powershell' for command environment: Not usable outside of PowerShell
[1.336s] DEBUG:colcon.colcon_core.shell:Skip shell extension 'dsv' for command environment
[1.343s] INFO:colcon.colcon_ros.task.ament_cmake.build:Building ROS package in '/home/orangepi/Robot_Project/AMR_Robot/amr_robot/src/ros2_laser_scan_matcher' with build type 'ament_cmake'
[1.343s] INFO:colcon.colcon_cmake.task.cmake.build:Building CMake package in '/home/orangepi/Robot_Project/AMR_Robot/amr_robot/src/ros2_laser_scan_matcher'
[1.343s] INFO:colcon.colcon_core.shell:Skip shell extension 'powershell' for command environment: Not usable outside of PowerShell
[1.343s] DEBUG:colcon.colcon_core.shell:Skip shell extension 'dsv' for command environment
[1.349s] Level 1:colcon.colcon_core.environment:create_environment_scripts_only(rf2o_laser_odometry)
[1.349s] Level 1:colcon.colcon_core.environment:checking '/home/orangepi/Robot_Project/AMR_Robot/amr_robot/install/rf2o_laser_odometry' for CMake module files
[1.351s] DEBUG:colcon.colcon_core.event_handler.log_command:Invoked command in '/home/orangepi/Robot_Project/AMR_Robot/amr_robot/build/rf2o_laser_odometry' returned '0': CMAKE_PREFIX_PATH=${CMAKE_PREFIX_PATH}:/opt/ros/humble /usr/bin/cmake --install /home/orangepi/Robot_Project/AMR_Robot/amr_robot/build/rf2o_laser_odometry
[1.352s] Level 1:colcon.colcon_core.environment:checking '/home/orangepi/Robot_Project/AMR_Robot/amr_robot/install/rf2o_laser_odometry' for CMake config files
[1.352s] Level 1:colcon.colcon_core.shell:create_environment_hook('rf2o_laser_odometry', 'cmake_prefix_path')
[1.353s] INFO:colcon.colcon_core.shell:Creating environment hook '/home/orangepi/Robot_Project/AMR_Robot/amr_robot/install/rf2o_laser_odometry/share/rf2o_laser_odometry/hook/cmake_prefix_path.ps1'
[1.353s] INFO:colcon.colcon_core.shell:Creating environment descriptor '/home/orangepi/Robot_Project/AMR_Robot/amr_robot/install/rf2o_laser_odometry/share/rf2o_laser_odometry/hook/cmake_prefix_path.dsv'
[1.354s] INFO:colcon.colcon_core.shell:Creating environment hook '/home/orangepi/Robot_Project/AMR_Robot/amr_robot/install/rf2o_laser_odometry/share/rf2o_laser_odometry/hook/cmake_prefix_path.sh'
[1.355s] Level 1:colcon.colcon_core.environment:checking '/home/orangepi/Robot_Project/AMR_Robot/amr_robot/install/rf2o_laser_odometry/lib'
[1.355s] Level 1:colcon.colcon_core.environment:checking '/home/orangepi/Robot_Project/AMR_Robot/amr_robot/install/rf2o_laser_odometry/bin'
[1.355s] Level 1:colcon.colcon_core.environment:checking '/home/orangepi/Robot_Project/AMR_Robot/amr_robot/install/rf2o_laser_odometry/lib/pkgconfig/rf2o_laser_odometry.pc'
[1.356s] Level 1:colcon.colcon_core.environment:checking '/home/orangepi/Robot_Project/AMR_Robot/amr_robot/install/rf2o_laser_odometry/lib/python3.10/site-packages'
[1.356s] Level 1:colcon.colcon_core.environment:checking '/home/orangepi/Robot_Project/AMR_Robot/amr_robot/install/rf2o_laser_odometry/bin'
[1.356s] INFO:colcon.colcon_core.shell:Creating package script '/home/orangepi/Robot_Project/AMR_Robot/amr_robot/install/rf2o_laser_odometry/share/rf2o_laser_odometry/package.ps1'
[1.357s] INFO:colcon.colcon_core.shell:Creating package descriptor '/home/orangepi/Robot_Project/AMR_Robot/amr_robot/install/rf2o_laser_odometry/share/rf2o_laser_odometry/package.dsv'
[1.358s] INFO:colcon.colcon_core.shell:Creating package script '/home/orangepi/Robot_Project/AMR_Robot/amr_robot/install/rf2o_laser_odometry/share/rf2o_laser_odometry/package.sh'
[1.358s] INFO:colcon.colcon_core.shell:Creating package script '/home/orangepi/Robot_Project/AMR_Robot/amr_robot/install/rf2o_laser_odometry/share/rf2o_laser_odometry/package.bash'
[1.359s] INFO:colcon.colcon_core.shell:Creating package script '/home/orangepi/Robot_Project/AMR_Robot/amr_robot/install/rf2o_laser_odometry/share/rf2o_laser_odometry/package.zsh'
[1.359s] Level 1:colcon.colcon_core.environment:create_file_with_runtime_dependencies(/home/orangepi/Robot_Project/AMR_Robot/amr_robot/install/rf2o_laser_odometry/share/colcon-core/packages/rf2o_laser_odometry)
[1.360s] Level 1:colcon.colcon_core.environment:create_environment_scripts_only(rf2o_laser_odometry)
[1.361s] Level 1:colcon.colcon_core.environment:checking '/home/orangepi/Robot_Project/AMR_Robot/amr_robot/install/rf2o_laser_odometry' for CMake module files
[1.361s] Level 1:colcon.colcon_core.environment:checking '/home/orangepi/Robot_Project/AMR_Robot/amr_robot/install/rf2o_laser_odometry' for CMake config files
[1.362s] Level 1:colcon.colcon_core.shell:create_environment_hook('rf2o_laser_odometry', 'cmake_prefix_path')
[1.362s] INFO:colcon.colcon_core.shell:Creating environment hook '/home/orangepi/Robot_Project/AMR_Robot/amr_robot/install/rf2o_laser_odometry/share/rf2o_laser_odometry/hook/cmake_prefix_path.ps1'
[1.363s] INFO:colcon.colcon_core.shell:Creating environment descriptor '/home/orangepi/Robot_Project/AMR_Robot/amr_robot/install/rf2o_laser_odometry/share/rf2o_laser_odometry/hook/cmake_prefix_path.dsv'
[1.363s] INFO:colcon.colcon_core.shell:Creating environment hook '/home/orangepi/Robot_Project/AMR_Robot/amr_robot/install/rf2o_laser_odometry/share/rf2o_laser_odometry/hook/cmake_prefix_path.sh'
[1.364s] Level 1:colcon.colcon_core.environment:checking '/home/orangepi/Robot_Project/AMR_Robot/amr_robot/install/rf2o_laser_odometry/lib'
[1.364s] Level 1:colcon.colcon_core.environment:checking '/home/orangepi/Robot_Project/AMR_Robot/amr_robot/install/rf2o_laser_odometry/bin'
[1.364s] Level 1:colcon.colcon_core.environment:checking '/home/orangepi/Robot_Project/AMR_Robot/amr_robot/install/rf2o_laser_odometry/lib/pkgconfig/rf2o_laser_odometry.pc'
[1.365s] Level 1:colcon.colcon_core.environment:checking '/home/orangepi/Robot_Project/AMR_Robot/amr_robot/install/rf2o_laser_odometry/lib/python3.10/site-packages'
[1.365s] Level 1:colcon.colcon_core.environment:checking '/home/orangepi/Robot_Project/AMR_Robot/amr_robot/install/rf2o_laser_odometry/bin'
[1.365s] INFO:colcon.colcon_core.shell:Creating package script '/home/orangepi/Robot_Project/AMR_Robot/amr_robot/install/rf2o_laser_odometry/share/rf2o_laser_odometry/package.ps1'
[1.366s] INFO:colcon.colcon_core.shell:Creating package descriptor '/home/orangepi/Robot_Project/AMR_Robot/amr_robot/install/rf2o_laser_odometry/share/rf2o_laser_odometry/package.dsv'
[1.367s] INFO:colcon.colcon_core.shell:Creating package script '/home/orangepi/Robot_Project/AMR_Robot/amr_robot/install/rf2o_laser_odometry/share/rf2o_laser_odometry/package.sh'
[1.368s] INFO:colcon.colcon_core.shell:Creating package script '/home/orangepi/Robot_Project/AMR_Robot/amr_robot/install/rf2o_laser_odometry/share/rf2o_laser_odometry/package.bash'
[1.368s] INFO:colcon.colcon_core.shell:Creating package script '/home/orangepi/Robot_Project/AMR_Robot/amr_robot/install/rf2o_laser_odometry/share/rf2o_laser_odometry/package.zsh'
[1.369s] Level 1:colcon.colcon_core.environment:create_file_with_runtime_dependencies(/home/orangepi/Robot_Project/AMR_Robot/amr_robot/install/rf2o_laser_odometry/share/colcon-core/packages/rf2o_laser_odometry)
[1.371s] DEBUG:colcon.colcon_core.event_handler.log_command:Invoked command in '/home/orangepi/Robot_Project/AMR_Robot/amr_robot/build/sllidar_ros2' returned '0': CMAKE_PREFIX_PATH=${CMAKE_PREFIX_PATH}:/opt/ros/humble /usr/bin/cmake --build /home/orangepi/Robot_Project/AMR_Robot/amr_robot/build/sllidar_ros2 -- -j8 -l8
[1.381s] DEBUG:colcon.colcon_core.event_handler.log_command:Invoking command in '/home/orangepi/Robot_Project/AMR_Robot/amr_robot/build/sllidar_ros2': CMAKE_PREFIX_PATH=${CMAKE_PREFIX_PATH}:/opt/ros/humble /usr/bin/cmake --install /home/orangepi/Robot_Project/AMR_Robot/amr_robot/build/sllidar_ros2
[1.388s] DEBUG:colcon.colcon_core.event_handler.log_command:Invoking command in '/home/orangepi/Robot_Project/AMR_Robot/amr_robot/build/plicp_map_matcher': CMAKE_PREFIX_PATH=/home/orangepi/Robot_Project/AMR_Robot/amr_robot/install/csm:/home/orangepi/Robot_Project/AMR_Robot/amr_robot/install/sllidar_ros2:/home/orangepi/Robot_Project/AMR_Robot/amr_robot/install/ros2_laser_scan_matcher:/home/orangepi/Robot_Project/AMR_Robot/amr_robot/install/rf2o_laser_odometry:/home/orangepi/Robot_Project/AMR_Robot/amr_robot/install/plicp_map_matcher:/home/orangepi/Robot_Project/AMR_Robot/amr_robot/install/laser_filters:/home/orangepi/Robot_Project/AMR_Robot/amr_robot/install/amr_sim_pkg:/home/orangepi/Robot_Project/AMR_Robot/amr_robot/install/amr_reality_pkg:/opt/ros/humble LD_LIBRARY_PATH=/home/orangepi/Robot_Project/AMR_Robot/amr_robot/install/csm/lib:/home/orangepi/Robot_Project/AMR_Robot/amr_robot/install/laser_filters/lib:/opt/ros/humble/opt/rviz_ogre_vendor/lib:/opt/ros/humble/lib/aarch64-linux-gnu:/opt/ros/humble/lib /usr/bin/cmake --build /home/orangepi/Robot_Project/AMR_Robot/amr_robot/build/plicp_map_matcher -- -j8 -l8
[1.394s] DEBUG:colcon.colcon_core.event_handler.log_command:Invoking command in '/home/orangepi/Robot_Project/AMR_Robot/amr_robot/build/ros2_laser_scan_matcher': CMAKE_PREFIX_PATH=/home/orangepi/Robot_Project/AMR_Robot/amr_robot/install/csm:/home/orangepi/Robot_Project/AMR_Robot/amr_robot/install/sllidar_ros2:/home/orangepi/Robot_Project/AMR_Robot/amr_robot/install/ros2_laser_scan_matcher:/home/orangepi/Robot_Project/AMR_Robot/amr_robot/install/rf2o_laser_odometry:/home/orangepi/Robot_Project/AMR_Robot/amr_robot/install/plicp_map_matcher:/home/orangepi/Robot_Project/AMR_Robot/amr_robot/install/laser_filters:/home/orangepi/Robot_Project/AMR_Robot/amr_robot/install/amr_sim_pkg:/home/orangepi/Robot_Project/AMR_Robot/amr_robot/install/amr_reality_pkg:/opt/ros/humble LD_LIBRARY_PATH=/home/orangepi/Robot_Project/AMR_Robot/amr_robot/install/csm/lib:/home/orangepi/Robot_Project/AMR_Robot/amr_robot/install/laser_filters/lib:/opt/ros/humble/opt/rviz_ogre_vendor/lib:/opt/ros/humble/lib/aarch64-linux-gnu:/opt/ros/humble/lib /usr/bin/cmake --build /home/orangepi/Robot_Project/AMR_Robot/amr_robot/build/ros2_laser_scan_matcher -- -j8 -l8
[1.394s] DEBUG:colcon.colcon_core.event_handler.log_command:Invoked command in '/home/orangepi/Robot_Project/AMR_Robot/amr_robot/build/laser_filters' returned '0': CMAKE_PREFIX_PATH=${CMAKE_PREFIX_PATH}:/opt/ros/humble /usr/bin/cmake --build /home/orangepi/Robot_Project/AMR_Robot/amr_robot/build/laser_filters -- -j8 -l8
[1.400s] DEBUG:colcon.colcon_core.event_handler.log_command:Invoking command in '/home/orangepi/Robot_Project/AMR_Robot/amr_robot/build/laser_filters': CMAKE_PREFIX_PATH=${CMAKE_PREFIX_PATH}:/opt/ros/humble /usr/bin/cmake --install /home/orangepi/Robot_Project/AMR_Robot/amr_robot/build/laser_filters
[1.462s] Level 1:colcon.colcon_core.environment:create_environment_scripts_only(sllidar_ros2)
[1.463s] Level 1:colcon.colcon_core.environment:checking '/home/orangepi/Robot_Project/AMR_Robot/amr_robot/install/sllidar_ros2' for CMake module files
[1.467s] DEBUG:colcon.colcon_core.event_handler.log_command:Invoked command in '/home/orangepi/Robot_Project/AMR_Robot/amr_robot/build/sllidar_ros2' returned '0': CMAKE_PREFIX_PATH=${CMAKE_PREFIX_PATH}:/opt/ros/humble /usr/bin/cmake --install /home/orangepi/Robot_Project/AMR_Robot/amr_robot/build/sllidar_ros2
[1.468s] Level 1:colcon.colcon_core.environment:checking '/home/orangepi/Robot_Project/AMR_Robot/amr_robot/install/sllidar_ros2' for CMake config files
[1.469s] Level 1:colcon.colcon_core.shell:create_environment_hook('sllidar_ros2', 'cmake_prefix_path')
[1.470s] INFO:colcon.colcon_core.shell:Creating environment hook '/home/orangepi/Robot_Project/AMR_Robot/amr_robot/install/sllidar_ros2/share/sllidar_ros2/hook/cmake_prefix_path.ps1'
[1.472s] INFO:colcon.colcon_core.shell:Creating environment descriptor '/home/orangepi/Robot_Project/AMR_Robot/amr_robot/install/sllidar_ros2/share/sllidar_ros2/hook/cmake_prefix_path.dsv'
[1.473s] INFO:colcon.colcon_core.shell:Creating environment hook '/home/orangepi/Robot_Project/AMR_Robot/amr_robot/install/sllidar_ros2/share/sllidar_ros2/hook/cmake_prefix_path.sh'
[1.474s] Level 1:colcon.colcon_core.environment:checking '/home/orangepi/Robot_Project/AMR_Robot/amr_robot/install/sllidar_ros2/lib'
[1.474s] Level 1:colcon.colcon_core.environment:checking '/home/orangepi/Robot_Project/AMR_Robot/amr_robot/install/sllidar_ros2/bin'
[1.474s] Level 1:colcon.colcon_core.environment:checking '/home/orangepi/Robot_Project/AMR_Robot/amr_robot/install/sllidar_ros2/lib/pkgconfig/sllidar_ros2.pc'
[1.474s] Level 1:colcon.colcon_core.environment:checking '/home/orangepi/Robot_Project/AMR_Robot/amr_robot/install/sllidar_ros2/lib/python3.10/site-packages'
[1.475s] Level 1:colcon.colcon_core.environment:checking '/home/orangepi/Robot_Project/AMR_Robot/amr_robot/install/sllidar_ros2/bin'
[1.475s] INFO:colcon.colcon_core.shell:Creating package script '/home/orangepi/Robot_Project/AMR_Robot/amr_robot/install/sllidar_ros2/share/sllidar_ros2/package.ps1'
[1.477s] INFO:colcon.colcon_core.shell:Creating package descriptor '/home/orangepi/Robot_Project/AMR_Robot/amr_robot/install/sllidar_ros2/share/sllidar_ros2/package.dsv'
[1.478s] INFO:colcon.colcon_core.shell:Creating package script '/home/orangepi/Robot_Project/AMR_Robot/amr_robot/install/sllidar_ros2/share/sllidar_ros2/package.sh'
[1.478s] INFO:colcon.colcon_core.shell:Creating package script '/home/orangepi/Robot_Project/AMR_Robot/amr_robot/install/sllidar_ros2/share/sllidar_ros2/package.bash'
[1.479s] INFO:colcon.colcon_core.shell:Creating package script '/home/orangepi/Robot_Project/AMR_Robot/amr_robot/install/sllidar_ros2/share/sllidar_ros2/package.zsh'
[1.480s] Level 1:colcon.colcon_core.environment:create_file_with_runtime_dependencies(/home/orangepi/Robot_Project/AMR_Robot/amr_robot/install/sllidar_ros2/share/colcon-core/packages/sllidar_ros2)
[1.482s] Level 1:colcon.colcon_core.environment:create_environment_scripts_only(sllidar_ros2)
[1.482s] Level 1:colcon.colcon_core.environment:checking '/home/orangepi/Robot_Project/AMR_Robot/amr_robot/install/sllidar_ros2' for CMake module files
[1.483s] Level 1:colcon.colcon_core.environment:checking '/home/orangepi/Robot_Project/AMR_Robot/amr_robot/install/sllidar_ros2' for CMake config files
[1.484s] Level 1:colcon.colcon_core.shell:create_environment_hook('sllidar_ros2', 'cmake_prefix_path')
[1.484s] INFO:colcon.colcon_core.shell:Creating environment hook '/home/orangepi/Robot_Project/AMR_Robot/amr_robot/install/sllidar_ros2/share/sllidar_ros2/hook/cmake_prefix_path.ps1'
[1.485s] INFO:colcon.colcon_core.shell:Creating environment descriptor '/home/orangepi/Robot_Project/AMR_Robot/amr_robot/install/sllidar_ros2/share/sllidar_ros2/hook/cmake_prefix_path.dsv'
[1.486s] INFO:colcon.colcon_core.shell:Creating environment hook '/home/orangepi/Robot_Project/AMR_Robot/amr_robot/install/sllidar_ros2/share/sllidar_ros2/hook/cmake_prefix_path.sh'
[1.487s] Level 1:colcon.colcon_core.environment:checking '/home/orangepi/Robot_Project/AMR_Robot/amr_robot/install/sllidar_ros2/lib'
[1.487s] Level 1:colcon.colcon_core.environment:checking '/home/orangepi/Robot_Project/AMR_Robot/amr_robot/install/sllidar_ros2/bin'
[1.487s] Level 1:colcon.colcon_core.environment:checking '/home/orangepi/Robot_Project/AMR_Robot/amr_robot/install/sllidar_ros2/lib/pkgconfig/sllidar_ros2.pc'
[1.488s] Level 1:colcon.colcon_core.environment:checking '/home/orangepi/Robot_Project/AMR_Robot/amr_robot/install/sllidar_ros2/lib/python3.10/site-packages'
[1.488s] Level 1:colcon.colcon_core.environment:checking '/home/orangepi/Robot_Project/AMR_Robot/amr_robot/install/sllidar_ros2/bin'
[1.489s] INFO:colcon.colcon_core.shell:Creating package script '/home/orangepi/Robot_Project/AMR_Robot/amr_robot/install/sllidar_ros2/share/sllidar_ros2/package.ps1'
[1.490s] INFO:colcon.colcon_core.shell:Creating package descriptor '/home/orangepi/Robot_Project/AMR_Robot/amr_robot/install/sllidar_ros2/share/sllidar_ros2/package.dsv'
[1.491s] INFO:colcon.colcon_core.shell:Creating package script '/home/orangepi/Robot_Project/AMR_Robot/amr_robot/install/sllidar_ros2/share/sllidar_ros2/package.sh'
[1.491s] INFO:colcon.colcon_core.shell:Creating package script '/home/orangepi/Robot_Project/AMR_Robot/amr_robot/install/sllidar_ros2/share/sllidar_ros2/package.bash'
[1.492s] INFO:colcon.colcon_core.shell:Creating package script '/home/orangepi/Robot_Project/AMR_Robot/amr_robot/install/sllidar_ros2/share/sllidar_ros2/package.zsh'
[1.493s] Level 1:colcon.colcon_core.environment:create_file_with_runtime_dependencies(/home/orangepi/Robot_Project/AMR_Robot/amr_robot/install/sllidar_ros2/share/colcon-core/packages/sllidar_ros2)
[1.495s] Level 1:colcon.colcon_core.environment:create_environment_scripts_only(laser_filters)
[1.495s] Level 1:colcon.colcon_core.environment:checking '/home/orangepi/Robot_Project/AMR_Robot/amr_robot/install/laser_filters' for CMake module files
[1.498s] DEBUG:colcon.colcon_core.event_handler.log_command:Invoked command in '/home/orangepi/Robot_Project/AMR_Robot/amr_robot/build/laser_filters' returned '0': CMAKE_PREFIX_PATH=${CMAKE_PREFIX_PATH}:/opt/ros/humble /usr/bin/cmake --install /home/orangepi/Robot_Project/AMR_Robot/amr_robot/build/laser_filters
[1.498s] Level 1:colcon.colcon_core.environment:checking '/home/orangepi/Robot_Project/AMR_Robot/amr_robot/install/laser_filters' for CMake config files
[1.499s] Level 1:colcon.colcon_core.shell:create_environment_hook('laser_filters', 'cmake_prefix_path')
[1.500s] INFO:colcon.colcon_core.shell:Creating environment hook '/home/orangepi/Robot_Project/AMR_Robot/amr_robot/install/laser_filters/share/laser_filters/hook/cmake_prefix_path.ps1'
[1.501s] INFO:colcon.colcon_core.shell:Creating environment descriptor '/home/orangepi/Robot_Project/AMR_Robot/amr_robot/install/laser_filters/share/laser_filters/hook/cmake_prefix_path.dsv'
[1.502s] INFO:colcon.colcon_core.shell:Creating environment hook '/home/orangepi/Robot_Project/AMR_Robot/amr_robot/install/laser_filters/share/laser_filters/hook/cmake_prefix_path.sh'
[1.503s] Level 1:colcon.colcon_core.environment:checking '/home/orangepi/Robot_Project/AMR_Robot/amr_robot/install/laser_filters/lib'
[1.503s] Level 1:colcon.colcon_core.shell:create_environment_hook('laser_filters', 'ld_library_path_lib')
[1.503s] INFO:colcon.colcon_core.shell:Creating environment hook '/home/orangepi/Robot_Project/AMR_Robot/amr_robot/install/laser_filters/share/laser_filters/hook/ld_library_path_lib.ps1'
[1.504s] INFO:colcon.colcon_core.shell:Creating environment descriptor '/home/orangepi/Robot_Project/AMR_Robot/amr_robot/install/laser_filters/share/laser_filters/hook/ld_library_path_lib.dsv'
[1.505s] INFO:colcon.colcon_core.shell:Creating environment hook '/home/orangepi/Robot_Project/AMR_Robot/amr_robot/install/laser_filters/share/laser_filters/hook/ld_library_path_lib.sh'
[1.505s] Level 1:colcon.colcon_core.environment:checking '/home/orangepi/Robot_Project/AMR_Robot/amr_robot/install/laser_filters/bin'
[1.505s] Level 1:colcon.colcon_core.environment:checking '/home/orangepi/Robot_Project/AMR_Robot/amr_robot/install/laser_filters/lib/pkgconfig/laser_filters.pc'
[1.506s] Level 1:colcon.colcon_core.environment:checking '/home/orangepi/Robot_Project/AMR_Robot/amr_robot/install/laser_filters/lib/python3.10/site-packages'
[1.506s] Level 1:colcon.colcon_core.environment:checking '/home/orangepi/Robot_Project/AMR_Robot/amr_robot/install/laser_filters/bin'
[1.507s] INFO:colcon.colcon_core.shell:Creating package script '/home/orangepi/Robot_Project/AMR_Robot/amr_robot/install/laser_filters/share/laser_filters/package.ps1'
[1.508s] INFO:colcon.colcon_core.shell:Creating package descriptor '/home/orangepi/Robot_Project/AMR_Robot/amr_robot/install/laser_filters/share/laser_filters/package.dsv'
[1.509s] INFO:colcon.colcon_core.shell:Creating package script '/home/orangepi/Robot_Project/AMR_Robot/amr_robot/install/laser_filters/share/laser_filters/package.sh'
[1.510s] INFO:colcon.colcon_core.shell:Creating package script '/home/orangepi/Robot_Project/AMR_Robot/amr_robot/install/laser_filters/share/laser_filters/package.bash'
[1.511s] INFO:colcon.colcon_core.shell:Creating package script '/home/orangepi/Robot_Project/AMR_Robot/amr_robot/install/laser_filters/share/laser_filters/package.zsh'
[1.511s] Level 1:colcon.colcon_core.environment:create_file_with_runtime_dependencies(/home/orangepi/Robot_Project/AMR_Robot/amr_robot/install/laser_filters/share/colcon-core/packages/laser_filters)
[1.512s] Level 1:colcon.colcon_core.environment:create_environment_scripts_only(laser_filters)
[1.513s] Level 1:colcon.colcon_core.environment:checking '/home/orangepi/Robot_Project/AMR_Robot/amr_robot/install/laser_filters' for CMake module files
[1.513s] Level 1:colcon.colcon_core.environment:checking '/home/orangepi/Robot_Project/AMR_Robot/amr_robot/install/laser_filters' for CMake config files
[1.514s] Level 1:colcon.colcon_core.shell:create_environment_hook('laser_filters', 'cmake_prefix_path')
[1.514s] INFO:colcon.colcon_core.shell:Creating environment hook '/home/orangepi/Robot_Project/AMR_Robot/amr_robot/install/laser_filters/share/laser_filters/hook/cmake_prefix_path.ps1'
[1.515s] INFO:colcon.colcon_core.shell:Creating environment descriptor '/home/orangepi/Robot_Project/AMR_Robot/amr_robot/install/laser_filters/share/laser_filters/hook/cmake_prefix_path.dsv'
[1.516s] INFO:colcon.colcon_core.shell:Creating environment hook '/home/orangepi/Robot_Project/AMR_Robot/amr_robot/install/laser_filters/share/laser_filters/hook/cmake_prefix_path.sh'
[1.517s] Level 1:colcon.colcon_core.environment:checking '/home/orangepi/Robot_Project/AMR_Robot/amr_robot/install/laser_filters/lib'
[1.517s] Level 1:colcon.colcon_core.shell:create_environment_hook('laser_filters', 'ld_library_path_lib')
[1.517s] INFO:colcon.colcon_core.shell:Creating environment hook '/home/orangepi/Robot_Project/AMR_Robot/amr_robot/install/laser_filters/share/laser_filters/hook/ld_library_path_lib.ps1'
[1.518s] INFO:colcon.colcon_core.shell:Creating environment descriptor '/home/orangepi/Robot_Project/AMR_Robot/amr_robot/install/laser_filters/share/laser_filters/hook/ld_library_path_lib.dsv'
[1.519s] INFO:colcon.colcon_core.shell:Creating environment hook '/home/orangepi/Robot_Project/AMR_Robot/amr_robot/install/laser_filters/share/laser_filters/hook/ld_library_path_lib.sh'
[1.519s] Level 1:colcon.colcon_core.environment:checking '/home/orangepi/Robot_Project/AMR_Robot/amr_robot/install/laser_filters/bin'
[1.519s] Level 1:colcon.colcon_core.environment:checking '/home/orangepi/Robot_Project/AMR_Robot/amr_robot/install/laser_filters/lib/pkgconfig/laser_filters.pc'
[1.520s] Level 1:colcon.colcon_core.environment:checking '/home/orangepi/Robot_Project/AMR_Robot/amr_robot/install/laser_filters/lib/python3.10/site-packages'
[1.520s] Level 1:colcon.colcon_core.environment:checking '/home/orangepi/Robot_Project/AMR_Robot/amr_robot/install/laser_filters/bin'
[1.521s] INFO:colcon.colcon_core.shell:Creating package script '/home/orangepi/Robot_Project/AMR_Robot/amr_robot/install/laser_filters/share/laser_filters/package.ps1'
[1.522s] INFO:colcon.colcon_core.shell:Creating package descriptor '/home/orangepi/Robot_Project/AMR_Robot/amr_robot/install/laser_filters/share/laser_filters/package.dsv'
[1.522s] INFO:colcon.colcon_core.shell:Creating package script '/home/orangepi/Robot_Project/AMR_Robot/amr_robot/install/laser_filters/share/laser_filters/package.sh'
[1.523s] INFO:colcon.colcon_core.shell:Creating package script '/home/orangepi/Robot_Project/AMR_Robot/amr_robot/install/laser_filters/share/laser_filters/package.bash'
[1.524s] INFO:colcon.colcon_core.shell:Creating package script '/home/orangepi/Robot_Project/AMR_Robot/amr_robot/install/laser_filters/share/laser_filters/package.zsh'
[1.524s] Level 1:colcon.colcon_core.environment:create_file_with_runtime_dependencies(/home/orangepi/Robot_Project/AMR_Robot/amr_robot/install/laser_filters/share/colcon-core/packages/laser_filters)
[1.623s] DEBUG:colcon.colcon_core.event_handler.log_command:Invoked command in '/home/orangepi/Robot_Project/AMR_Robot/amr_robot/build/plicp_map_matcher' returned '0': CMAKE_PREFIX_PATH=/home/orangepi/Robot_Project/AMR_Robot/amr_robot/install/csm:/home/orangepi/Robot_Project/AMR_Robot/amr_robot/install/sllidar_ros2:/home/orangepi/Robot_Project/AMR_Robot/amr_robot/install/ros2_laser_scan_matcher:/home/orangepi/Robot_Project/AMR_Robot/amr_robot/install/rf2o_laser_odometry:/home/orangepi/Robot_Project/AMR_Robot/amr_robot/install/plicp_map_matcher:/home/orangepi/Robot_Project/AMR_Robot/amr_robot/install/laser_filters:/home/orangepi/Robot_Project/AMR_Robot/amr_robot/install/amr_sim_pkg:/home/orangepi/Robot_Project/AMR_Robot/amr_robot/install/amr_reality_pkg:/opt/ros/humble LD_LIBRARY_PATH=/home/orangepi/Robot_Project/AMR_Robot/amr_robot/install/csm/lib:/home/orangepi/Robot_Project/AMR_Robot/amr_robot/install/laser_filters/lib:/opt/ros/humble/opt/rviz_ogre_vendor/lib:/opt/ros/humble/lib/aarch64-linux-gnu:/opt/ros/humble/lib /usr/bin/cmake --build /home/orangepi/Robot_Project/AMR_Robot/amr_robot/build/plicp_map_matcher -- -j8 -l8
[1.629s] DEBUG:colcon.colcon_core.event_handler.log_command:Invoking command in '/home/orangepi/Robot_Project/AMR_Robot/amr_robot/build/plicp_map_matcher': CMAKE_PREFIX_PATH=/home/orangepi/Robot_Project/AMR_Robot/amr_robot/install/csm:/home/orangepi/Robot_Project/AMR_Robot/amr_robot/install/sllidar_ros2:/home/orangepi/Robot_Project/AMR_Robot/amr_robot/install/ros2_laser_scan_matcher:/home/orangepi/Robot_Project/AMR_Robot/amr_robot/install/rf2o_laser_odometry:/home/orangepi/Robot_Project/AMR_Robot/amr_robot/install/plicp_map_matcher:/home/orangepi/Robot_Project/AMR_Robot/amr_robot/install/laser_filters:/home/orangepi/Robot_Project/AMR_Robot/amr_robot/install/amr_sim_pkg:/home/orangepi/Robot_Project/AMR_Robot/amr_robot/install/amr_reality_pkg:/opt/ros/humble LD_LIBRARY_PATH=/home/orangepi/Robot_Project/AMR_Robot/amr_robot/install/csm/lib:/home/orangepi/Robot_Project/AMR_Robot/amr_robot/install/laser_filters/lib:/opt/ros/humble/opt/rviz_ogre_vendor/lib:/opt/ros/humble/lib/aarch64-linux-gnu:/opt/ros/humble/lib /usr/bin/cmake --install /home/orangepi/Robot_Project/AMR_Robot/amr_robot/build/plicp_map_matcher
[1.650s] DEBUG:colcon.colcon_core.event_handler.log_command:Invoked command in '/home/orangepi/Robot_Project/AMR_Robot/amr_robot/build/ros2_laser_scan_matcher' returned '0': CMAKE_PREFIX_PATH=/home/orangepi/Robot_Project/AMR_Robot/amr_robot/install/csm:/home/orangepi/Robot_Project/AMR_Robot/amr_robot/install/sllidar_ros2:/home/orangepi/Robot_Project/AMR_Robot/amr_robot/install/ros2_laser_scan_matcher:/home/orangepi/Robot_Project/AMR_Robot/amr_robot/install/rf2o_laser_odometry:/home/orangepi/Robot_Project/AMR_Robot/amr_robot/install/plicp_map_matcher:/home/orangepi/Robot_Project/AMR_Robot/amr_robot/install/laser_filters:/home/orangepi/Robot_Project/AMR_Robot/amr_robot/install/amr_sim_pkg:/home/orangepi/Robot_Project/AMR_Robot/amr_robot/install/amr_reality_pkg:/opt/ros/humble LD_LIBRARY_PATH=/home/orangepi/Robot_Project/AMR_Robot/amr_robot/install/csm/lib:/home/orangepi/Robot_Project/AMR_Robot/amr_robot/install/laser_filters/lib:/opt/ros/humble/opt/rviz_ogre_vendor/lib:/opt/ros/humble/lib/aarch64-linux-gnu:/opt/ros/humble/lib /usr/bin/cmake --build /home/orangepi/Robot_Project/AMR_Robot/amr_robot/build/ros2_laser_scan_matcher -- -j8 -l8
[1.655s] DEBUG:colcon.colcon_core.event_handler.log_command:Invoking command in '/home/orangepi/Robot_Project/AMR_Robot/amr_robot/build/ros2_laser_scan_matcher': CMAKE_PREFIX_PATH=/home/orangepi/Robot_Project/AMR_Robot/amr_robot/install/csm:/home/orangepi/Robot_Project/AMR_Robot/amr_robot/install/sllidar_ros2:/home/orangepi/Robot_Project/AMR_Robot/amr_robot/install/ros2_laser_scan_matcher:/home/orangepi/Robot_Project/AMR_Robot/amr_robot/install/rf2o_laser_odometry:/home/orangepi/Robot_Project/AMR_Robot/amr_robot/install/plicp_map_matcher:/home/orangepi/Robot_Project/AMR_Robot/amr_robot/install/laser_filters:/home/orangepi/Robot_Project/AMR_Robot/amr_robot/install/amr_sim_pkg:/home/orangepi/Robot_Project/AMR_Robot/amr_robot/install/amr_reality_pkg:/opt/ros/humble LD_LIBRARY_PATH=/home/orangepi/Robot_Project/AMR_Robot/amr_robot/install/csm/lib:/home/orangepi/Robot_Project/AMR_Robot/amr_robot/install/laser_filters/lib:/opt/ros/humble/opt/rviz_ogre_vendor/lib:/opt/ros/humble/lib/aarch64-linux-gnu:/opt/ros/humble/lib /usr/bin/cmake --install /home/orangepi/Robot_Project/AMR_Robot/amr_robot/build/ros2_laser_scan_matcher
[1.708s] Level 1:colcon.colcon_core.environment:create_environment_scripts_only(ros2_laser_scan_matcher)
[1.708s] Level 1:colcon.colcon_core.environment:checking '/home/orangepi/Robot_Project/AMR_Robot/amr_robot/install/ros2_laser_scan_matcher' for CMake module files
[1.709s] DEBUG:colcon.colcon_core.event_handler.log_command:Invoked command in '/home/orangepi/Robot_Project/AMR_Robot/amr_robot/build/ros2_laser_scan_matcher' returned '0': CMAKE_PREFIX_PATH=/home/orangepi/Robot_Project/AMR_Robot/amr_robot/install/csm:/home/orangepi/Robot_Project/AMR_Robot/amr_robot/install/sllidar_ros2:/home/orangepi/Robot_Project/AMR_Robot/amr_robot/install/ros2_laser_scan_matcher:/home/orangepi/Robot_Project/AMR_Robot/amr_robot/install/rf2o_laser_odometry:/home/orangepi/Robot_Project/AMR_Robot/amr_robot/install/plicp_map_matcher:/home/orangepi/Robot_Project/AMR_Robot/amr_robot/install/laser_filters:/home/orangepi/Robot_Project/AMR_Robot/amr_robot/install/amr_sim_pkg:/home/orangepi/Robot_Project/AMR_Robot/amr_robot/install/amr_reality_pkg:/opt/ros/humble LD_LIBRARY_PATH=/home/orangepi/Robot_Project/AMR_Robot/amr_robot/install/csm/lib:/home/orangepi/Robot_Project/AMR_Robot/amr_robot/install/laser_filters/lib:/opt/ros/humble/opt/rviz_ogre_vendor/lib:/opt/ros/humble/lib/aarch64-linux-gnu:/opt/ros/humble/lib /usr/bin/cmake --install /home/orangepi/Robot_Project/AMR_Robot/amr_robot/build/ros2_laser_scan_matcher
[1.710s] Level 1:colcon.colcon_core.environment:checking '/home/orangepi/Robot_Project/AMR_Robot/amr_robot/install/ros2_laser_scan_matcher' for CMake config files
[1.710s] Level 1:colcon.colcon_core.shell:create_environment_hook('ros2_laser_scan_matcher', 'cmake_prefix_path')
[1.710s] INFO:colcon.colcon_core.shell:Creating environment hook '/home/orangepi/Robot_Project/AMR_Robot/amr_robot/install/ros2_laser_scan_matcher/share/ros2_laser_scan_matcher/hook/cmake_prefix_path.ps1'
[1.711s] INFO:colcon.colcon_core.shell:Creating environment descriptor '/home/orangepi/Robot_Project/AMR_Robot/amr_robot/install/ros2_laser_scan_matcher/share/ros2_laser_scan_matcher/hook/cmake_prefix_path.dsv'
[1.712s] INFO:colcon.colcon_core.shell:Creating environment hook '/home/orangepi/Robot_Project/AMR_Robot/amr_robot/install/ros2_laser_scan_matcher/share/ros2_laser_scan_matcher/hook/cmake_prefix_path.sh'
[1.713s] Level 1:colcon.colcon_core.environment:checking '/home/orangepi/Robot_Project/AMR_Robot/amr_robot/install/ros2_laser_scan_matcher/lib'
[1.713s] Level 1:colcon.colcon_core.environment:checking '/home/orangepi/Robot_Project/AMR_Robot/amr_robot/install/ros2_laser_scan_matcher/bin'
[1.713s] Level 1:colcon.colcon_core.environment:checking '/home/orangepi/Robot_Project/AMR_Robot/amr_robot/install/ros2_laser_scan_matcher/lib/pkgconfig/ros2_laser_scan_matcher.pc'
[1.713s] Level 1:colcon.colcon_core.environment:checking '/home/orangepi/Robot_Project/AMR_Robot/amr_robot/install/ros2_laser_scan_matcher/lib/python3.10/site-packages'
[1.714s] Level 1:colcon.colcon_core.environment:checking '/home/orangepi/Robot_Project/AMR_Robot/amr_robot/install/ros2_laser_scan_matcher/bin'
[1.715s] INFO:colcon.colcon_core.shell:Creating package script '/home/orangepi/Robot_Project/AMR_Robot/amr_robot/install/ros2_laser_scan_matcher/share/ros2_laser_scan_matcher/package.ps1'
[1.716s] INFO:colcon.colcon_core.shell:Creating package descriptor '/home/orangepi/Robot_Project/AMR_Robot/amr_robot/install/ros2_laser_scan_matcher/share/ros2_laser_scan_matcher/package.dsv'
[1.716s] INFO:colcon.colcon_core.shell:Creating package script '/home/orangepi/Robot_Project/AMR_Robot/amr_robot/install/ros2_laser_scan_matcher/share/ros2_laser_scan_matcher/package.sh'
[1.717s] INFO:colcon.colcon_core.shell:Creating package script '/home/orangepi/Robot_Project/AMR_Robot/amr_robot/install/ros2_laser_scan_matcher/share/ros2_laser_scan_matcher/package.bash'
[1.718s] INFO:colcon.colcon_core.shell:Creating package script '/home/orangepi/Robot_Project/AMR_Robot/amr_robot/install/ros2_laser_scan_matcher/share/ros2_laser_scan_matcher/package.zsh'
[1.718s] Level 1:colcon.colcon_core.environment:create_file_with_runtime_dependencies(/home/orangepi/Robot_Project/AMR_Robot/amr_robot/install/ros2_laser_scan_matcher/share/colcon-core/packages/ros2_laser_scan_matcher)
[1.719s] Level 1:colcon.colcon_core.environment:create_environment_scripts_only(ros2_laser_scan_matcher)
[1.720s] Level 1:colcon.colcon_core.environment:checking '/home/orangepi/Robot_Project/AMR_Robot/amr_robot/install/ros2_laser_scan_matcher' for CMake module files
[1.720s] Level 1:colcon.colcon_core.environment:checking '/home/orangepi/Robot_Project/AMR_Robot/amr_robot/install/ros2_laser_scan_matcher' for CMake config files
[1.721s] Level 1:colcon.colcon_core.shell:create_environment_hook('ros2_laser_scan_matcher', 'cmake_prefix_path')
[1.721s] INFO:colcon.colcon_core.shell:Creating environment hook '/home/orangepi/Robot_Project/AMR_Robot/amr_robot/install/ros2_laser_scan_matcher/share/ros2_laser_scan_matcher/hook/cmake_prefix_path.ps1'
[1.722s] INFO:colcon.colcon_core.shell:Creating environment descriptor '/home/orangepi/Robot_Project/AMR_Robot/amr_robot/install/ros2_laser_scan_matcher/share/ros2_laser_scan_matcher/hook/cmake_prefix_path.dsv'
[1.722s] INFO:colcon.colcon_core.shell:Creating environment hook '/home/orangepi/Robot_Project/AMR_Robot/amr_robot/install/ros2_laser_scan_matcher/share/ros2_laser_scan_matcher/hook/cmake_prefix_path.sh'
[1.723s] Level 1:colcon.colcon_core.environment:checking '/home/orangepi/Robot_Project/AMR_Robot/amr_robot/install/ros2_laser_scan_matcher/lib'
[1.723s] Level 1:colcon.colcon_core.environment:checking '/home/orangepi/Robot_Project/AMR_Robot/amr_robot/install/ros2_laser_scan_matcher/bin'
[1.723s] Level 1:colcon.colcon_core.environment:checking '/home/orangepi/Robot_Project/AMR_Robot/amr_robot/install/ros2_laser_scan_matcher/lib/pkgconfig/ros2_laser_scan_matcher.pc'
[1.724s] Level 1:colcon.colcon_core.environment:checking '/home/orangepi/Robot_Project/AMR_Robot/amr_robot/install/ros2_laser_scan_matcher/lib/python3.10/site-packages'
[1.724s] Level 1:colcon.colcon_core.environment:checking '/home/orangepi/Robot_Project/AMR_Robot/amr_robot/install/ros2_laser_scan_matcher/bin'
[1.724s] INFO:colcon.colcon_core.shell:Creating package script '/home/orangepi/Robot_Project/AMR_Robot/amr_robot/install/ros2_laser_scan_matcher/share/ros2_laser_scan_matcher/package.ps1'
[1.725s] INFO:colcon.colcon_core.shell:Creating package descriptor '/home/orangepi/Robot_Project/AMR_Robot/amr_robot/install/ros2_laser_scan_matcher/share/ros2_laser_scan_matcher/package.dsv'
[1.726s] INFO:colcon.colcon_core.shell:Creating package script '/home/orangepi/Robot_Project/AMR_Robot/amr_robot/install/ros2_laser_scan_matcher/share/ros2_laser_scan_matcher/package.sh'
[1.727s] INFO:colcon.colcon_core.shell:Creating package script '/home/orangepi/Robot_Project/AMR_Robot/amr_robot/install/ros2_laser_scan_matcher/share/ros2_laser_scan_matcher/package.bash'
[1.727s] INFO:colcon.colcon_core.shell:Creating package script '/home/orangepi/Robot_Project/AMR_Robot/amr_robot/install/ros2_laser_scan_matcher/share/ros2_laser_scan_matcher/package.zsh'
[1.728s] Level 1:colcon.colcon_core.environment:create_file_with_runtime_dependencies(/home/orangepi/Robot_Project/AMR_Robot/amr_robot/install/ros2_laser_scan_matcher/share/colcon-core/packages/ros2_laser_scan_matcher)
[1.730s] Level 1:colcon.colcon_core.environment:create_environment_scripts_only(plicp_map_matcher)
[1.732s] Level 1:colcon.colcon_core.environment:checking '/home/orangepi/Robot_Project/AMR_Robot/amr_robot/install/plicp_map_matcher' for CMake module files
[1.733s] DEBUG:colcon.colcon_core.event_handler.log_command:Invoked command in '/home/orangepi/Robot_Project/AMR_Robot/amr_robot/build/plicp_map_matcher' returned '0': CMAKE_PREFIX_PATH=/home/orangepi/Robot_Project/AMR_Robot/amr_robot/install/csm:/home/orangepi/Robot_Project/AMR_Robot/amr_robot/install/sllidar_ros2:/home/orangepi/Robot_Project/AMR_Robot/amr_robot/install/ros2_laser_scan_matcher:/home/orangepi/Robot_Project/AMR_Robot/amr_robot/install/rf2o_laser_odometry:/home/orangepi/Robot_Project/AMR_Robot/amr_robot/install/plicp_map_matcher:/home/orangepi/Robot_Project/AMR_Robot/amr_robot/install/laser_filters:/home/orangepi/Robot_Project/AMR_Robot/amr_robot/install/amr_sim_pkg:/home/orangepi/Robot_Project/AMR_Robot/amr_robot/install/amr_reality_pkg:/opt/ros/humble LD_LIBRARY_PATH=/home/orangepi/Robot_Project/AMR_Robot/amr_robot/install/csm/lib:/home/orangepi/Robot_Project/AMR_Robot/amr_robot/install/laser_filters/lib:/opt/ros/humble/opt/rviz_ogre_vendor/lib:/opt/ros/humble/lib/aarch64-linux-gnu:/opt/ros/humble/lib /usr/bin/cmake --install /home/orangepi/Robot_Project/AMR_Robot/amr_robot/build/plicp_map_matcher
[1.735s] Level 1:colcon.colcon_core.environment:checking '/home/orangepi/Robot_Project/AMR_Robot/amr_robot/install/plicp_map_matcher' for CMake config files
[1.738s] Level 1:colcon.colcon_core.shell:create_environment_hook('plicp_map_matcher', 'cmake_prefix_path')
[1.739s] INFO:colcon.colcon_core.shell:Creating environment hook '/home/orangepi/Robot_Project/AMR_Robot/amr_robot/install/plicp_map_matcher/share/plicp_map_matcher/hook/cmake_prefix_path.ps1'
[1.742s] INFO:colcon.colcon_core.shell:Creating environment descriptor '/home/orangepi/Robot_Project/AMR_Robot/amr_robot/install/plicp_map_matcher/share/plicp_map_matcher/hook/cmake_prefix_path.dsv'
[1.743s] INFO:colcon.colcon_core.shell:Creating environment hook '/home/orangepi/Robot_Project/AMR_Robot/amr_robot/install/plicp_map_matcher/share/plicp_map_matcher/hook/cmake_prefix_path.sh'
[1.746s] Level 1:colcon.colcon_core.environment:checking '/home/orangepi/Robot_Project/AMR_Robot/amr_robot/install/plicp_map_matcher/lib'
[1.747s] Level 1:colcon.colcon_core.environment:checking '/home/orangepi/Robot_Project/AMR_Robot/amr_robot/install/plicp_map_matcher/bin'
[1.747s] Level 1:colcon.colcon_core.environment:checking '/home/orangepi/Robot_Project/AMR_Robot/amr_robot/install/plicp_map_matcher/lib/pkgconfig/plicp_map_matcher.pc'
[1.747s] Level 1:colcon.colcon_core.environment:checking '/home/orangepi/Robot_Project/AMR_Robot/amr_robot/install/plicp_map_matcher/lib/python3.10/site-packages'
[1.748s] Level 1:colcon.colcon_core.environment:checking '/home/orangepi/Robot_Project/AMR_Robot/amr_robot/install/plicp_map_matcher/bin'
[1.749s] INFO:colcon.colcon_core.shell:Creating package script '/home/orangepi/Robot_Project/AMR_Robot/amr_robot/install/plicp_map_matcher/share/plicp_map_matcher/package.ps1'
[1.751s] INFO:colcon.colcon_core.shell:Creating package descriptor '/home/orangepi/Robot_Project/AMR_Robot/amr_robot/install/plicp_map_matcher/share/plicp_map_matcher/package.dsv'
[1.751s] INFO:colcon.colcon_core.shell:Creating package script '/home/orangepi/Robot_Project/AMR_Robot/amr_robot/install/plicp_map_matcher/share/plicp_map_matcher/package.sh'
[1.753s] INFO:colcon.colcon_core.shell:Creating package script '/home/orangepi/Robot_Project/AMR_Robot/amr_robot/install/plicp_map_matcher/share/plicp_map_matcher/package.bash'
[1.753s] INFO:colcon.colcon_core.shell:Creating package script '/home/orangepi/Robot_Project/AMR_Robot/amr_robot/install/plicp_map_matcher/share/plicp_map_matcher/package.zsh'
[1.754s] Level 1:colcon.colcon_core.environment:create_file_with_runtime_dependencies(/home/orangepi/Robot_Project/AMR_Robot/amr_robot/install/plicp_map_matcher/share/colcon-core/packages/plicp_map_matcher)
[1.755s] Level 1:colcon.colcon_core.environment:create_environment_scripts_only(plicp_map_matcher)
[1.756s] Level 1:colcon.colcon_core.environment:checking '/home/orangepi/Robot_Project/AMR_Robot/amr_robot/install/plicp_map_matcher' for CMake module files
[1.757s] Level 1:colcon.colcon_core.environment:checking '/home/orangepi/Robot_Project/AMR_Robot/amr_robot/install/plicp_map_matcher' for CMake config files
[1.758s] Level 1:colcon.colcon_core.shell:create_environment_hook('plicp_map_matcher', 'cmake_prefix_path')
[1.758s] INFO:colcon.colcon_core.shell:Creating environment hook '/home/orangepi/Robot_Project/AMR_Robot/amr_robot/install/plicp_map_matcher/share/plicp_map_matcher/hook/cmake_prefix_path.ps1'
[1.759s] INFO:colcon.colcon_core.shell:Creating environment descriptor '/home/orangepi/Robot_Project/AMR_Robot/amr_robot/install/plicp_map_matcher/share/plicp_map_matcher/hook/cmake_prefix_path.dsv'
[1.760s] INFO:colcon.colcon_core.shell:Creating environment hook '/home/orangepi/Robot_Project/AMR_Robot/amr_robot/install/plicp_map_matcher/share/plicp_map_matcher/hook/cmake_prefix_path.sh'
[1.761s] Level 1:colcon.colcon_core.environment:checking '/home/orangepi/Robot_Project/AMR_Robot/amr_robot/install/plicp_map_matcher/lib'
[1.761s] Level 1:colcon.colcon_core.environment:checking '/home/orangepi/Robot_Project/AMR_Robot/amr_robot/install/plicp_map_matcher/bin'
[1.761s] Level 1:colcon.colcon_core.environment:checking '/home/orangepi/Robot_Project/AMR_Robot/amr_robot/install/plicp_map_matcher/lib/pkgconfig/plicp_map_matcher.pc'
[1.762s] Level 1:colcon.colcon_core.environment:checking '/home/orangepi/Robot_Project/AMR_Robot/amr_robot/install/plicp_map_matcher/lib/python3.10/site-packages'
[1.762s] Level 1:colcon.colcon_core.environment:checking '/home/orangepi/Robot_Project/AMR_Robot/amr_robot/install/plicp_map_matcher/bin'
[1.763s] INFO:colcon.colcon_core.shell:Creating package script '/home/orangepi/Robot_Project/AMR_Robot/amr_robot/install/plicp_map_matcher/share/plicp_map_matcher/package.ps1'
[1.764s] INFO:colcon.colcon_core.shell:Creating package descriptor '/home/orangepi/Robot_Project/AMR_Robot/amr_robot/install/plicp_map_matcher/share/plicp_map_matcher/package.dsv'
[1.765s] INFO:colcon.colcon_core.shell:Creating package script '/home/orangepi/Robot_Project/AMR_Robot/amr_robot/install/plicp_map_matcher/share/plicp_map_matcher/package.sh'
[1.766s] INFO:colcon.colcon_core.shell:Creating package script '/home/orangepi/Robot_Project/AMR_Robot/amr_robot/install/plicp_map_matcher/share/plicp_map_matcher/package.bash'
[1.766s] INFO:colcon.colcon_core.shell:Creating package script '/home/orangepi/Robot_Project/AMR_Robot/amr_robot/install/plicp_map_matcher/share/plicp_map_matcher/package.zsh'
[1.767s] Level 1:colcon.colcon_core.environment:create_file_with_runtime_dependencies(/home/orangepi/Robot_Project/AMR_Robot/amr_robot/install/plicp_map_matcher/share/colcon-core/packages/plicp_map_matcher)
[2.521s] DEBUG:colcon.colcon_core.event_handler.log_command:Invoked command in '/home/orangepi/Robot_Project/AMR_Robot/amr_robot/build/amr_reality_pkg' returned '0': CMAKE_PREFIX_PATH=${CMAKE_PREFIX_PATH}:/opt/ros/humble /usr/bin/cmake --build /home/orangepi/Robot_Project/AMR_Robot/amr_robot/build/amr_reality_pkg -- -j8 -l8
[2.528s] DEBUG:colcon.colcon_core.event_handler.log_command:Invoking command in '/home/orangepi/Robot_Project/AMR_Robot/amr_robot/build/amr_reality_pkg': CMAKE_PREFIX_PATH=${CMAKE_PREFIX_PATH}:/opt/ros/humble /usr/bin/cmake --install /home/orangepi/Robot_Project/AMR_Robot/amr_robot/build/amr_reality_pkg
[2.828s] Level 1:colcon.colcon_core.environment:create_environment_scripts_only(amr_reality_pkg)
[2.829s] Level 1:colcon.colcon_core.environment:checking '/home/orangepi/Robot_Project/AMR_Robot/amr_robot/install/amr_reality_pkg' for CMake module files
[2.832s] DEBUG:colcon.colcon_core.event_handler.log_command:Invoked command in '/home/orangepi/Robot_Project/AMR_Robot/amr_robot/build/amr_reality_pkg' returned '0': CMAKE_PREFIX_PATH=${CMAKE_PREFIX_PATH}:/opt/ros/humble /usr/bin/cmake --install /home/orangepi/Robot_Project/AMR_Robot/amr_robot/build/amr_reality_pkg
[2.834s] Level 1:colcon.colcon_core.environment:checking '/home/orangepi/Robot_Project/AMR_Robot/amr_robot/install/amr_reality_pkg' for CMake config files
[2.835s] Level 1:colcon.colcon_core.shell:create_environment_hook('amr_reality_pkg', 'cmake_prefix_path')
[2.837s] INFO:colcon.colcon_core.shell:Creating environment hook '/home/orangepi/Robot_Project/AMR_Robot/amr_robot/install/amr_reality_pkg/share/amr_reality_pkg/hook/cmake_prefix_path.ps1'
[2.839s] INFO:colcon.colcon_core.shell:Creating environment descriptor '/home/orangepi/Robot_Project/AMR_Robot/amr_robot/install/amr_reality_pkg/share/amr_reality_pkg/hook/cmake_prefix_path.dsv'
[2.841s] INFO:colcon.colcon_core.shell:Creating environment hook '/home/orangepi/Robot_Project/AMR_Robot/amr_robot/install/amr_reality_pkg/share/amr_reality_pkg/hook/cmake_prefix_path.sh'
[2.843s] Level 1:colcon.colcon_core.environment:checking '/home/orangepi/Robot_Project/AMR_Robot/amr_robot/install/amr_reality_pkg/lib'
[2.844s] Level 1:colcon.colcon_core.environment:checking '/home/orangepi/Robot_Project/AMR_Robot/amr_robot/install/amr_reality_pkg/bin'
[2.844s] Level 1:colcon.colcon_core.environment:checking '/home/orangepi/Robot_Project/AMR_Robot/amr_robot/install/amr_reality_pkg/lib/pkgconfig/amr_reality_pkg.pc'
[2.845s] Level 1:colcon.colcon_core.environment:checking '/home/orangepi/Robot_Project/AMR_Robot/amr_robot/install/amr_reality_pkg/lib/python3.10/site-packages'
[2.847s] Level 1:colcon.colcon_core.environment:checking '/home/orangepi/Robot_Project/AMR_Robot/amr_robot/install/amr_reality_pkg/bin'
[2.848s] INFO:colcon.colcon_core.shell:Creating package script '/home/orangepi/Robot_Project/AMR_Robot/amr_robot/install/amr_reality_pkg/share/amr_reality_pkg/package.ps1'
[2.851s] INFO:colcon.colcon_core.shell:Creating package descriptor '/home/orangepi/Robot_Project/AMR_Robot/amr_robot/install/amr_reality_pkg/share/amr_reality_pkg/package.dsv'
[2.852s] INFO:colcon.colcon_core.shell:Creating package script '/home/orangepi/Robot_Project/AMR_Robot/amr_robot/install/amr_reality_pkg/share/amr_reality_pkg/package.sh'
[2.854s] INFO:colcon.colcon_core.shell:Creating package script '/home/orangepi/Robot_Project/AMR_Robot/amr_robot/install/amr_reality_pkg/share/amr_reality_pkg/package.bash'
[2.856s] INFO:colcon.colcon_core.shell:Creating package script '/home/orangepi/Robot_Project/AMR_Robot/amr_robot/install/amr_reality_pkg/share/amr_reality_pkg/package.zsh'
[2.857s] Level 1:colcon.colcon_core.environment:create_file_with_runtime_dependencies(/home/orangepi/Robot_Project/AMR_Robot/amr_robot/install/amr_reality_pkg/share/colcon-core/packages/amr_reality_pkg)
[2.860s] Level 1:colcon.colcon_core.environment:create_environment_scripts_only(amr_reality_pkg)
[2.861s] Level 1:colcon.colcon_core.environment:checking '/home/orangepi/Robot_Project/AMR_Robot/amr_robot/install/amr_reality_pkg' for CMake module files
[2.863s] Level 1:colcon.colcon_core.environment:checking '/home/orangepi/Robot_Project/AMR_Robot/amr_robot/install/amr_reality_pkg' for CMake config files
[2.864s] Level 1:colcon.colcon_core.shell:create_environment_hook('amr_reality_pkg', 'cmake_prefix_path')
[2.865s] INFO:colcon.colcon_core.shell:Creating environment hook '/home/orangepi/Robot_Project/AMR_Robot/amr_robot/install/amr_reality_pkg/share/amr_reality_pkg/hook/cmake_prefix_path.ps1'
[2.867s] INFO:colcon.colcon_core.shell:Creating environment descriptor '/home/orangepi/Robot_Project/AMR_Robot/amr_robot/install/amr_reality_pkg/share/amr_reality_pkg/hook/cmake_prefix_path.dsv'
[2.868s] INFO:colcon.colcon_core.shell:Creating environment hook '/home/orangepi/Robot_Project/AMR_Robot/amr_robot/install/amr_reality_pkg/share/amr_reality_pkg/hook/cmake_prefix_path.sh'
[2.870s] Level 1:colcon.colcon_core.environment:checking '/home/orangepi/Robot_Project/AMR_Robot/amr_robot/install/amr_reality_pkg/lib'
[2.870s] Level 1:colcon.colcon_core.environment:checking '/home/orangepi/Robot_Project/AMR_Robot/amr_robot/install/amr_reality_pkg/bin'
[2.871s] Level 1:colcon.colcon_core.environment:checking '/home/orangepi/Robot_Project/AMR_Robot/amr_robot/install/amr_reality_pkg/lib/pkgconfig/amr_reality_pkg.pc'
[2.872s] Level 1:colcon.colcon_core.environment:checking '/home/orangepi/Robot_Project/AMR_Robot/amr_robot/install/amr_reality_pkg/lib/python3.10/site-packages'
[2.873s] Level 1:colcon.colcon_core.environment:checking '/home/orangepi/Robot_Project/AMR_Robot/amr_robot/install/amr_reality_pkg/bin'
[2.875s] INFO:colcon.colcon_core.shell:Creating package script '/home/orangepi/Robot_Project/AMR_Robot/amr_robot/install/amr_reality_pkg/share/amr_reality_pkg/package.ps1'
[2.877s] INFO:colcon.colcon_core.shell:Creating package descriptor '/home/orangepi/Robot_Project/AMR_Robot/amr_robot/install/amr_reality_pkg/share/amr_reality_pkg/package.dsv'
[2.879s] INFO:colcon.colcon_core.shell:Creating package script '/home/orangepi/Robot_Project/AMR_Robot/amr_robot/install/amr_reality_pkg/share/amr_reality_pkg/package.sh'
[2.881s] INFO:colcon.colcon_core.shell:Creating package script '/home/orangepi/Robot_Project/AMR_Robot/amr_robot/install/amr_reality_pkg/share/amr_reality_pkg/package.bash'
[2.883s] INFO:colcon.colcon_core.shell:Creating package script '/home/orangepi/Robot_Project/AMR_Robot/amr_robot/install/amr_reality_pkg/share/amr_reality_pkg/package.zsh'
[2.884s] Level 1:colcon.colcon_core.environment:create_file_with_runtime_dependencies(/home/orangepi/Robot_Project/AMR_Robot/amr_robot/install/amr_reality_pkg/share/colcon-core/packages/amr_reality_pkg)
[2.885s] DEBUG:colcon.colcon_parallel_executor.executor.parallel:closing loop
[2.886s] DEBUG:colcon.colcon_parallel_executor.executor.parallel:loop closed
[2.886s] DEBUG:colcon.colcon_parallel_executor.executor.parallel:run_until_complete finished with '0'
[2.887s] DEBUG:colcon.colcon_core.event_reactor:joining thread
[2.890s] DEBUG:colcon.colcon_core.event_reactor:joined thread
[2.891s] INFO:colcon.colcon_core.shell:Creating prefix script '/home/orangepi/Robot_Project/AMR_Robot/amr_robot/install/local_setup.ps1'
[2.894s] INFO:colcon.colcon_core.shell:Creating prefix util module '/home/orangepi/Robot_Project/AMR_Robot/amr_robot/install/_local_setup_util_ps1.py'
[2.897s] INFO:colcon.colcon_core.shell:Creating prefix chain script '/home/orangepi/Robot_Project/AMR_Robot/amr_robot/install/setup.ps1'
[2.902s] INFO:colcon.colcon_core.shell:Creating prefix script '/home/orangepi/Robot_Project/AMR_Robot/amr_robot/install/local_setup.sh'
[2.904s] INFO:colcon.colcon_core.shell:Creating prefix util module '/home/orangepi/Robot_Project/AMR_Robot/amr_robot/install/_local_setup_util_sh.py'
[2.905s] INFO:colcon.colcon_core.shell:Creating prefix chain script '/home/orangepi/Robot_Project/AMR_Robot/amr_robot/install/setup.sh'
[2.908s] INFO:colcon.colcon_core.shell:Creating prefix script '/home/orangepi/Robot_Project/AMR_Robot/amr_robot/install/local_setup.bash'
[2.909s] INFO:colcon.colcon_core.shell:Creating prefix chain script '/home/orangepi/Robot_Project/AMR_Robot/amr_robot/install/setup.bash'
[2.911s] INFO:colcon.colcon_core.shell:Creating prefix script '/home/orangepi/Robot_Project/AMR_Robot/amr_robot/install/local_setup.zsh'
[2.912s] INFO:colcon.colcon_core.shell:Creating prefix chain script '/home/orangepi/Robot_Project/AMR_Robot/amr_robot/install/setup.zsh'
